N,P,K,Temp,Humidity,pH,Rainfall,Soil_temp,Soil_moisture,Crop
51.3,44.7,20.1,35.4,83,5.71,2124.4,26.4,75.6,Rice
43.6,30.1,34.5,31.7,56.9,6.22,2032.7,28.5,83.7,Rice
28.9,21.3,52.5,29.2,76.5,6.28,2484.7,23.6,84.4,Rice
72.8,59.7,10,29.9,89.6,6,1793.4,29.1,93.8,Rice
51.5,56.8,38.7,23.1,96.8,7.41,1848.6,29.5,74.7,Rice
62.3,70.9,47.1,30.5,80.9,5.81,1622.1,25.2,69.5,Rice
56.6,71,17.1,32.8,82.3,6.59,1985.8,29.8,64.9,Rice
43.4,79.5,40.3,26.3,88.3,6.13,2043.8,28.9,61.2,Rice
27.4,56.8,43.1,37,62.5,6,2210.2,32,78.4,Rice
10,61,28,31,80,7.5,1585.2,27.6,83.8,Rice
54,45.6,47,34.3,87.5,6.65,1845.7,33,86.5,Rice
46.2,44,43.9,23.4,70.4,6.5,1516.2,32.9,78.3,Rice
15.1,55.7,53.2,32.4,67.2,6.5,1838.9,28.2,90.3,Rice
39.1,42.4,28,32.7,82.9,6.44,2479.3,26.9,93.2,Rice
25.3,58,10,32.6,82.2,6.73,2246.1,25.4,83.3,Rice
21.7,50.4,25,29.4,67.9,7.27,1894.6,24.7,71.9,Rice
18.5,33.7,22.5,23.6,61.9,7.4,1981.3,30.1,78.2,Rice
24.7,33,14.3,31,78.8,7.01,1893.2,27.2,70.6,Rice
38,70.7,25.3,28.9,78.3,7.41,2097.4,27.9,81.8,Rice
86.7,54.9,23,30.8,86,7.2,1713.3,31.4,72.8,Rice
76.1,56.7,31.1,30.6,81.4,6.24,1989.8,25,73.5,Rice
59.3,43.1,28.4,28.5,80.9,7.18,1618.9,25.6,81.6,Rice
84.9,85.7,24.2,33.1,93.1,6.73,1719.3,27.2,68.2,Rice
33.7,53,53.8,27.8,84.4,6.27,2423,31.7,80.6,Rice
32.4,40.7,28.3,31.1,92.6,6.36,2107.7,26.7,96.3,Rice
100,52,10,30.3,83.6,6.59,2154,26,66.1,Rice
48.1,48,15.4,30.1,95.4,6.66,2178,32,78.1,Rice
58.5,60.5,23,26.1,84.7,6.02,2497,26.3,86.6,Rice
42,71.9,22.6,28.2,89,6.35,2070,31.2,69.7,Rice
83.7,37.6,50.1,32.8,61.3,6.82,1639.7,32.6,90.8,Rice
41.1,47.9,19.8,28.6,98.9,6.37,1647.8,25.5,83.9,Rice
67,38.1,20.4,32.1,86.3,5.96,1998.5,33.5,81.3,Rice
64.3,35.5,36.3,24.1,75.8,5.91,1752.5,28.7,100,Rice
47.2,35.3,47.9,30.5,73.9,6.56,2076.8,32.4,81.4,Rice
43.7,62.6,10,27.2,94.7,7.33,1927.8,27.6,81.8,Rice
67.8,28.3,42.2,32.3,93.2,6.18,2642.6,28.7,71.6,Rice
36.6,54,35.6,26.5,97.7,5.94,2139.6,23.8,82.9,Rice
10,50.6,43,29.2,81.3,6.35,2067.4,29.1,90,Rice
83.2,40.6,40.1,28.2,90.7,7.01,2380.9,31,75.8,Rice
29.1,36.3,11.8,37,86.5,7.03,2127.6,20.6,71.8,Rice
83.9,32.9,41.1,32.5,92.6,6.89,1957.7,28.5,90.7,Rice
33.2,35.8,44.6,29,82.5,6.7,1901.3,25,65.1,Rice
10,94.1,10,29.6,81.1,5.98,2366.2,31,95.7,Rice
31.6,59.7,37.9,30.4,81.4,7.1,2113.3,30,75.4,Rice
48.5,34.3,22,27.1,80,6.97,2173.3,23.2,78.5,Rice
82.6,45,10,31,90.1,6.72,1922.9,29.5,86.5,Rice
67.6,60.8,28.4,33.1,100,7.31,1941.4,28.8,83.2,Rice
39.3,44.1,29.7,32,85.8,6.1,1759.7,30.3,100,Rice
45.6,59.4,30.1,30.2,69.9,6.08,1660.2,28.7,91.1,Rice
54.3,45.7,36.9,31,80.8,6.33,1833.4,30.9,85.7,Rice
67,62.3,24.4,28.4,70,6.29,2033.2,21.8,91.1,Rice
61.2,15.5,10,32.3,73.2,6.12,1736.8,29.5,84.1,Rice
19.9,66.7,23.4,37,92.7,6.2,2439.8,26.4,77,Rice
30.3,62.8,26.8,30.8,79.3,6.59,2064.1,26.6,62.7,Rice
57.6,55.7,63,33,82.7,6.43,1937.3,28.9,81.7,Rice
35.8,64.2,70,29.7,76.2,6.2,2072.1,25.7,94.9,Rice
50,44.4,10,26.7,83.6,6.39,2228.3,23.8,74.8,Rice
75,31.7,47.4,32.6,64.2,6.7,1692.2,25.2,100,Rice
50.3,44.6,40.2,25.8,75.1,6.71,2223.8,30.2,63,Rice
84.1,41.7,30.1,27.7,82.4,6.71,1354.4,25.8,91.8,Rice
47,78.1,37.3,29.8,88.2,6.33,2043.9,32.2,82.7,Rice
64.6,51.7,10,30.4,70.1,6.22,1955.7,22.3,64.6,Rice
34.1,37.8,41.3,26.8,90.1,7.01,2099.4,27.6,100,Rice
59.1,49.1,19.9,27.4,77.3,5.83,2113,28.9,77.9,Rice
86.8,53.8,52.4,30.5,75.5,6.01,1938.8,26.9,88.2,Rice
10,68.5,22.6,29.2,72.4,6.66,1385.5,21.6,73.6,Rice
78.8,40.5,23.1,24.9,81,6.5,2324.5,28.8,73,Rice
63.7,56.7,40,28.5,92.1,6.78,1965.1,28.5,89.6,Rice
54.6,57.1,35.9,30.2,100,7.38,1603.3,26.5,89.2,Rice
45.3,51.2,18.2,25.1,74.5,7.5,1699.3,29.2,88.1,Rice
22.9,42,33.5,27.8,83.1,6.25,2142.6,28.3,76.8,Rice
34.6,34.1,12.2,25.6,63.9,6.78,1979.1,22.2,100,Rice
66.5,54.6,10,27.4,90.5,7.17,1826.2,29.5,87.4,Rice
87.3,46.3,54.1,28.5,74.5,6.31,1625,30,62.8,Rice
63.3,39.3,29.8,28.8,77.3,6.13,2407.8,27.4,93.7,Rice
45.5,40.7,27.8,21.7,84.4,5.9,1871.1,29.5,88.1,Rice
65.3,50.7,27.2,31.4,71.6,6.29,2203.1,28.4,50.2,Rice
52.2,49.3,10,27,68.3,6.3,2125.2,29.8,83.1,Rice
45.1,49.1,31.2,32.8,68.4,7.5,2597.6,29.2,76.3,Rice
33.1,57.9,10,28.6,86.1,6.36,3000,31.1,91.9,Rice
59.3,29.7,36.5,31.8,80.5,6.93,2154.9,36.3,85.6,Rice
66.7,53.6,32.2,27.2,75.3,5.66,1772.5,26.3,89.3,Rice
16.6,49.9,11.5,24.2,86,6.86,2110.2,24.8,72.2,Rice
76.3,56.1,66.8,30.5,68.6,6.67,2014.6,26.4,87.1,Rice
46.2,47.2,44,33.7,83,7.14,1719.4,24.4,75.7,Rice
46.7,33.9,22.8,24.6,61.9,6.59,2603.2,29,70.4,Rice
100,61.5,48,28.7,70.4,6.33,2343.1,25.7,84.7,Rice
18.2,67.2,10,24.5,92.3,6.66,2652.8,24.3,72.5,Rice
45.2,100,19.6,23.4,82.6,6.35,1343.7,30.5,85.9,Rice
10,54.9,24,29.6,73.5,7.05,2449.7,31.6,77.5,Rice
78.9,48.5,35.2,30.9,83.5,6.17,1926.6,27.5,89.6,Rice
87.6,18.8,34.3,33.4,91.1,5.62,1244.7,25.4,76.2,Rice
63,72,19.1,26.1,85,7.3,2094,22.8,92.6,Rice
64.2,56.2,22.2,26.9,88.6,6.44,1622.2,31.8,68,Rice
31.6,41.4,14,33.3,72.3,6.27,2017.6,25.5,82.8,Rice
26.9,54.6,40.5,31.9,78.6,6.98,1975.7,26.5,83.1,Rice
75.1,76,23.5,32.5,65.8,6.49,2567.5,30.5,74.2,Rice
13.9,62.1,10,26.8,77,5.93,2064.1,27,67.7,Rice
71.3,51.3,70,32.9,62.9,6.33,1713.6,26.3,90.1,Rice
35.1,56.5,57.1,34.2,81.1,6.77,2051,23.2,90.7,Rice
31.3,45,16.6,28.6,94.2,6.04,2037.5,27,81,Rice
95.7,71.4,35.2,30.2,76.8,6.23,1498.4,28.1,82,Rice
17.7,28.4,15,31.1,81.3,5.63,2828.6,23.2,72.4,Rice
10,55,33.9,28,76.6,6.28,1829.6,27.9,80.2,Rice
50.7,82.9,14.1,26.6,80.7,6.75,1791.6,27.2,89.6,Rice
47.6,49.9,10,27.1,85.2,5.93,2333.2,29.1,73.7,Rice
63.2,69.3,26.9,33.6,76.3,7.11,2474.8,27.1,77.5,Rice
44.8,56.5,10.6,28.2,72.3,6.83,2052,28.9,71.8,Rice
75.1,38.5,44.6,31.4,50,6.57,1694.2,23.8,85.2,Rice
59.7,52.9,33.9,30.8,69.1,5.97,1265.8,32,91.4,Rice
57.2,57.1,66.1,30.3,64.9,7.11,2821,28.2,73.9,Rice
23.8,47.7,30.9,32.4,77.3,6.62,2070.3,21.7,70.6,Rice
46.8,55.7,30.1,29.6,91.9,6.9,1598.2,32.2,85.8,Rice
47.8,63.1,17.6,33.1,71.1,5.57,2329.4,23.2,59.7,Rice
10.6,61.3,18.5,27.7,78.5,6.54,1741.8,26.2,75.8,Rice
63.2,53.2,33,23.9,78.1,6.55,1747.1,29.5,73.8,Rice
58.5,45.2,10.4,29.9,65.4,5.61,1963.2,27.7,71.3,Rice
41.9,21.1,26.5,33.1,80.7,6.3,1960.4,29.3,85.1,Rice
38.2,55.2,27.7,25.9,86.1,6.5,2377.9,29.8,98.8,Rice
44.6,53.1,23.6,27.8,75.4,5.68,1761.6,27.5,76.1,Rice
34.7,33,13.8,26.3,78.7,5.4,3000,23.6,56.7,Rice
67.6,36.4,14.3,30.5,57.9,6.99,2698.1,27,81.6,Rice
68.1,42.1,34.9,27.4,82.9,7.04,2368.8,23.3,81.4,Rice
58.2,63.9,52.6,33.9,87,6.44,1633.8,30.7,86.1,Rice
69.9,40.7,20.6,34.5,71.2,6.28,1854.7,28.9,74.1,Rice
22.5,27.2,10,37,80.4,6.42,1651.7,25.4,93.3,Rice
31.1,36.5,42.1,26.6,84.9,5.73,1552.6,28.1,79.1,Rice
10,57.4,55.5,33.7,87.4,6.59,1974.2,24,88.3,Rice
45,60.5,34,29.9,98.1,6.67,2061.4,33.6,76.4,Rice
60.8,46.6,38.2,27.6,78.4,7.42,1645.6,32.3,79.3,Rice
10.7,38.2,38.9,31.4,82.8,6.25,2035.4,28.2,87.7,Rice
34.9,52.8,22.4,27.6,91.3,6,1632.4,27.5,96.7,Rice
33.4,27.5,12.5,36.9,63.1,6.68,1740.5,28.4,83,Rice
46.5,55.8,10,34.1,80.8,6.7,2447,31.2,85.3,Rice
50.5,13.5,28,25.5,70.5,6.88,2024.9,24.1,82.5,Rice
33,58.4,18.4,28.4,84.1,7.41,2040.5,25.8,85.4,Rice
59.1,56.1,36.6,31.7,88.8,6.15,1962.8,34.8,77.6,Rice
20.6,46.9,40.1,24,100,7.03,2497.4,26.2,100,Rice
57.6,40.5,30,28.2,76.8,6.43,2119.5,28.4,75.7,Rice
24.4,26.8,58.5,31.1,83.6,5.72,1830.2,28,73.8,Rice
61.8,26.1,40.2,34,95.7,7.29,2373.6,33,99.7,Rice
96.3,56.3,33.5,29,77.5,5.99,1822.4,27.9,58.8,Rice
66.6,46.4,38.5,34.1,86,6.51,2507.9,29,73.2,Rice
81.1,67.9,40.8,29.9,76.5,7.04,1970,31.2,93.5,Rice
64.9,54.3,28,32.8,69,6.7,2101.8,27.6,78,Rice
59.4,55.9,30.9,27.5,78.4,6.84,2060.3,26.7,76.2,Rice
70.9,23.2,47.6,28.9,90.1,6.31,1597.8,28.3,87.5,Rice
63.1,30.7,50.4,30.2,87.9,7.03,2329.8,22.6,84.8,Rice
14.8,35.8,31.2,29.1,68.1,6.34,1706.4,25.1,65.4,Rice
52.4,51,26,30.3,75.8,7.31,2107.1,32.3,75.9,Rice
10,56.4,31.2,28.4,74,5.92,1566.7,25.5,79.7,Rice
34.8,39.1,10,29.8,82.9,6.98,2132.4,30.4,84.9,Rice
40.1,40.7,17.2,35.4,87.8,6.51,1583.3,34.1,76.2,Rice
78,54,40.8,33.1,97,6.79,2031.9,27.1,100,Rice
65.7,40.9,15.9,29.1,74.1,7.49,1574.4,24.3,86.6,Rice
23.8,50.4,51.3,34.3,88.6,5.9,2134.8,24.1,91.9,Rice
41,57.8,31.3,32,71.9,6.49,1824.9,26.6,69.1,Rice
11,35,32.1,29.5,77.9,6.8,2192.5,30.5,99.1,Rice
60.9,43.6,20.8,29.3,77.8,5.68,2363.2,26.7,80.7,Rice
90.8,43.3,20.9,35.7,63.2,6.28,1841.9,29.1,80.1,Rice
68.2,27.2,10,34.4,94.5,6.61,1771.3,27.8,78.6,Rice
61.2,30.4,34.1,28.7,91.4,6.58,2166.8,25.7,80.8,Rice
43.5,64.4,50.8,28.9,72.7,6.47,1170.6,23.7,91.3,Rice
47.9,53.4,12.9,30.9,83.4,6.3,2393.8,25.1,86.5,Rice
53.5,41.9,52.2,30.5,66.1,6.48,1956.9,31,77.7,Rice
76.5,66.1,36.8,22.6,75.9,5.85,2044.5,25.4,93.2,Rice
41.6,34,22,34.7,75,5.29,1503.8,20,61.8,Rice
84.4,60.6,24.3,26.6,98.5,6.13,1760.8,31.9,85.3,Rice
64.4,50,20,29.1,88.4,7.5,1899.6,29.5,79.3,Rice
55.6,49.2,14.9,27.6,86.7,6.76,2125.8,28.3,97.4,Rice
36.7,44.8,23,30.7,66.5,5.64,1651.6,25.8,90.1,Rice
69,53.4,43.2,34.4,70.7,6.18,2223.6,26,87,Rice
71.2,43.7,10,28.1,71.2,7.25,2192.7,28.3,84,Rice
53.4,39,39.3,27.4,80.3,6.4,1524.6,32.3,83.7,Rice
61.2,70,45.8,31.3,82.3,5,2119.1,32,78.7,Rice
27.2,52.9,21.6,28.1,88.1,7.33,1848.2,20,72.9,Rice
48.4,35.2,23.6,33.5,86.8,5.23,2291.4,33.4,64.2,Rice
31.4,59.8,10,31.2,83.5,6.82,2118.6,29.7,61.4,Rice
55,68.9,26.9,26.7,91.3,7.5,1728.4,28.7,84.2,Rice
48.4,60,50.1,33.2,76.1,6.12,2005.1,25.6,75.8,Rice
72.2,54.5,15.3,34.4,82.8,6.98,1915.7,20.4,83.3,Rice
47.4,71.2,43.6,32.3,82.3,5.79,1792.5,27.6,73.1,Rice
39,54.1,23.1,23.5,75.2,6.08,2159.9,25,77.1,Rice
37.6,67.8,25.5,26.6,83.5,5.79,2202.8,24.2,74.5,Rice
43.2,62.8,12.9,31.2,73.1,6.26,1805,23.2,79.4,Rice
39.2,38,39.8,33,92.1,7.5,2282.4,25.8,87.6,Rice
68.4,54.6,38.4,33.7,50,5.91,2292.6,30.8,93.5,Rice
85.9,20.9,13.7,26.5,85.3,6.15,2071.2,24.9,72.2,Rice
10.5,60.2,33.9,28.7,99.4,6.99,2698.9,29.5,65.2,Rice
39.6,69.2,10,30.8,75.3,5.86,1776.2,25.5,70.5,Rice
36.1,60,37.2,30.4,76.6,7.39,2026.8,29.5,77.2,Rice
12.9,60.2,26.6,30.4,80,6.92,2140.4,26.2,96.3,Rice
35.6,67.5,30.7,34.8,100,6.01,2064.3,28.1,63.8,Rice
92,38.6,13.4,28.4,61.7,6.55,1750.8,26.4,71.9,Rice
38.2,44.2,36.6,28.6,91,6.37,1429.2,28.3,89.7,Rice
54.2,59.7,15.1,29.4,84.4,7.19,2369.5,24.1,91.8,Rice
23.4,45.5,10.2,31,72.1,7.5,2176.1,23.5,73.8,Rice
50.1,42.9,11.6,28,77,5.6,1192,21.5,66,Rice
43.6,69.5,10,31.3,79.3,6.54,1859.7,26.2,85,Rice
36.4,45.5,59,28.6,82.4,6.01,2008.7,27.6,71,Rice
29.5,72.9,41,36.9,82.3,5.02,2184.9,26.5,68.1,Rice
16.9,60.5,17.9,25.5,81.5,5.94,2183.4,30.2,98.5,Rice
96.9,41.6,52,28.1,69.9,6.04,2007.6,30.9,85.2,Rice
65.9,59.7,21.4,24.7,82.7,6.28,2029.1,31.3,74.1,Rice
78,40.6,24,33.7,62.8,6.29,1017.5,26.5,88.3,Rice
57.9,47.2,44.4,34.3,94.2,7.5,2069.6,26.4,68.9,Rice
73.1,53.1,13.2,29.5,79.4,6.61,3000,30,65.6,Rice
63.6,54.3,25.5,21,87.8,6.66,2367.7,28.7,100,Rice
37.3,41.7,39.8,26.4,93.3,7.12,2138.1,30.8,87.4,Rice
43.1,35.4,36.5,28.8,77.5,6.47,1785.5,27.5,81.7,Rice
34.3,57.7,10,28.6,95.3,6.78,1379.7,28.2,57.3,Rice
44.5,61.3,25.2,27.4,86.3,6.48,2044.8,32.7,100,Rice
58.2,49.2,27.9,29.5,67.1,7.07,1777.1,27.7,69.2,Rice
54.5,15.3,51.3,33.9,96.5,6.13,2425.2,28.2,68.1,Rice
69.6,69.7,34.1,27.8,78.6,6.85,2248,28.4,92.1,Rice
66.8,54.7,49.8,29.7,82.9,7.09,2093.2,23.6,78.4,Rice
47.4,47.4,26.9,33.5,78.8,6.38,1876.1,26.1,88.3,Rice
53.9,59.9,25.3,37,67.1,6.79,2291.3,34.5,74.8,Rice
49.7,65.4,25.8,35.5,75,5.73,1751.9,27.5,73.8,Rice
84.2,43.2,47.6,34.2,91.2,6.7,2148.7,27.3,82.3,Rice
58.7,32.9,34.3,33.5,73,6.68,2297.7,28,54.7,Rice
35.2,38.3,41.4,22.4,70.9,7,1835.7,26.3,74.9,Rice
68.2,73.8,26.2,23.9,69.1,6.51,1887.9,28.1,79.8,Rice
84.3,54.8,19.5,33.8,92.1,6.32,1778.4,30.6,99.1,Rice
29.7,21,18.4,30.1,79.6,6.32,1367.7,26.4,65,Rice
64.5,67,19.3,25.2,81.6,7.03,2214.3,30.3,75.2,Rice
19.8,40.9,22.2,26.8,77.7,6.31,2152.4,28.8,61.9,Rice
64.4,38.3,45.9,29.3,64.2,7.08,1480.8,26.2,85.2,Rice
53.3,67.6,21,33,87.1,6.74,1862.7,29,70.2,Rice
71.1,27.9,41.3,33.6,79.1,6.34,1738.4,27.4,82.4,Rice
55.6,28.6,45.1,27.5,78.9,6.6,2458.4,26.4,81.7,Rice
55.7,45.9,17.3,24.2,76.8,6.84,2063.4,20.4,76.2,Rice
62.4,70.7,21.2,30.8,81.4,6.94,1785.9,27.3,79.7,Rice
82,52.5,19.2,32.2,70.1,6.29,2070.6,28.2,80.9,Rice
57.7,65.6,60,29.6,76.5,6.6,1801.3,31,65.5,Rice
91.4,52.7,27.2,28,87.1,5.85,2010.3,30.3,75.7,Rice
76.9,47.2,35.3,30.7,71.1,6.74,1512.8,26.5,86.1,Rice
25.3,72.4,24.2,31.1,77.2,6.77,2253.9,26,72.4,Rice
32.2,42.9,35.1,30.3,71,7.09,1748.4,29.8,76.4,Rice
61.6,38,31.5,25,87,6.78,1642.4,27.4,69,Rice
59.5,53.7,21.9,32.8,78.4,5.8,2182,29,63.4,Rice
84.7,43,29,31,70.4,6.3,1699.7,26.6,83.3,Rice
66.3,40.2,46.3,31.4,82.7,7.5,1583.7,32.2,83.5,Rice
39.7,34.9,34.4,28.8,59.2,6.28,1765.4,23.5,89.9,Rice
74.8,71.7,15,31.6,87.8,6.21,2518.8,30.2,70.4,Rice
29.3,38.8,15.8,31.5,70.1,7.19,1989,26.8,74.2,Rice
69,41,37.3,32.2,78,6.14,1987.7,24.4,83.7,Rice
48.3,38.6,10,30,76.5,7.5,2711.5,30.2,82.8,Rice
23.2,58.2,10.5,37,71.5,5.76,2288.2,27.9,100,Rice
51.5,48.9,30.9,34.6,70,6.68,2008.9,30.8,90.2,Rice
41.6,52.3,30.4,30.3,75.4,6.52,1787.8,26.7,69.5,Rice
24.2,73.3,35.2,26.5,67.9,6.87,1587.2,29.6,93.7,Rice
56.9,31.5,27.6,27,73.2,6.44,2082.1,26.4,91.4,Rice
64.2,58.9,14.7,27.8,63.9,7.44,2105.8,24.5,67.1,Rice
65.6,47.2,47.9,31.8,100,6.39,2245.6,27,74.6,Rice
41,51.2,20,27.3,64,6.76,1600.2,29.4,94.2,Rice
31.5,34.8,20.4,25.4,82.2,6.57,2598.9,22.8,71.7,Rice
42.2,38.7,30.1,27.3,84.3,6.69,1693.2,30.4,88.3,Rice
49.3,51.3,11.2,34.4,78.8,5.66,2174.5,24.7,92.6,Rice
54.9,54.2,40.5,32.6,74.2,6.37,2000.3,29.6,78,Rice
50.5,61,27.2,27,73.8,6.67,2421.5,27,79.1,Rice
44.1,19.4,21.3,27.2,59.9,6.59,2119,27.3,71.6,Rice
54.2,30.1,15,29.5,96,6.74,1947.7,24.8,70.9,Rice
34.3,53.2,39.9,34,90.2,6.71,2235,28.1,87.2,Rice
61,51.1,29.2,31.9,76.9,6,2072.2,31.9,87.3,Rice
93.6,41.1,48.3,33.1,84.4,6.74,1718.2,25.5,92.2,Rice
30,46.3,45.2,27.3,84.8,6.67,1857.5,26.6,68.4,Rice
47.1,66.9,24.7,29.3,97.7,6.13,1680.1,30.3,91.6,Rice
64.2,34.9,70,30.4,79.2,6.17,2389.9,30.3,94.3,Rice
43.8,69.4,23.6,31.7,80.5,6.48,1782.9,28.8,96.5,Rice
62.4,24.8,19.5,30.4,89.7,6.78,1978.8,29.6,97.9,Rice
36.5,34.3,51.3,29.9,94.1,6.91,1381.8,25,71.3,Rice
48.5,66.9,40.7,32,76.1,6.26,2252.5,33.2,71.6,Rice
19.5,48.3,37.3,34.6,100,6.61,1638.6,34.9,90.7,Rice
55.8,38.9,35.7,31.7,73.6,7.41,2035,32.5,91.3,Rice
63.4,50.1,27.6,35.7,79,6.75,2252.1,28.8,82.4,Rice
44.8,54.6,36.9,34.7,73.2,6.4,1951.1,25.6,72.3,Rice
54.5,55.4,29.5,31.2,80,7.23,2162.1,26.6,90.1,Rice
59.4,52,35.8,24.7,65.7,6.06,2666.2,28.4,84.6,Rice
73.4,60.3,19.5,31.1,81,6.36,2042.6,27.5,75.4,Rice
63.5,59.2,18.7,31.2,58.4,6.57,1979.8,31.7,85,Rice
26.2,47.9,62.5,28.6,71.9,6.36,1794.7,26.5,67.4,Rice
53.5,58.6,21.1,29.4,68.6,5.87,1992.1,25.3,68.3,Rice
37.4,43.7,28.3,29.5,68.7,6,1981.7,29.4,88.3,Rice
56.8,55,44.9,33.9,89.7,6.78,1614.8,30.6,80.7,Rice
51.9,54.3,11.7,27.2,67.3,6.2,1539.3,28.9,83.6,Rice
31.2,69.8,34.4,26.3,71.8,6.52,2304.4,30.2,84.4,Rice
46.3,47.4,50.1,30.6,84.7,6.49,2189.5,23.9,66.7,Rice
29.2,44.5,27,28.7,71.8,6.78,2197.1,29.7,94,Rice
37.2,38.3,54.1,32,82.9,6.44,2175,29.5,74.1,Rice
31,51.6,17.7,27.7,88,6.12,2149.4,28,81.6,Rice
76.7,65,46.1,28.4,75.4,5.52,1020.7,30.9,84.1,Rice
42.9,37.6,45.9,31.4,77.3,7.5,2038.8,28.1,84.4,Rice
44.6,23.1,18.9,30,73,6.75,1532.6,31.8,87.2,Rice
25.8,28.1,16.7,29.2,92.3,6.26,3000,28.6,83.7,Rice
100,27.9,14.5,29.3,69.3,6.79,2050.4,28.6,84.5,Rice
44.7,41.1,20.2,28.1,92.3,7.13,2636,28.2,85,Rice
54.7,49.6,47.7,37,87.1,6.38,1804,31.6,72.7,Rice
45.3,53.2,31.8,34,70.2,6.85,1869.3,30.7,69.3,Rice
71.3,57.3,52.4,32,91.9,6.64,2869.7,28,69.5,Rice
49,37.5,16.5,28.5,87.8,6.91,2017.5,25.4,70.7,Rice
27.4,42.6,22.1,28.4,100,6.86,1714.8,24.1,89.1,Rice
74.2,53,38.1,28.8,93,6.69,2253.9,33,78.4,Rice
61.1,73,15.3,27.6,67,6.4,2413.5,29.2,72.9,Rice
37.3,79.9,31.2,31.9,79.8,6.56,2155.6,29,77.2,Rice
36.4,39.6,10,33.2,50.7,5.89,2319.1,25.7,68.8,Rice
71.4,16.4,27.8,31.2,96.5,6.75,2233.4,28.4,56.5,Rice
37.5,63.6,10,28.8,70.8,6.6,2350.8,29,96.4,Rice
63.4,54.6,21.2,24.6,85.1,6.6,1950.9,27.2,72.4,Rice
35.3,49.7,54.4,25.8,100,6.12,2091.7,26.6,81.8,Rice
28.5,39.8,53.1,31.4,75.4,6.39,2406.3,28.9,50.3,Rice
63.5,82.9,37.3,27,73.6,6.3,1688.8,36,85.2,Rice
35.7,50.8,16.1,32,85.2,6.47,2112.4,25,81.3,Rice
60.6,58.1,25.4,32.4,79.9,6,2230.8,30.7,92.8,Rice
61.7,78.1,14.9,32.6,73.4,5.64,1983,26.4,92.4,Rice
20.8,59.4,24.7,26.6,80.3,6.34,1868.1,25.7,72.2,Rice
82.6,70.7,24.2,27.2,69.1,6.21,1832.2,28.8,89.1,Rice
45,46.9,42.9,31.9,82.9,7.1,2015.8,32.5,85.7,Rice
28.5,42.3,57.5,35.2,82.5,6.74,1650.4,30.6,82.6,Rice
59.9,10,29.6,28.2,72.5,6.17,2642.7,27.9,84,Rice
39.4,56,33.8,31,75.8,6.83,2181.5,31.4,68.2,Rice
73.3,68.6,29.2,30.4,75.8,6.68,2206.6,24.9,82.7,Rice
36.2,69.6,36.4,24.6,60.8,6.14,1681.7,26.2,78.6,Rice
38.7,24.8,24.8,31.2,66.2,7.03,2218.4,26.5,81.4,Rice
57.2,41.1,55.5,22.7,88.6,6.72,2386.8,28.8,100,Rice
71.3,77.4,12.2,33.9,83.6,7.5,1990.2,30.4,94.8,Rice
89,51.5,43.6,31.4,60.6,6.66,1624.3,28.5,74.5,Rice
57.7,47.3,21.1,27.2,62.5,7.04,2035.5,26.1,63.6,Rice
55.3,23.8,56.3,33.5,50,6.3,2084.1,27.9,61.4,Rice
25.2,48.1,23.3,32.6,71,7.32,2009.9,28.9,93.5,Rice
27.1,36.4,24.6,30.2,84.3,6.06,1701.2,30.4,75.6,Rice
21.5,34.9,15.9,23.9,81.7,6.28,2123,20.5,58.6,Rice
56.5,40.5,25.4,33.1,91.4,5.77,1756.9,24.2,86.5,Rice
45.3,51.5,22.9,28.6,70.8,6.15,1990.4,28.8,73.4,Rice
24.1,33.5,28.7,33.4,70.4,7.5,2029.6,30.2,88.1,Rice
73,60.1,37.9,34.3,63.8,6.38,1876,27.6,80.4,Rice
20.3,46.2,10,32.7,76.9,7.5,2071.7,25.3,61.1,Rice
66.5,65.9,48.3,37,83.5,6.37,1813,22.9,78.3,Rice
38,49,33.8,32.1,82.6,5.91,2662.5,26.8,73.9,Rice
90.6,23.3,33.2,23.8,79.1,6.85,1825.2,30.7,81.3,Rice
36.4,54.5,56.3,30.9,71.4,7.02,2096.3,25.6,84.4,Rice
34.5,60.3,40.1,29.8,79.9,6.5,1724.8,27.3,83.9,Rice
26.4,69.5,37.6,33.5,94.2,6.54,1513.9,28.2,84.2,Rice
37.7,43.7,27.8,32.2,63.7,7.2,2275.5,29.2,96.1,Rice
69.5,35.3,21.2,30.9,76.2,6.93,1987.3,27.4,90.1,Rice
57.2,55.2,50.1,26.9,81,6.53,1802.8,27.5,73.4,Rice
10,35.7,54.6,32.6,83.8,6.7,2096.9,29.3,77.9,Rice
74.7,49,35.4,31.1,66.9,6.38,2320.5,30.3,88.9,Rice
63.7,72.6,39.3,30.4,69.8,6.71,2362.1,25.3,82.5,Rice
54,71.2,43.8,28.7,70.2,7.5,1941.2,27.3,64,Rice
58.2,35.3,17.5,26.8,71.6,7.5,1504.6,30,79.2,Rice
33.3,63.3,45.8,28.9,77.3,7.17,2535.6,27.2,83,Rice
52.6,39.6,40.5,34,68.3,6.71,2447,29.8,68.5,Rice
51.6,20.7,36.8,29.7,88.8,7.39,2657.1,34.1,94.9,Rice
90.1,44.1,10,29.3,76.8,7.08,1807.1,23.8,100,Rice
43.2,46.8,10.6,32.1,99,7.31,2432.1,26.9,90.1,Rice
69.1,77.6,14.8,32,71.1,7.16,2405.7,26.3,77.9,Rice
52.1,50.3,13,34.9,64.5,6.62,1870.1,32.2,84.9,Rice
68,73.3,10,29.6,85.5,6.54,1915.6,24.4,67.6,Rice
22.4,57.5,32.5,30.6,79,6.71,1782,32.7,80.4,Rice
47.3,44.3,44.9,32,89.6,6.13,1714.2,30.4,83.8,Rice
37.2,37,40.9,26,67.2,7.5,1409.3,23.5,92.4,Rice
63,45.6,18.1,31.1,83.9,6.91,1881.8,30.9,69.5,Rice
66,40.2,45.4,31.2,89,6.72,2114,26.6,63,Rice
57.9,42,38.2,25.6,66.2,6.8,1991.4,32.1,77.5,Rice
48.4,49.1,13.3,29.6,74.7,7.41,2211.3,24.4,89.6,Rice
58.4,48.5,10.5,31.1,80.3,6.97,2677.1,27.3,93.9,Rice
80.3,36.7,35.7,36,82.9,6.1,2257.5,29.7,87.5,Rice
37.6,42,42.3,30.4,69.1,6.72,2084.3,37,82.2,Rice
41.2,50,28.5,29.2,64.7,6.41,2078.1,29.8,78.2,Rice
35.3,74,36.4,32.9,86.4,6.16,2062.3,29.7,83.6,Rice
46.1,29.3,50.3,33.4,66.6,6.73,1931.3,33.3,72.5,Rice
44.7,54.9,12.9,26.6,78.4,6.57,2049.8,25.1,80.7,Rice
59.2,65.1,37.1,30,73.7,6.32,1000,27.5,83.2,Rice
43,70.5,26.3,25.7,84.7,5.57,1994.3,31.5,85.5,Rice
14.9,51.2,30.5,31.3,68.9,6.84,2369.7,25.2,81.2,Rice
40,32.1,10,28.9,75.7,6.35,1875,30.7,83.4,Rice
31.5,33.5,12,32,91.4,6.72,1980.6,29.2,71.9,Rice
27.4,46.8,29.6,32.3,87.9,6.03,2012.5,31.4,81.6,Rice
17.3,10,46.4,28.9,73.9,6.99,2092.7,36.6,65.7,Rice
43,33,20.8,28.2,76.8,7.09,1688.9,27.1,56,Rice
71.6,63.7,38,35.7,82.4,6.62,1969.2,32.4,78.7,Rice
44.5,65.8,10,35.4,86.1,6.83,1084.3,27.3,100,Rice
62.5,65.5,53.1,30.6,79.1,7.5,2206,24.9,52.8,Rice
23.8,29.8,14.6,28.4,74,6.86,2345.3,24,78.7,Rice
70.2,16.1,24.8,36.1,66.3,7.5,1853.9,26.9,71.1,Rice
39.2,43.1,26.7,29.5,60.8,6.73,2006.5,32.4,99.1,Rice
46.3,31.1,13.6,26.4,80.4,7.15,1581.6,26.7,81,Rice
46.6,54.1,35.8,24.7,94.2,7.01,1781.6,30,66.8,Rice
49.4,48.4,30.2,26.8,79.1,6.95,2098.4,23.5,85.6,Rice
36.3,39.6,48.9,28.6,83.4,5.44,2122.1,33.3,67.5,Rice
100,66.4,23,29.5,83.4,5.73,1876.2,29.4,72.6,Rice
46.1,52.5,48.6,33.8,54.8,5.92,2146.8,31,78.4,Rice
44.4,45.1,16.4,25.2,91.1,7.5,2086.4,23.4,87.1,Rice
23.1,44.2,13.5,32.9,91.6,7.35,1741.5,28.5,100,Rice
63,46.2,37.1,29.2,83.3,6.29,1939.5,25.1,88.6,Rice
51.4,50.6,18.9,30.8,77.5,6.95,2576.2,29.3,66.4,Rice
24,44.4,39,33,88,6.71,2794.8,27.6,84.3,Rice
72.4,66.1,29.3,28.3,71.6,7.5,2281.3,33.8,71.7,Rice
57.2,42.8,46.1,31.2,79.5,6.42,2049.2,26.6,86.4,Rice
44.5,17.6,16.3,30.8,74.1,6.8,3000,25.6,81.4,Rice
46,62.2,40.8,31.2,81.2,6.43,2126.4,32.2,80.6,Rice
44.4,59.4,45.5,37,96,6.49,2237.4,37,75,Rice
51.2,49.8,10,28.6,63.2,6.3,1629.4,31.5,89.3,Rice
55.2,26.4,54.1,30.7,66.5,6.22,1960.3,33.2,95.9,Rice
76.9,19.9,29.4,29.4,61.8,7.5,2264,27.8,93.7,Rice
76.4,52.8,40.7,27,75.6,6.02,2314.1,31.9,82.9,Rice
48.8,80.2,28.5,31.5,84.5,7.22,2056.2,28.1,88.4,Rice
77.8,48.4,29.8,35.3,88.3,6.72,1159.4,33,82.5,Rice
16.9,39.6,27.6,30.7,78.2,6.59,2268.3,27.4,68.1,Rice
44.8,59.3,18.4,31.2,83.3,7.17,1973.5,30.3,84.6,Rice
78,55.9,10,29.5,76.6,6.32,1856.9,24.2,89.5,Rice
60.2,31.7,18.7,30.1,74.3,6.16,2009.1,27.9,86,Rice
31.8,45.2,48.7,27.7,92.3,6.4,1999.7,28,80.9,Rice
18.4,54.1,22.5,26.6,100,6.8,2357,29.4,87.4,Rice
10,81.3,41.8,25.9,97.9,6.4,1805.6,31,72.8,Rice
56.5,17.7,37.2,32.8,64.7,6.41,2823.4,27.1,76.7,Rice
45,48.8,41.9,31.5,82.1,7,1886.7,28.9,55.4,Rice
71.4,42.3,51.4,26.2,84.5,7.17,2180.4,27.5,69.7,Rice
24.2,40.2,19,28.6,79.6,6.92,2517.6,20,68,Rice
56.5,71.7,34.8,30.8,73.4,6.56,2369.7,24.3,88.3,Rice
57.5,59.2,20.7,22.8,70.5,6.96,2530.7,28.6,86.6,Rice
29.2,61.6,10,29.1,60.2,6.55,2119.2,24.4,75.6,Rice
16.9,51.6,55.6,27,80.2,6.84,1809.9,28.6,62.2,Rice
37.7,75.5,42.5,24.8,91.1,6.58,1790.5,29.9,63.7,Rice
24.2,26.7,10,28.7,87.1,6.33,1689.1,31.2,78.4,Rice
36.4,59.1,48.9,26.2,54.4,7.08,1336.2,28.3,87.6,Rice
10,47.6,49.3,35.2,68.6,5.83,2228.1,26.9,97.4,Rice
70.7,31.9,49.3,37,86.5,6.66,2109.8,30.8,100,Rice
44.8,42.6,25.6,33.1,74.7,7.5,1990.5,25.5,100,Rice
46.1,74.3,12.2,30,83.3,7.5,2363.9,26.3,70.5,Rice
33.3,59,39,31.9,76.8,5.97,2223.6,29.1,82.5,Rice
87.1,45.8,31.2,29.3,83,6.89,2295.1,31.9,79.4,Rice
54.4,35.9,27.7,34.1,82.4,6.87,2101.2,28.1,89.5,Rice
25.6,56.8,37.2,26.5,80,6.09,1970.9,27.7,74.6,Rice
49.9,41.7,42.7,33.4,85.9,5.6,1412.1,27.4,53.2,Rice
75,44.5,10,30.1,78.7,6.22,1800.8,26.6,80.4,Rice
32.6,34.3,33.7,34.3,70.4,6.08,1413.1,25.1,90.8,Rice
60,10,34.1,27.6,73.4,6.73,2124.6,28.4,87.7,Rice
56.9,48.4,28.4,29.4,73.7,5.84,1990.9,27.3,81.4,Rice
59,87.7,41.6,29.6,79.7,5.9,1905.3,30.2,80.8,Rice
55.1,42.5,45.3,25.6,100,6.6,2047.7,26.8,79.8,Rice
41.8,55.8,70,32,78,6.98,2535.5,27.8,57.2,Rice
74.1,38,10,21,74.1,5.91,2832.9,27.1,83.3,Rice
77.1,72.8,41.2,29.1,88.6,5.61,2242.8,27.7,68.2,Rice
54.2,41.3,12.1,28.6,70.3,6.56,1867.4,21,78.6,Rice
43.8,54.6,52.1,30.1,62,6.74,1822.8,28.9,65.6,Rice
28.8,44.3,70,31.1,88,6.15,2762.3,29.7,71.9,Rice
62.1,32.1,61,27.7,70.4,7.03,1828.5,24.8,81,Rice
85.1,55.3,26.1,28.3,62.2,7.14,1967.6,25,100,Rice
45.7,50.8,30.2,26.7,95.6,6.85,2092.4,26.6,89.3,Rice
18.7,65.2,25.1,24.6,50,6.19,2436.3,31.1,90.1,Rice
62.9,70.9,14.9,28.8,71.1,6.47,2443.6,22,100,Rice
52.5,40.8,29.4,33.6,71.3,6.03,1988.1,24.1,83.5,Rice
70.3,37.5,29,33.8,62.9,6.37,1639.5,27.4,53.3,Rice
57.2,67.3,40.9,37,50.5,6.43,686,27.5,20,Maize
110.5,42.2,59.9,26.8,67.2,6.88,784.9,31.5,69.3,Maize
67.9,47.9,36.1,37,61.6,5.5,721.3,26.1,44.8,Maize
28.1,43.8,36,23.7,60.4,5.89,735.6,25.3,53.9,Maize
84.9,37.8,82.9,30.2,55.4,6.07,889.5,27.3,60,Maize
99.4,45.5,33.2,28.8,66.9,5.98,849.2,25.5,49.4,Maize
128.3,39.7,43.4,25.1,65.2,5.84,1200,36.5,45.8,Maize
103.7,38.9,20,36,49.3,5.5,847,25.6,61.8,Maize
115.1,50.4,63.7,37,53.4,5.96,851.5,21.5,31.2,Maize
116.2,59.9,28.5,29.7,71.9,6.36,720.7,28.4,59.7,Maize
48.4,49.9,33.1,23,68.8,6.08,648.7,24.4,63.8,Maize
23.8,48.6,38,33.8,46.8,7,766,30.5,65.8,Maize
143.8,66.2,55,31.4,50.7,5.85,933.9,30.5,27.4,Maize
116.6,66.2,22.9,29,65.3,5.82,786.5,27.5,75.3,Maize
73.3,42.2,39.7,27.9,48.4,5.5,703,28.7,73,Maize
82.6,59.8,20,37,78.9,6.15,911.5,31.4,52.8,Maize
142.6,65.2,60.8,19.1,68.7,5.5,781.8,32.8,34.6,Maize
37.8,46.5,36,34.1,62,6.51,866.8,27.2,63.5,Maize
95.1,38.1,64,30.4,56.6,5.95,696,26.2,50.3,Maize
61.6,31.6,65,33.8,59,6.27,830.1,24.8,20,Maize
68.7,56.8,33.9,32.8,59.3,6.05,823.9,34.7,49.5,Maize
101.9,64.5,37.4,26.2,51.1,6.25,841.3,27.3,20,Maize
50.2,63.2,24.7,33.7,54.5,5.86,810.8,30.8,66.5,Maize
68.8,32.9,49.9,28.2,39.4,5.66,683.2,31.2,50.7,Maize
82,11.7,20,28.3,69.7,6.24,739.4,29.3,59.3,Maize
89,56.5,39.6,37,40.7,5.5,760.9,25.5,47.2,Maize
48.5,21.8,51.8,29,53.6,6.74,640.6,29.5,43,Maize
149.5,50.3,42.1,27.4,63.9,7,885.4,31,23.6,Maize
108.7,34.8,34.4,18.9,43.1,5.96,797.6,27.2,56.9,Maize
92.2,40.6,20.7,31.7,61.9,6.78,789.8,28,43.2,Maize
112.4,50.2,75.9,31.2,63.8,6.89,611.3,28.4,41.8,Maize
103.9,53.9,43.7,29,70.1,6.03,824.5,23.6,62.3,Maize
74.6,64.9,28.4,37,56.1,5.71,701.7,21.3,79.5,Maize
115.7,43.2,27.9,35.6,63.8,5.64,844.7,24.7,31.5,Maize
150,32.6,20,23.1,52.6,5.72,674.2,29.5,48.2,Maize
90.4,52.9,65.8,28.2,49.4,5.5,732.9,30.3,53.3,Maize
45.5,33.8,44,33.1,66.8,5.7,683.4,24.5,36.9,Maize
73.3,55.4,112.4,35.3,52,6.04,787.8,37,79.5,Maize
120.4,41.4,25.5,32.6,61.3,6.51,854.4,30.8,20,Maize
64.6,48.1,58.4,31.7,59.2,6.46,860.9,23.8,57.8,Maize
104.3,35.1,83.4,30.1,78,6.18,776.9,36.6,39.3,Maize
61.9,48.5,20,28.5,52.4,5.97,932.1,35.5,53.4,Maize
143.9,63.7,20,34.1,54.2,6.51,737.2,27.8,45.4,Maize
147.5,48.7,82.5,36.1,49.5,6.14,926.6,25.3,37.4,Maize
66.6,51.3,28.7,34.9,53.9,5.5,749.9,35.2,37.1,Maize
122,40.4,20,37,59.2,5.5,500,31.9,52.1,Maize
116.9,40.1,64.1,37,54.7,5.5,598.7,20.7,43.1,Maize
101.5,53.1,20,33.8,53.4,5.95,685.3,21.6,57.1,Maize
72.3,42.2,45.8,30.3,67.9,5.5,1200,28.8,63.2,Maize
95.1,74.8,37.3,37,63.3,6.19,738.5,30,68.4,Maize
114.8,55.7,37.2,32.7,50.9,5.67,855.4,31.2,34.8,Maize
74.8,55.1,112.4,26.3,52.8,6.03,884.8,27.9,48,Maize
111.7,45.6,25.9,29.4,47.4,6.03,907.3,26.2,56.8,Maize
97.1,70.7,53.6,37,41.2,6.92,862.2,25.8,55.7,Maize
50.1,31.2,45.2,36.8,66.7,6.17,746.2,20.9,60.4,Maize
58.1,57.9,43,29.3,63.8,6.92,963.7,22.4,56.6,Maize
83.2,35.3,26.2,29.2,64,6.18,949.6,34.5,41.2,Maize
51.9,47,62.7,22.1,66.7,5.95,922,30.9,47.5,Maize
60.1,26.5,22.2,27,51.4,6.21,663.5,30,42.5,Maize
93.5,48.6,20,23.8,31.2,6.11,709.3,30.7,72.2,Maize
83.1,39.2,42.3,32,67,6.09,808.5,27.7,35.6,Maize
20,46.5,42.4,27.8,62,5.5,674.4,29.9,73.3,Maize
52.9,71,44.3,34,83.8,5.94,732.1,26.1,40.8,Maize
149.6,36.4,59.6,32.2,61.6,6.4,867,31.5,44.9,Maize
74.3,65,48.4,35.7,66.8,5.5,861.6,24.9,54.1,Maize
109.3,44.5,21.1,31.3,73.2,6.4,960,27.4,65.6,Maize
42.8,38.2,37,27.2,90,5.52,896.8,28,39.2,Maize
99.4,81.1,33.9,32.6,54.4,5.81,774,24.8,58.1,Maize
76.3,61.4,49.7,27.9,51.1,6.41,813.9,27.2,53.6,Maize
60,47.8,58.9,27.3,58.9,5.5,1001.1,20.7,51.9,Maize
114.9,54.2,55.5,36.2,65.8,5.6,879.5,30.9,59.2,Maize
45.4,55.1,42.2,31.2,69,5.5,727.8,29.1,20,Maize
138.2,42.2,20,28.8,45.7,5.83,603.8,34.2,42.5,Maize
44.5,58.3,62.7,31.3,61,5.5,927.9,21,62.6,Maize
108.1,64.4,26.8,34.2,65.2,5.67,610.9,26.7,53.2,Maize
81.6,50.8,30.5,37,53.3,5.5,822.8,37,58.9,Maize
72.8,31.3,20,26.5,55.5,5.89,991.8,32.7,42.9,Maize
89.5,10,20,30.8,61.4,5.67,902.8,24.7,59.9,Maize
119.7,62.6,45.5,37,59.2,5.5,738.3,25.3,58.4,Maize
113.9,51.8,20,32.3,51.7,6.04,1127.4,24.6,59.1,Maize
125,60.4,20,34.8,59.2,5.5,975.3,34,75.5,Maize
100.4,36.2,24.6,28.5,53.6,5.79,740.7,30.3,47,Maize
39.1,33.8,45.1,27.6,64.1,5.7,961.6,26.7,61.9,Maize
67.1,55.9,38.5,37,59.6,7,788.1,27.3,33,Maize
113.5,36,31.6,21,52.5,6.16,765,30.5,52.9,Maize
89.4,50.8,57.1,34.5,61.2,7,716,27.5,38.6,Maize
80.1,45.8,42.5,27.1,47.1,6.5,858.8,30,38.8,Maize
109.3,64.2,48.6,25.7,40.6,5.5,854.4,26.6,49.7,Maize
101.1,46,36.9,33.4,51.7,5.5,727,33.8,50.8,Maize
96.8,39.9,20,29.8,55.4,6.18,823.9,28,53.5,Maize
94.6,48,40.3,30.6,58.6,5.85,899.8,29.3,36,Maize
86.4,53.3,37.6,22.2,58.3,5.82,778.2,29.5,45.8,Maize
82.1,25.4,30.5,26.9,52.4,6.03,769.5,31.2,60.2,Maize
67.8,58.6,20,37,47.5,6.18,976.5,26.4,35.8,Maize
120.3,28.6,29.5,26.6,62.8,5.79,979.3,37,44.6,Maize
78.5,55.3,49.8,31.5,67.3,5.96,727.6,33.9,48.6,Maize
76.2,56,48.3,28,55.8,5.68,839.9,30,47.3,Maize
108.8,39,47.3,22.8,76.3,6.47,673.4,21.9,45.3,Maize
66.7,27,41.2,30,64.7,6.75,740.3,25.8,52.7,Maize
85.3,38.4,22.7,23.9,53,6.36,716.1,25.2,44,Maize
77.7,22.8,61.1,32,71.3,6.02,740.6,26.6,46,Maize
74.9,62.1,20,31.2,66.8,6.17,904.9,26.3,31.1,Maize
121.2,54.8,57.9,34.7,34.9,5.62,789.7,29.2,59,Maize
72.1,29.2,47.9,30.9,40.1,6.48,761.6,27.5,55.2,Maize
74.5,12,72.9,25.8,62.6,6.28,819.3,18,33.2,Maize
109.2,58.7,48.3,29.6,69.9,6.29,843.4,26.5,28.1,Maize
53,52.3,65.7,24.1,71.6,5.5,773.7,23.3,37.1,Maize
116,51.7,36.1,32.2,70.9,5.5,814.8,24.5,61.4,Maize
150,57.6,36,24.2,47.3,5.85,787.9,34.4,72.1,Maize
87.6,51.7,47.4,31.9,52,6.59,876.7,25.6,60.1,Maize
42.8,64.9,50.4,27.6,40,5.57,812,23.1,47.5,Maize
42.5,47.9,65.1,29.5,69.8,5.9,783.7,32,50.5,Maize
92.7,58,57,29.6,38.6,5.5,796.3,34.8,32.8,Maize
102.4,74.9,48.6,37,46.4,6.57,785.1,31.8,53.2,Maize
82.5,32.3,49.1,32.8,61.4,6.19,876.1,27,51.8,Maize
123.2,29,20,37,52.2,6.44,1200,24.1,22.7,Maize
98.9,80.5,61.1,37,54,5.55,892.1,33.4,39.4,Maize
91.2,41.3,25.4,30.4,81.7,5.59,698.7,29.9,45.8,Maize
90.5,59.4,63.2,32.3,81.8,5.91,712,25.8,48.8,Maize
149.2,48.2,25.4,21.5,56.2,5.94,708.1,26.6,64.6,Maize
132.6,45.4,47.8,27.2,90,5.5,920.4,26.5,71.9,Maize
150,23.5,35.2,24.9,51.5,6.07,859.2,27.6,57.7,Maize
79.1,53.8,38.7,21.7,57.5,6.14,720.3,36.8,47.9,Maize
67.6,37.1,20,30.9,63,5.5,917.1,34.6,65.4,Maize
101,41,23.7,25.9,61.6,6.66,1012,24,42.5,Maize
70.3,10,51.3,21.9,61.3,5.5,751.1,32.2,70.2,Maize
84.9,49.5,20,32.2,51.7,6.21,901.1,19.3,61.8,Maize
41,48.2,45.9,32.8,49.1,6.58,864.4,29.7,53.6,Maize
47.2,62.3,26.9,27,69,5.94,815,30.4,21.6,Maize
86.4,57.6,38.2,29.5,62,5.84,892.2,26.7,53.5,Maize
83.7,66.8,35.6,33.1,52.2,5.5,806.7,21.8,40.2,Maize
58.1,54.7,62,32.8,56.4,6.61,802.1,30,62,Maize
117.4,29.3,47.1,36.8,69.1,6.23,835.5,26.1,70,Maize
119.5,68.9,30.5,33.5,57.8,5.5,742.1,28.8,35.5,Maize
56.4,41.3,42.1,26.1,63.2,6.04,768.9,27.8,63.3,Maize
141.4,42.2,69.7,26.5,59.2,5.65,943.2,29,55.9,Maize
77.2,62.6,30.7,27.9,70.7,5.54,1043.2,32.3,44.5,Maize
21,35.5,56,37,82.3,6.29,864.7,23.1,56.9,Maize
80,65.6,41.4,30.2,62.7,5.83,912.1,29.6,32.4,Maize
107.5,37.3,39.6,25.3,65.5,5.89,663,33.9,41.5,Maize
80.1,44.2,35.4,30.5,70.1,6.05,972.6,29.8,40.4,Maize
112.7,51.8,32.7,24.3,47.1,5.54,554.7,29.5,58.4,Maize
94.7,64.6,42.5,33.8,63.9,6.53,687.4,34.6,33.3,Maize
68.2,44,34.6,29.5,60,5.5,827.3,27.8,20,Maize
98.7,30.7,38.4,28.3,54.2,6.18,500,33.7,74.1,Maize
81.4,100,54.3,37,51.8,5.97,867.2,32.1,47,Maize
76.1,40.6,42.8,30.8,46.8,6.18,657.3,31.2,49.5,Maize
121.1,71.4,39.5,32.4,43.5,5.91,855.5,31,76.8,Maize
90.4,64,66.8,37,61.5,6.26,906,22.8,62.6,Maize
98.2,71.9,63.8,29.6,55.1,5.8,754.4,27.7,72.8,Maize
92.6,46.8,35.2,31.7,47.2,5.7,713.4,37,46.7,Maize
42.1,71.9,67.3,30,58.5,5.91,762.7,25.1,49.7,Maize
88.8,44.1,60.9,32.7,62.3,5.76,766,27.5,41.9,Maize
81.1,55.8,43.8,33.5,39.1,5.59,904.4,27,52,Maize
104.1,68.2,64,19,30,6.29,880.3,22.4,56.8,Maize
54.9,54.6,108.7,22.8,50.4,6.07,978.7,29.2,48.3,Maize
112.8,48.6,40.3,28.3,57,5.83,839.9,29.3,42.8,Maize
79.6,48.2,20,30.7,67.3,6.05,756,27.2,47.6,Maize
61.3,53.5,20,23,72.1,6.1,944.3,24.4,37.7,Maize
65.9,51.5,43.4,27.3,53.1,5.94,701.9,37,62.6,Maize
46.6,46.1,49.7,21.3,49,5.5,698.8,26.3,48.7,Maize
121.5,66.5,33.4,34.1,70.7,6.13,866.4,27.2,20,Maize
97.9,48.7,54.9,34.7,71.6,5.5,660.4,29.3,37.4,Maize
79.3,54.4,32.9,30.2,55.8,6.37,861.6,36.5,24.1,Maize
43.4,46.3,29.4,20.6,65.5,5.85,852.7,26.7,58.9,Maize
81.7,15.5,20,26.2,62.1,5.69,838.6,30.6,55.8,Maize
120.6,32.7,43.2,28.1,76.6,6.68,840,29.8,77.6,Maize
54.1,31.8,59.9,25.9,49.1,6,900.6,29.5,43.8,Maize
125.4,42.8,48.4,30.9,60.2,5.98,804.9,28.4,52.1,Maize
111.1,45.7,36.5,32.8,59.1,6.23,743.1,31.5,56.3,Maize
122.5,54.3,71.7,33.8,78.1,6.45,635.2,29.2,73.7,Maize
38.7,61.6,20,34.2,70.2,6.47,848.5,22.4,66.3,Maize
70,52.7,61.5,27.6,50.7,6.2,776.8,25.6,76.6,Maize
62.6,53.3,44.3,37,57.1,5.68,720,29,61,Maize
20,50.4,65.1,29.9,47.3,5.75,904.1,31,52.2,Maize
73.2,67,20,25.3,62.9,5.5,719.6,30.7,40.7,Maize
49.2,79.1,36.2,27.4,73.6,6.55,669.9,31.2,80,Maize
62.3,64.3,45.6,25.2,37.7,6.45,746.4,24.9,77.1,Maize
150,68.6,62.8,25.8,40.8,5.96,957.5,22.9,39.4,Maize
99.5,62.2,43,33.5,73.1,6.46,901.5,25.1,80,Maize
81.1,62.5,24.7,37,66.8,5.93,804.8,25.5,31.5,Maize
61.2,49.2,53.4,23.2,83,6.61,775.2,27,53,Maize
62.7,35.6,28.3,24.5,63.4,5.97,831,30.7,55,Maize
90,54.5,44.4,22.4,44.4,5.5,824.3,22.3,80,Maize
72.2,66.1,40.8,21.8,39.2,6.55,615.9,26.3,52.6,Maize
98.1,35.2,57.5,35,61.1,6.13,750.4,31.2,42.7,Maize
76.7,51.3,20,30.1,66.2,5.71,1104,21.4,64.5,Maize
150,17.9,64,29.3,68.4,6.1,922.9,22.6,43,Maize
113.1,58.4,51.5,28.4,64.3,5.85,836.2,32.5,56.7,Maize
72.9,44.7,20,23.1,53,5.83,880.4,24.9,50.2,Maize
110.5,13,20.3,37,46.4,6.39,639.7,22.4,56.9,Maize
145.7,41.6,20,29.5,72.3,5.93,675.2,30.9,52.2,Maize
80.4,43.2,25.5,34.7,44.9,6.16,854.5,33.2,55.1,Maize
53.6,32.6,67.5,37,70.8,5.86,955.7,24.3,44.7,Maize
70.9,59.9,56.2,23.4,68.9,5.5,521.7,22.2,75,Maize
95.5,40.7,67.4,30.9,68.9,6.24,822.7,23.4,55.4,Maize
34.9,35.9,53.2,29.6,57.3,5.83,721,22.2,27.9,Maize
127,64.7,72.5,29.7,64.6,7,927.7,24.7,58.6,Maize
86,47.1,34.7,32.9,43.6,5.56,870.2,32.7,67.7,Maize
137.5,62.7,43.4,31.3,72.1,6.39,785.6,35.8,55.3,Maize
94.3,59.7,20,22.4,76.7,6.16,960.5,24.8,35.6,Maize
51.6,71.4,25.7,35.8,49,5.76,728.8,35.3,65.4,Maize
58.6,40.3,20,32.9,65.9,6.01,816.6,31.8,33.7,Maize
40.9,76.9,56.2,28.6,65.6,6.56,686.8,26.7,54.3,Maize
60.3,65.5,49.6,25.5,52.1,5.66,751.8,31.9,56.2,Maize
114.4,53.3,21.9,33.7,56.6,6.47,721.8,30.3,53.8,Maize
54.5,52.1,44.9,24.5,87.5,6.14,979.6,24.8,66.7,Maize
94.7,67.1,56.7,32.5,62.2,6.36,774.5,25.9,49.4,Maize
102.1,37.6,20,34.6,61.2,5.5,823.6,36.6,51.3,Maize
92.7,21.6,20,27.6,56.9,6.52,770.6,24.4,31.6,Maize
88.6,36.9,40.3,29.6,60.3,5.5,909.6,25.6,49.9,Maize
96.3,67.9,48.3,29.1,50.7,5.71,898.8,27.4,69,Maize
54,22.2,65.3,28.4,62.6,5.61,946.9,31.4,62.1,Maize
62.6,21.3,46.7,35.9,66.5,6.36,930.4,26.7,43.5,Maize
112.5,25.3,29.1,29.2,60.4,7,698.8,28.2,47.8,Maize
72.8,55,20,28.4,51.5,5.97,873.8,27.1,37.9,Maize
104.1,57.4,49.1,30.8,74.9,5.8,771.6,26.2,44.3,Maize
59.9,36.3,50.2,25,67.4,6.57,835.2,26.9,62,Maize
71.6,45.5,67.1,30.6,46.7,5.5,1030.8,34.4,52.3,Maize
98.3,22.6,39.8,28.2,58.4,6.04,796.5,27.4,29.8,Maize
94.4,55.5,30.7,32.6,66.2,5.65,774.3,35.1,55.4,Maize
89.8,62,45.1,36.6,53.9,6.37,771.4,24.8,48,Maize
44.6,58.8,20,28.3,71.6,5.62,736.9,37,51.5,Maize
94.4,31.9,29.6,30.3,84.5,5.79,762.7,27.5,80,Maize
107.2,53,56.4,29.2,68.3,5.63,719.9,31.5,46.5,Maize
135.7,57.3,38.1,34.9,47.1,5.5,849,28.1,66.7,Maize
85.3,72.6,55.9,21,48.7,5.75,967,37,61.7,Maize
35.1,32.6,50,26.5,50.9,6.58,614.3,32.9,80,Maize
71.6,50.3,30.2,33.6,63.8,5.5,890.4,24.1,62.2,Maize
113.5,57.1,21.7,32.7,42.8,5.5,758.8,29.2,30.5,Maize
102.5,100,59.9,35.1,74.1,6.46,550.4,22,48.8,Maize
150,40.7,42.5,36.3,63.6,5.5,728.4,27.5,29.7,Maize
64.8,16.7,29.6,26.2,60.9,6.47,653.6,22.1,38.4,Maize
104.1,48.1,20,32.3,54.9,5.8,840.7,32.5,55,Maize
108.7,47.4,30.1,31.6,43.1,6.03,874.1,29.1,50.2,Maize
104.7,36.1,52.5,30.8,49.5,6.28,813.1,24.7,51.4,Maize
97.7,75,43,18.2,43.7,6.67,844.5,27.8,71.1,Maize
132.2,45,35,26,52.8,5.5,930.6,24.9,44.9,Maize
118,71.7,27.9,37,36.9,5.7,824,22.7,22.7,Maize
86.2,59.8,46,22.5,70.3,7,783.7,22.9,30.7,Maize
113.6,67.7,20,23.5,53.9,5.83,780.4,28.8,67.4,Maize
106.3,44.9,66.7,34.1,47.5,6.21,837.7,23,52.2,Maize
55.2,50.8,44.8,35.7,62.9,5.77,809.6,36.7,66.8,Maize
96.2,38.1,49.6,33.2,64.2,6.67,633.2,29.1,49,Maize
107.9,56,54.3,27.4,67.9,5.69,888.5,27.4,60.2,Maize
57.3,22.7,44.1,32.7,49.8,6.27,651,29.8,25.5,Maize
75.9,60.3,57,37,60,6.63,699.2,24.2,20,Maize
95.7,82.8,31.3,24.3,38.6,6.5,798.6,27.7,34.1,Maize
90,48.3,65.1,25.2,54.1,5.5,913.8,18,34.9,Maize
124.8,55.1,20,19.3,72.2,6.09,791.2,29.2,60,Maize
65.8,62.1,39.8,28.5,59.6,6.56,850,34,75,Maize
117.4,27.7,43.8,33.3,64.2,5.5,783.6,21.4,63.2,Maize
95.2,56.1,42.9,29.3,53,6.48,763.6,25.9,80,Maize
78.6,66.6,43.3,30.9,77.7,5.5,712.6,29.1,41,Maize
111.7,34.9,29.7,29.9,61.8,5.88,804.4,36.8,55.4,Maize
72.9,50.1,47.2,31,54.7,5.88,754.9,24,53.8,Maize
91.4,57.6,63.2,33.3,69.5,6.19,897,28.9,59.7,Maize
54.5,54.3,20,28.4,61,6.61,880.3,33.7,44,Maize
81.1,45.6,30.3,25.6,58,6.03,716.3,27.6,34.9,Maize
107.2,10,54.1,29.4,55.1,5.5,664.8,23.8,36.1,Maize
123.4,54.5,38.2,30,49.2,5.59,817.1,26.7,65.3,Maize
95.7,42.1,52.5,33,70.4,5.84,873.5,25.4,30.8,Maize
106.3,56,69,24.4,62.5,5.5,725.2,26.5,50,Maize
128.9,59.8,87.5,28.8,66.3,5.58,743.3,31.4,47.7,Maize
127.4,46.6,38.1,26.2,70.3,5.93,691.5,28.1,63.8,Maize
108.5,64.2,74.6,29.2,70.7,5.98,812.7,22.3,70,Maize
99.5,50,20,25.7,63.1,5.5,707.9,37,53.2,Maize
89.2,36.6,35.5,31.4,55.7,6.23,811.5,22.6,49.5,Maize
68.2,64.2,61.4,26.7,59.7,5.73,950.3,30.5,61.9,Maize
105.7,38.1,20,35.1,59,6.42,713,30.9,61.9,Maize
83.1,63.3,62.6,32.7,63,5.71,921.5,37,40.7,Maize
81.9,67.6,28.9,31.5,56.8,5.99,690.6,27.6,45.5,Maize
93.8,49.2,43,31.8,54.1,6.02,875.6,26.4,47,Maize
76.2,68.8,50,34.4,42.4,6.03,704.4,33.4,64,Maize
64.1,51.4,23.2,26.9,56.9,5.6,799.4,29.6,45.6,Maize
74.9,34.9,48.7,37,31,5.94,818.2,26.7,67.2,Maize
98.4,41.3,54,27,60.6,6.59,868.2,29.9,61.6,Maize
132.9,35.7,34.1,19.3,56,6.08,757.4,21,60.4,Maize
91.9,42,81.1,25.5,56.4,5.6,934.7,25,55.8,Maize
94.9,30.9,20,36.1,51.3,5.5,862,24.8,49.9,Maize
111.5,48.7,21.3,29.9,65.7,6.34,794.4,26.8,20,Maize
100.6,73.9,32.9,32.4,55.9,5.5,870.5,25.8,68.8,Maize
146.4,52.9,61.9,32,58.8,5.95,865.1,31.6,45.2,Maize
128,69.7,20.3,34.5,41.5,6.21,804.1,22.4,61.4,Maize
60.2,12.9,50.2,27.7,76.3,5.74,784.6,28.5,40.5,Maize
64,37.5,62.7,29.2,61.4,6.31,794.7,23.5,37.8,Maize
57.7,51.3,41.5,32.4,30.4,5.5,844.8,34.6,76.2,Maize
44.4,34.5,20,31.6,62.6,5.92,827.2,27.7,54.8,Maize
87.4,33.4,44,37,54,6.23,673.4,27,32,Maize
128.8,53.9,52.7,28.3,49.4,6.1,762.9,27.4,53.7,Maize
72.3,53.2,20,30,55.6,5.99,749.9,18.9,48.9,Maize
83.5,71.3,20,27.1,64.7,6.23,629.1,29.7,58.5,Maize
150,49.2,47,37,60.1,6.03,842.3,32.1,66.2,Maize
79.4,49.6,30.5,32.4,41.5,5.5,695.5,33,57.2,Maize
60.6,30.7,66.8,36.1,47.9,6.21,845.4,27.5,80,Maize
106.8,57.1,42.5,34.6,67.4,5.93,684.5,27.1,31,Maize
119.6,78.3,51.7,35.7,30,5.59,827.1,34.7,31.1,Maize
61.9,54,48.9,37,69.9,6.52,719.2,28.5,54.7,Maize
94.7,35.7,56.5,25.3,65.7,5.5,655.3,26.7,62,Maize
45.5,66.3,53.9,27.3,67.5,5.81,980.2,25.3,50.8,Maize
72.5,100,64.7,26.7,68.6,5.81,610.1,29.7,70.6,Maize
55.1,33.5,60.3,26.4,62.5,5.5,721.3,27.3,57.3,Maize
36.4,44.1,50,22.5,41.1,5.5,629.3,27.7,26.4,Maize
76.8,57.7,25.2,30.8,59.2,5.52,916.8,37,31.8,Maize
43.5,37.6,20,31.8,65.3,5.67,843.9,26.1,75.7,Maize
86.7,47.1,56.3,33.2,55.7,6.51,669.2,30.9,44.8,Maize
94.3,29.8,66,34.8,49.2,5.84,691.4,26.2,50.8,Maize
109.9,39.2,37.9,20.5,71,6.37,784.5,27.5,53.3,Maize
132.1,71.7,24.8,25.1,51,6.35,792.8,29.3,35.5,Maize
95,46,53.9,33.5,90,5.5,755.6,28,56.9,Maize
28.8,54.2,22.2,28.4,66.3,5.5,770.4,32.2,29.7,Maize
127.5,45.5,59.9,35.8,33.1,6.19,866.5,19.7,28.2,Maize
98,61.4,20,34.8,57,5.5,819.4,29,61.5,Maize
122.9,61.8,29.2,23.6,51.7,6.37,825.6,27.2,63.8,Maize
76.9,17.3,32.3,20.4,65.4,6.39,954.6,25.1,37.3,Maize
111,40.8,40.9,35.3,74.4,6.4,1084.8,33.1,26.4,Maize
73.7,58.1,20,25.5,52.8,5.5,1200,27,23,Maize
54.8,59.8,31.4,35.2,70,5.8,769.9,29.8,65,Maize
88.7,53,62,30.4,80.1,5.58,1018.2,26.7,60.7,Maize
113.3,53.9,48,30.8,48.1,6.54,968.1,30.3,50.7,Maize
76.4,71.2,46.1,31,56.5,5.57,734.7,26.2,24.8,Maize
111.9,21.7,43.4,33.5,62.1,5.52,949.2,27.1,20,Maize
83.4,79.1,73.1,26.7,68.5,6.93,691.5,25.4,32.8,Maize
64,48.5,63.2,33.3,54.2,6.14,500,23.4,57.3,Maize
64.4,30.8,39.9,32.2,71.7,5.5,996.7,26.4,63.3,Maize
94.7,48.2,36.9,33.6,65.8,6.29,739.8,27.1,53.1,Maize
101.5,51.2,63.1,37,41.8,5.63,809.1,24,46.5,Maize
75.8,31.3,44.5,30.2,51.8,5.98,697.9,25.5,34.8,Maize
121.7,55.5,24,32,68.9,7,857.3,30.9,62.5,Maize
56.7,53.9,72.1,22.7,55.5,6.13,661.8,27.7,51.9,Maize
105.2,65.3,45.5,31.7,51.1,5.95,804.5,31.5,32.1,Maize
96.2,61.8,65.9,29,59,5.89,873.1,27.4,28.3,Maize
55.5,66.8,20,30.4,77.1,5.7,881.4,32.4,73.7,Maize
109.8,60.6,61.6,34.7,52.8,5.5,857.5,30.9,47.8,Maize
93,69.9,46.5,35.2,56.3,6.39,1200,28.9,57.4,Maize
54.7,12.3,74.5,32.5,64.6,5.96,863.7,28.4,52.7,Maize
69.7,69.4,56.1,35.2,64.1,5.5,753.8,25,45,Maize
74.4,41.1,64.6,33.1,57.1,6.52,871.1,22.3,20,Maize
81,43.1,72.1,30.9,52.8,6.23,750.7,24.5,45.9,Maize
127.9,59.3,27.7,19.5,48.2,5.5,895.7,28.2,57,Maize
82.4,63,52.6,28.5,68.4,5.88,797.2,24.5,53.9,Maize
123.5,42.3,44.6,34,62.8,5.98,553.5,29.9,35.1,Maize
57.3,29.5,54.1,31.7,61.6,6.14,875.4,25.1,53.5,Maize
74.3,66.6,54.1,32.3,52.6,6.31,800.1,28.3,65.1,Maize
100.5,55.4,21.5,28,47.2,5.78,757.1,32.9,31.8,Maize
98.2,59,58.7,26.1,71.5,5.9,838.7,30.4,61.3,Maize
150,35.6,37.8,29.9,56.8,5.52,761.3,24.1,63.3,Maize
87.3,48.4,53.7,35.2,68,6.16,874.5,20.8,56.3,Maize
113.8,29.7,39.6,31,53.4,6.28,666.4,23,61.6,Maize
80.6,37.1,47.2,27.7,65.1,7,819.5,29.6,52.9,Maize
109.8,31.6,83.7,28.5,55.7,5.96,818.6,26.6,57.5,Maize
67.2,53.7,27.7,28.4,30,5.5,938.8,30.1,78.9,Maize
88.4,32.1,51.2,31.6,87.6,5.79,712.8,24.2,80,Maize
53.5,32.4,68.5,28.1,74.1,5.84,772.8,18,43.2,Maize
150,39.7,68.3,22.9,79.6,5.5,826.6,27.2,80,Maize
135.2,47.8,54.7,29,74.6,7,500,23.5,21.2,Maize
80.7,57.7,60.6,23.8,64.2,5.5,735.9,26.1,49.2,Maize
121.1,57.8,25.5,34.8,60.9,5.85,533.8,31.5,71.8,Maize
61.4,40.4,20,37,56.5,6.5,863.8,29,61.7,Maize
81.8,35.9,20,36.8,70.1,6.36,741,28.6,41.5,Maize
56.8,50.1,63.7,28.1,67.1,5.83,581.9,33.1,67.6,Maize
79.2,35.5,36.1,30.4,47.9,6.36,747.6,31.1,47.8,Maize
150,49.8,55.8,29.8,60.3,6.49,825.5,28.1,22.3,Maize
84.1,57.1,22.9,36,69.6,5.59,791.1,24,42.1,Maize
119.8,78.2,44.4,34.5,63.2,6.18,679.6,30.4,41.7,Maize
102.8,29.4,30,30.2,59.3,5.5,807.9,33.3,64.6,Maize
101.1,61.8,44.5,32.8,71.6,6.87,837.5,24.8,65.8,Maize
73.3,47.9,22.9,30.1,60.2,5.57,590.4,25.1,60.3,Maize
83.4,50.1,42.5,24,53.9,5.52,702.6,22.3,32.9,Maize
104.2,66.9,67.7,32.7,31.9,6.35,980.5,28.7,34.5,Maize
110.4,64.7,20.9,30.2,62.3,6.45,775.6,28.3,37.6,Maize
79.2,83.6,51.3,22.5,79.1,6.76,921.1,31.2,79.2,Maize
150,44.6,31.2,31.9,54.8,6.18,701,21.1,55.1,Maize
74.4,54.9,22.9,18,52.3,5.63,738,33,59.2,Maize
137.8,36.6,22.7,30.8,65.9,6.49,864.1,25.9,66.2,Maize
94.2,44.4,20,32.9,63.1,5.89,789.9,20.3,59.4,Maize
49.6,32.4,43.6,22.2,54.3,5.5,866.7,27.2,55.5,Maize
123,69.2,48.8,37,60.2,6.68,786.2,29.3,73,Maize
84.5,18.9,57.4,32.7,57.1,5.69,849.7,24,33.4,Maize
97.5,44.6,59.7,31,60.9,6.14,820.3,30.7,28.2,Maize
118,45.6,20,32.9,69.6,5.98,814.5,27.7,33.6,Maize
90.2,52.7,44.5,37,58.7,5.77,691.4,27.9,30.5,Maize
72.2,53.6,52.3,35.9,42,5.91,842.2,21.8,20,Maize
100.2,63.7,20,27.9,53.2,5.62,797.9,23.7,54.6,Maize
78.9,47.1,41.5,25.1,66.8,5.88,759.8,27.2,60,Maize
117.3,57.5,21,26.5,50.8,7,816.9,26.8,56.9,Maize
58.4,27,27.8,34,45.4,6.05,820.1,27.2,63.2,Maize
121.7,26.1,42,31,74.3,6.18,775.8,20.6,51.5,Maize
50.8,22.3,27.5,25.8,66.6,5.95,761.3,28,55.5,Maize
131.6,57,20,20.2,81.3,5.5,751.7,29.9,55.5,Maize
64.6,41.4,39.9,27.4,72.5,5.67,917.6,35.4,29.5,Maize
78.3,35.2,34.4,37,62.9,5.99,705.8,30.9,66.6,Maize
124.5,55.8,63.8,34.4,64.6,6.04,788.6,32.5,28.5,Maize
98.4,65.3,47.6,29.9,53.7,5.5,500,23.2,34.5,Maize
77.4,38.6,37.2,28.4,78,5.5,936.6,24.1,75.7,Maize
87.6,42.8,45.9,34.9,63.4,7,500,18,48.7,Maize
99,41.4,56.3,18,40.4,5.63,751.3,26.9,49.2,Maize
150,54.6,51.3,37,66.2,6.07,843.7,27.7,47.5,Maize
88.8,84.7,53,25.7,73.8,6.12,892.6,36.5,59.1,Maize
91.1,75.1,53.5,22,52.7,6.85,620.3,24.5,38.3,Maize
108.5,54.8,30.7,30.6,67.9,5.5,741.4,30.2,63.7,Maize
144.1,53.3,51.2,33.2,55.8,6.09,688.2,24,43.9,Maize
77.1,52.2,20,35.2,68.3,6.31,800.7,28.7,39,Maize
101.9,32.7,49.2,29.8,66.8,7,673.4,24.5,45.7,Maize
85.4,67,55.4,34,42,5.85,729.1,36.5,41.6,Maize
53.8,41.3,22.1,23.4,75.3,6.11,921.9,30.5,50.3,Maize
92.9,32.9,44.6,30.6,75,6.06,706.7,27.9,20,Maize
104.2,71.4,60.4,29.1,60.8,5.5,666.4,26.8,51,Maize
121.2,79.3,24.2,35.4,60,6.58,932.3,33,77.7,Maize
66.4,64.3,34.6,37,62.2,5.61,919,30,37.9,Maize
49.5,70.6,20,30.3,62.5,6.1,669.9,25.2,51.8,Maize
86,47.2,37.4,28.5,70,6.92,816,27.6,45.5,Maize
79.4,46.9,63,28.1,74.4,6,864.4,34.6,37.2,Maize
104.1,66.9,34.4,31.3,58.3,6.17,733.6,27.2,37.3,Maize
74,68.2,20,32.2,59.5,5.5,900.5,23.9,62.4,Maize
63.8,33.8,27.7,28.3,59.3,6.05,927.7,37,48.5,Maize
97.3,100,20,30.3,65.5,6.52,777.8,21.4,51,Maize
74.8,35,31.4,30.4,72.4,5.79,697.2,33.3,46.1,Maize
20,52.4,20,30.4,58.8,6.51,868.3,31.9,57.6,Maize
139.7,47.6,20,26.4,56.8,6.51,708.7,21.2,59.1,Maize
55.2,30.4,21.1,37,58,5.5,825.1,29,43.7,Maize
94.7,51.9,42.9,21.2,72.4,6.12,845.2,30.4,51.5,Maize
43.5,63.7,39.7,25.4,62.8,5.91,819.6,27.7,58.9,Maize
110.6,54.3,65.1,34.3,56.6,5.99,656.2,27.5,55.7,Maize
120.2,65.4,36.7,25,67.1,5.58,781,25.3,51,Maize
99,64.1,30.3,32.6,57.1,5.97,923.2,25.5,34.7,Maize
58.8,57.8,57.5,25.6,58.2,6.37,749.8,22.8,20,Maize
121.7,70.4,20,27.4,49.3,5.7,804.6,30.7,51.1,Maize
64.1,45.9,43.2,29.3,35.2,5.94,916.7,22.2,70.6,Maize
23.3,30.8,51,31.3,79.4,5.5,818.1,29.7,52.1,Maize
95.8,18.9,20,22.1,46.2,6.63,645.2,26.2,61.1,Maize
86.6,61.2,20,37,67.4,6.16,582.8,26.1,69.6,Maize
133.6,71.1,65.5,26.4,63.3,6.52,665.2,31.2,68,Maize
95.9,85.3,25.1,32.8,50.5,7,712.9,29.7,31.7,Maize
85.6,54.2,20,30.7,62.3,6.02,1004.4,30.7,75.4,Maize
76,22.7,20,24.1,66.7,6,847.3,26,67.4,Maize
91.5,46.4,27.3,31.8,46.9,5.5,808.5,21.2,60.1,Maize
105.6,45.3,59.2,37,55.2,5.5,759.9,32.2,73.7,Maize
122.6,24.2,59.8,36.4,64,6.22,918.4,32.6,69.4,Maize
117.5,44,33.1,31.6,56.4,6.03,807.4,28.2,67.7,Maize
121.5,60.4,30.9,32.9,61.6,5.5,831.6,29.4,51.1,Maize
101.1,28.1,28.9,30.5,58.2,5.5,879.4,33.5,46.4,Maize
90.9,37.1,56.8,37,63,5.5,896.4,26.8,60.9,Maize
97.6,41.4,25,35.8,68,7,640.5,24.7,57.5,Maize
118.8,61.3,20,34.9,58.9,5.97,702.1,29.1,42.6,Maize
53.4,37.8,55.5,37,63.5,7,696.1,22.2,76.9,Maize
37,56.4,50.6,27.8,56.1,5.96,840.4,28,59.9,Maize
44.6,66.9,60.5,35,65,7,870,18.4,41.6,Maize
58.1,50.3,61.5,32.8,65.3,6.25,764.7,32,63.2,Maize
106.1,53.6,47.1,29.3,43.8,5.5,836.9,24.4,69.3,Maize
73.8,38.9,42.1,23.4,58.6,6.86,757.3,25.2,44.1,Maize
20,55.2,40,25,56.4,6.35,811.3,25.6,54.2,Maize
76.1,62.9,62.5,32.5,64.5,5.5,982.5,31.9,50.5,Maize
55.6,41.3,61.6,30.8,67.5,5.5,879.6,28.3,27.4,Maize
73.2,49.5,28.4,32.1,64.2,5.66,820.8,24.8,58.9,Maize
42.9,25.6,42.4,28.9,47.6,6,220.9,23.4,43.5,Chickpea
44.5,24.8,34.4,24.8,44.7,6.78,199,22.4,24.2,Chickpea
38.5,16,31.7,18.7,60,6.54,224.6,22.3,41.9,Chickpea
37.5,14.7,28.4,29.4,34.1,6.27,229,22.7,28,Chickpea
58.3,9.6,33.5,23.5,58.9,6.54,166.9,22.3,23.9,Chickpea
30.2,5,24.7,29.6,60,7.5,142.8,21,32,Chickpea
39.7,9.5,31.5,19.7,32,6.29,318.1,30,31.1,Chickpea
46.9,40.1,33.8,25.6,47,6.5,178.6,22.6,46.7,Chickpea
68,9.4,46.8,23.2,46.5,6.67,273.5,22.6,23.5,Chickpea
41.8,39.4,29.7,25.2,37,6.3,171.5,21.7,30.4,Chickpea
47.8,29.3,29.9,28,37.8,6.6,219.2,21.7,35.6,Chickpea
47.9,7.5,42,23.9,45.4,6.67,154.3,18,37.3,Chickpea
10.6,18.6,39.4,28.8,44.4,6.46,199.8,22.6,17.5,Chickpea
52.8,29.2,61.7,26.6,32.2,6.87,238.2,26.3,17.8,Chickpea
55.3,23.7,30.8,29.7,47.1,6.77,172.7,18,29.6,Chickpea
34.3,22.4,47,24.1,38.1,6.29,207.2,25.1,10,Chickpea
55.9,26.7,49.2,25.8,36.6,6.87,153.4,26.3,31.7,Chickpea
47.3,17.3,33.9,22.1,48,6.49,175.1,24.6,11,Chickpea
61.1,25.7,42.1,25.8,22.2,6.56,229.3,23.2,26.5,Chickpea
26,25.3,34.3,24.3,36.3,7.5,251.4,23.1,57.6,Chickpea
32,11.5,38.2,22.8,30.7,6.63,219.9,18,15.7,Chickpea
80,9.2,47.1,25.8,27.7,6.72,209.8,19.6,20.8,Chickpea
34.3,16.6,39.5,23.1,31.8,6.57,293.4,27.1,40.6,Chickpea
64.4,5,25.6,24.3,40.3,6.74,195.3,23.6,28.7,Chickpea
33.5,35.8,46.1,23.1,46.8,6.54,143,20.9,29.2,Chickpea
24.7,23.4,34.2,24.4,28.2,6.67,139,24,11.4,Chickpea
25.9,29.1,32.5,22,38.1,6.56,178.4,22.3,27.3,Chickpea
28.9,5,32.9,22.1,21.9,6.6,250.4,19.1,32.6,Chickpea
32.8,50,38,24.7,40.8,6.8,190,25.2,45.8,Chickpea
41,23.2,44.4,19.4,45,6.51,251.3,22,20.9,Chickpea
44.2,11,30.4,29.3,33.2,6.45,286.9,18,37.9,Chickpea
55.2,22.1,38.5,25,55.2,6.74,252.2,24.5,40.9,Chickpea
37.7,16.7,22,20.4,54.3,6.74,183.7,21.4,20.3,Chickpea
33.1,30.2,40,23.6,34.3,6.43,211,22,20.6,Chickpea
47.3,5.1,40.8,27,52.4,6.27,194.9,18.8,22.2,Chickpea
52.5,18.6,32.3,22.8,29.3,6.97,189.4,23.3,29.6,Chickpea
39.6,35.2,36.3,21.1,40.8,6.52,108.8,19.8,26.1,Chickpea
49.5,20.1,45.2,23.8,36.8,6.4,284.2,18,19.2,Chickpea
22.9,5,50.7,21.3,42.3,6.83,252.5,18.2,20.8,Chickpea
38.4,14.8,34.6,26,49.9,6.76,150.5,20.7,41.8,Chickpea
46.9,8.8,33.7,26.2,33.6,6.28,193.3,20.1,28.7,Chickpea
80,11.1,43.4,28.3,39.8,6.7,151,18.9,37.1,Chickpea
50.1,19.3,47,24.6,47.8,6.5,227.9,25.6,25.2,Chickpea
10.4,18,25.4,23.2,51.7,6.57,259.6,24.7,38.9,Chickpea
51.1,5,43.2,20,37.1,6.62,242.9,19.9,41.7,Chickpea
25.8,28.3,39.3,19.7,33.9,6.81,216.6,24.4,24.6,Chickpea
54.1,20.4,30,18.9,43,6.74,121.9,23.6,28.9,Chickpea
38.4,7.6,48.3,21.8,27.5,6.49,193.8,25.3,31.3,Chickpea
33.9,15.1,54.6,25.8,51.1,6.27,164.7,20.9,32.3,Chickpea
32.1,46.2,44.5,18,54,6.58,175.9,27,41.6,Chickpea
25.9,31.1,30.6,18.3,27.6,7.24,257.2,25.1,27.6,Chickpea
14.5,8.6,44.9,24.7,43.8,6.76,203.2,19.1,20.2,Chickpea
31,18.9,60.4,25.9,41.8,6.29,217.2,20.8,28.4,Chickpea
52.9,32.6,48.1,22.2,32.4,6.62,191.1,25.7,32.6,Chickpea
37.5,17,49.6,28,32.4,7.1,171.3,23.4,22,Chickpea
27.4,25.4,45.4,30,47.6,6.31,189.3,18,47,Chickpea
67.8,45.5,37.7,21.9,51.5,6.3,195,26.9,18.5,Chickpea
41.2,26.3,37.4,25.8,36.1,6.38,153.6,30,27,Chickpea
30.7,23,26.8,18.7,43.1,6.46,345.9,20.6,27.6,Chickpea
10,14.4,31.2,22.3,35.9,6.53,219.8,19.4,34.8,Chickpea
28.7,29.2,23.7,23.6,38.7,6.54,143.7,25.4,44.8,Chickpea
53,5.8,38.8,26.8,25.8,6.41,128.4,18.9,20.4,Chickpea
41.5,24.3,41.4,20.1,49.2,7.03,180.8,29.3,21.4,Chickpea
50.3,5,31.5,23.3,40.1,6.63,156,23.2,31.5,Chickpea
36.6,19.3,12.9,27.3,48.8,6.36,175.4,23.5,37.6,Chickpea
80,34.4,42.4,28.6,40.8,6.75,168,24,36.6,Chickpea
27.8,20.9,23.1,19.7,33.6,6.43,205.5,19.7,21.7,Chickpea
50.2,32.5,38.1,25.6,35.3,6.07,236.1,21.2,28.3,Chickpea
33.4,24,17.3,20.9,45.1,6.38,137.5,20.7,22.3,Chickpea
41.5,16.1,35.3,26.4,31.9,6.6,202.9,25.4,39.4,Chickpea
39.3,14.9,47.5,22.3,37.5,6.28,269.2,27,35,Chickpea
57.7,10.5,37.2,25.3,38.3,6.56,155.4,21.1,38.7,Chickpea
24.7,16.9,55.2,23.8,37.9,6.72,244,18,39.1,Chickpea
49.8,20.4,52.9,23.3,29.9,6.78,223.8,27.5,37.3,Chickpea
33.4,34.4,58.9,23.3,41.4,6.46,253,19.6,28.5,Chickpea
33.9,15.9,31.9,27.4,33.9,6.5,282.3,21.5,38.1,Chickpea
80,10.7,42.5,28.7,29.1,6.06,280.8,20.6,14.8,Chickpea
41.7,17.3,34.4,26.6,45.7,6.66,229,18.4,18.4,Chickpea
55.4,24.5,46.8,26.1,34.1,6.59,110.9,20.2,42.5,Chickpea
55.7,25.6,36.5,27.2,41.3,6.58,112.8,30,16.8,Chickpea
51.7,24.3,47.8,22.4,31.1,6.47,224.3,21.2,39.3,Chickpea
41.8,16.5,55,23,24.6,7.5,204.9,22.4,33.5,Chickpea
52.6,22.2,38.3,23,43.8,6.44,139.7,21.4,42.5,Chickpea
32.8,27.8,42.7,22.2,48.7,6.58,287.9,23.5,29.4,Chickpea
22.2,50,51,21.5,30.8,7.19,100,19,19.4,Chickpea
18.9,28.3,67.4,27.1,42.8,6.96,141.4,23.4,27.1,Chickpea
54.3,39.6,62.1,26.2,60,6.45,275.3,21.1,42.5,Chickpea
22.6,5,38.4,29,44,7.43,188.7,24.6,44.6,Chickpea
51.4,8.8,32.2,22.8,31.5,6.32,186.6,18.2,10.6,Chickpea
10,10.6,65.9,18.9,41.5,6.13,151.5,21.7,60,Chickpea
21.9,18.7,31.8,22.8,39.2,6.36,232.4,25.7,39.4,Chickpea
43.4,11.8,44.1,21.6,44.8,6.78,275.4,24,13.9,Chickpea
34.6,5,28.9,27.3,49,6.7,109.5,25.3,24.9,Chickpea
80,33.5,42.1,23.2,29.8,6.78,145.6,19.9,15.8,Chickpea
73.5,6.3,48.3,18.6,56.2,6.38,203.9,18,30.4,Chickpea
26.8,26.2,31.4,28.3,44.7,6.65,106.1,24.3,25.8,Chickpea
48.4,12.5,55.5,23.9,27.8,6.21,268.5,22.1,16.6,Chickpea
50.7,21.2,22.8,23.9,50,6,259.2,24.3,42,Chickpea
32.3,6.4,42.8,28.5,42.4,6.62,272,19.1,33.4,Chickpea
28.7,5,35,24.1,47,6.47,140.8,21.7,22.8,Chickpea
44.9,26.9,30.8,18.7,44.5,6.85,220.7,23.7,14.8,Chickpea
26.8,17.7,46.3,21.7,31.5,6.46,198,22.3,36.7,Chickpea
51,50,44.5,22.7,34,6.88,190.6,23.7,35.8,Chickpea
38.2,15.8,32.1,25.6,42,6,186.9,22.4,26.5,Chickpea
29.9,8.2,43.8,23.3,49.8,6.61,219.8,25.6,43.5,Chickpea
46.2,9.7,39.9,29,28,6.08,170.3,27.2,16,Chickpea
21.3,19.7,36.3,27.3,40.3,6.67,202.4,22.3,17.8,Chickpea
32.4,22.2,51.2,30,29.5,6.63,251.4,18.7,31.2,Chickpea
30.9,25.1,15.8,26.3,46,6.56,256.3,22,12,Chickpea
37.8,28.4,42.7,25.9,47.2,6.9,146.5,23.4,24.5,Chickpea
53.8,36.6,40.7,19.5,49.6,6.94,269.3,24.6,38.9,Chickpea
24.6,24.8,38.7,22.1,26,6.61,187.1,18,27.9,Chickpea
49.7,13,30.9,25.2,41.9,6.47,235.9,25.6,46,Chickpea
58.1,40.6,67.4,18,34,6,139.5,25.9,33.2,Chickpea
38.3,28.6,39.6,22.7,30,6.32,282.4,21.7,47.3,Chickpea
41,19.3,53.2,24.1,35.3,6.24,138.2,20,42.6,Chickpea
28.1,18.9,22.1,24.3,42.7,6.73,229.4,18,16.9,Chickpea
62.7,8.3,39.1,22.5,55,6.33,174.3,27,48.2,Chickpea
48.1,29.8,61.2,30,26.2,6.82,290.5,21.9,19.4,Chickpea
17.3,5,43,21.2,23.4,6.04,340.7,18,38,Chickpea
34.3,22.7,48.6,21.9,33.5,6.64,151.4,18.7,26.8,Chickpea
15.8,26.8,47.4,22.2,47.1,6.15,172.7,19.9,41.3,Chickpea
45.9,21.9,51.6,24.2,35.8,6.98,134.5,24.5,33.1,Chickpea
23.8,22.1,40.2,24.8,60,6.78,205.8,22.8,40.3,Chickpea
50.3,29.6,22.8,26.2,41.2,6.27,222.6,24.6,37.5,Chickpea
39.6,31.2,46.3,23.7,22.6,7.17,200.7,23.3,18.7,Chickpea
48.1,25.2,41.3,24.8,46.6,6,222.9,18,40.2,Chickpea
57.5,22,48.5,26.9,47.4,6.79,193.4,18,21.8,Chickpea
36,27.2,22.6,23.7,36.5,6.47,195.1,18,27,Chickpea
43,17.8,46.3,23.3,42.8,6,231.3,18.7,38.5,Chickpea
42.1,5,35.2,21.9,44.4,6.21,199.1,22.3,38.5,Chickpea
37,47.5,45.7,23.6,57.7,6.15,123.7,22.9,24.8,Chickpea
49.6,14.6,59.3,20.2,57.3,6.7,225.9,24.7,23.9,Chickpea
52.4,23.6,34,23.3,30.7,6.67,212,22.6,40.7,Chickpea
33.6,26.3,38,24.9,53.1,6.84,300.6,19.7,39,Chickpea
38.6,24.5,48.7,23.9,41.2,6.36,246.5,19,27.5,Chickpea
16.6,24.9,37.8,20.5,39.1,6.79,286.2,20.9,30.5,Chickpea
46.9,19.9,25.6,26.1,46.7,6.66,218.6,28.3,39.6,Chickpea
44.7,21.2,31.8,21.9,38.1,6.39,100,23.1,22.1,Chickpea
16.5,28.9,44.2,23.3,44,6.54,228.9,21.9,38.7,Chickpea
51.7,5.4,20.1,21.7,39.8,6.84,225,24.9,33.8,Chickpea
32.1,6,59,26.2,34.6,6.16,195.7,23,30.3,Chickpea
32.1,16.9,32.8,20.5,28.9,6.44,136.4,21.1,18.5,Chickpea
35.3,6.6,36.3,23.1,41.1,6.39,194.2,23.4,29.5,Chickpea
40.7,11.8,32.9,25,49.2,6.69,234.5,30,21.1,Chickpea
32.7,15.6,41.3,19.6,40.1,6.8,236.1,30,23.5,Chickpea
23.6,24.8,30.7,23.7,38,6.7,311.2,28.9,60,Chickpea
34.8,11.4,39.6,23.5,31.4,6,245.9,20.5,43.1,Chickpea
26,30.1,36.9,24,49.2,6.22,288.1,27.7,20.5,Chickpea
29.8,11.1,55.3,29.1,43.2,6.53,266,20.8,37.4,Chickpea
23.8,27.5,23.1,23.4,46.5,6,149.6,25.3,21.3,Chickpea
53.5,25.2,54.9,22,46.6,6.69,162,20.1,41.1,Chickpea
27.6,19.3,58,26.7,34.8,6.69,322.2,25.7,25.2,Chickpea
44.1,5,37.4,24.9,43.4,6.27,237.7,26.5,24.8,Chickpea
43.9,17.1,40.6,26.4,42.1,6.26,211.2,23,33.1,Chickpea
52.9,13.9,28.3,22.8,32.3,6.3,165.9,21.7,32.9,Chickpea
10,20.2,48.7,21.4,41.5,6.82,171.7,22.5,28.5,Chickpea
31.3,5,33.4,25.1,51.7,6.26,235.4,21.5,30.3,Chickpea
60.7,31.2,57.7,20.1,28,6.76,216.6,18.9,22.8,Chickpea
36.5,7.2,32.8,25.9,40.6,6.94,209.1,27.2,26.8,Chickpea
36.1,17.7,18.4,22.7,41,6.76,277,21.1,23.5,Chickpea
80,25.1,48.2,22.1,46.7,6.55,185.4,24.9,30.7,Chickpea
48.1,16.8,28.5,21.5,38.4,6.4,204,23.2,32,Chickpea
54.3,5,34,20.1,47.3,7.03,141.6,20.7,40.9,Chickpea
35.1,19.4,34.8,20.6,20,6.72,100,26,31.8,Chickpea
40.9,23.5,47.2,25.5,35.9,6.38,142.6,24.8,35.7,Chickpea
56.2,21.9,30.4,24.7,51.8,6.48,187.9,19.3,35.6,Chickpea
43.1,14.9,44.3,26.6,58.6,6.54,269.7,21.8,40.5,Chickpea
30.5,14.5,39.5,26.3,33.2,6.17,147.5,23,25.2,Chickpea
42.6,20.2,89.2,24.9,36.4,6,239.2,29,30.5,Chickpea
55.4,13.3,45.7,25.2,39.7,6.67,171.1,19.2,17.5,Chickpea
54.2,10.4,30,25.5,36.7,6.49,212.4,22.1,34.2,Chickpea
21.3,19.7,28.8,21,54.7,6.47,272.8,18,21.7,Chickpea
38.8,26,33.1,28,21,6.59,209.2,24.8,40.2,Chickpea
42,15.8,41.1,30,43.8,6.45,256.7,24.5,42.4,Chickpea
50.2,14.2,18.7,26.3,48,6.24,199,26.5,26.2,Chickpea
53.5,5,44.7,25.9,39.4,6.72,218.7,18,27.4,Chickpea
35.5,15,24.7,23.3,45.4,6.73,226.6,23.5,42.3,Chickpea
15.1,5,60.6,22.7,31.4,6.46,223.7,20.1,13.1,Chickpea
14.6,8.5,58.5,26,28.4,6.82,218.5,18.6,35.9,Chickpea
47.6,14,51.9,23.4,31.6,6,207.8,21.4,30.5,Chickpea
48.7,5,43.5,19.1,42.8,6.32,163.3,21.2,45.4,Chickpea
23.5,23.9,42.1,19.2,39.9,6.64,200.8,21.1,35.5,Chickpea
55.4,25,36.9,20,48.2,6.27,281.9,24.3,23.9,Chickpea
47.9,24.1,16.8,21.7,20,7,135.2,23.8,10.3,Chickpea
27.9,5,39.6,25.7,20.8,6,220.9,22.9,25.6,Chickpea
28.3,15.6,30.1,25.5,31.4,6.39,264.7,21.1,24.3,Chickpea
28.1,23,43.3,22.4,60,6.35,292.9,19.7,36.1,Chickpea
22.9,18.5,48.4,20.8,45.9,6.12,139.4,23.3,20.4,Chickpea
54.3,17,43.8,22,44.9,6.22,230.5,20.3,43,Chickpea
13.4,33.2,41,23.7,26.6,6.55,145.3,25,40,Chickpea
54.5,24.1,32.3,25.9,42.7,6.42,204,21.6,25.2,Chickpea
22.3,17.4,48.4,24.7,45.1,6.33,264.4,18.4,25.2,Chickpea
37.1,18.2,28.5,21.2,48.7,6.7,128.6,24.1,41.9,Chickpea
35.8,7.1,38,18,20,6.52,163.8,19.6,23.7,Chickpea
28.9,19.1,43.3,21.3,32.4,7.13,205.9,18.5,35.6,Chickpea
48.9,5,43.6,21.7,38,7.09,179.8,23.2,28,Chickpea
17.8,13,46.5,26.5,40.1,6.47,226,24.8,22.3,Chickpea
69.8,15.7,21.9,24.1,35,6.06,187.7,22.4,28.1,Chickpea
34.4,34.9,33.4,22.2,43.3,6.41,296.7,22.6,30.9,Chickpea
33.2,5.8,46.6,19.3,24.7,6.68,163.7,23.9,31.8,Chickpea
40.7,9.8,32,25.6,41.1,6.6,215.8,18.5,25.4,Chickpea
19.6,23.6,44.5,20.1,56.4,6.18,282,21.1,31.9,Chickpea
41.5,25.7,50.1,25.8,26.5,6.39,242,18.6,55.1,Chickpea
51.9,11,26.1,24.1,37.6,6,100,23.7,29,Chickpea
33.2,26.5,46.7,24.9,27.6,6.29,162.2,20,40.7,Chickpea
19.7,5,42.8,22.8,46.7,6.39,253.3,20.2,16,Chickpea
70,21.5,41.9,25.4,24.8,6.22,185.2,18.4,28.6,Chickpea
29.3,13.7,45.1,25,20,6.44,207.6,30,36.7,Chickpea
24.8,5,30.5,26.4,31.1,6.29,251.4,18,38.3,Chickpea
26.2,15.6,50.3,19.5,47.1,6.86,137.7,27.5,31.3,Chickpea
27.2,10.8,42.7,23.2,44.5,6.34,234.2,23.9,16.4,Chickpea
59,5,38.3,25.3,43.8,6.14,194.3,22,30.8,Chickpea
24.8,5,37.7,22.9,43.4,6.59,238.4,27.3,42,Chickpea
30,17.2,35.1,25.2,35.7,6.56,186.5,22.5,35.4,Chickpea
11.6,23.1,41.3,23.3,46.4,6.39,147.1,18,34.8,Chickpea
17.9,17.4,39.3,21.3,52,6.67,246.6,24.2,10,Chickpea
52.2,9.6,55.8,28.1,51.2,6.61,161.8,18.7,27.8,Chickpea
43.4,16.5,39.6,21.6,34.3,6.7,175.7,25.3,24.9,Chickpea
30.6,12.3,48.8,20.9,20,6.67,192.4,19.6,21.2,Chickpea
57.6,18.1,30.7,22.8,44.4,6.94,162.5,23.5,10,Chickpea
38.5,14.4,36.3,27.8,54.1,6.81,291,22,15.5,Chickpea
34.2,15.6,39.2,27.3,49,7.33,109.3,26.8,38.1,Chickpea
23,32.3,41.6,23.9,56.9,6.43,268.8,21.1,35.6,Chickpea
46.2,10.7,35.7,19.1,29.7,6.32,205.2,19.9,37,Chickpea
14.8,5,29.5,22.5,45.4,6.61,229.2,18.5,26.7,Chickpea
53.8,17.9,36.3,19.9,36.2,6.91,250.4,30,37.8,Chickpea
14.2,23.3,33.3,24.6,41.8,6.61,218.1,25.4,14.8,Chickpea
48.9,25.5,46.2,25.8,34.5,6.29,160.1,18.2,27,Chickpea
14.2,6.7,21.5,19.7,36.2,6.21,237.3,20.7,22.3,Chickpea
33.5,13.6,47.9,27.4,25.9,6.42,199,23.7,30,Chickpea
54.3,28.3,27.6,22.9,35.7,6.48,145.6,26.1,35.5,Chickpea
61.8,12.2,32.4,20.6,29.1,6.7,126.9,20.1,27.2,Chickpea
57.9,23.2,44.3,25,48.7,6.31,100,21.4,21.4,Chickpea
55.5,5.4,41.9,21,47.6,6.63,156.8,23.9,26,Chickpea
19.1,24.4,55.8,21.2,30.1,6.13,232.4,28.6,28.7,Chickpea
35.9,12.1,39,19.6,48.9,6.74,128.6,23.5,22.3,Chickpea
56.7,19.4,45.9,20.2,28.9,6.82,176.6,19.2,43.5,Chickpea
22.4,29.6,47,19.3,47.4,6.26,209.2,20.2,34.5,Chickpea
38.8,11.7,58.6,26.9,49,7.5,170.6,24.2,26.4,Chickpea
53.1,28.1,34.1,25.2,39.1,6.78,249.5,18.7,30.9,Chickpea
41.7,39.1,32.1,24.7,53.2,6.59,273.4,30,30,Chickpea
38.7,36.3,52.7,24.8,39.5,6.3,216.5,23.4,14.3,Chickpea
39.6,23.5,37.7,28.9,45.8,6.74,176.2,18,34.7,Chickpea
23,18.5,29.4,28.1,52.2,7.13,215.6,23.3,36.3,Chickpea
38.5,29.5,46.3,23.1,48.6,6,193.7,18,28.2,Chickpea
46.4,17.5,36.7,21.5,35.9,6.86,108.3,18,15.1,Chickpea
18.3,11,53.9,26,44.4,6.92,184.5,18.6,37.6,Chickpea
44.1,20.9,43.2,25.1,37.1,6.87,114.8,25.5,35.4,Chickpea
29.4,24.8,34,26.6,46.1,6.98,199.6,18.4,31.8,Chickpea
33.9,14.8,41.4,23.9,38,6.32,175.6,21.5,48.8,Chickpea
10,16.6,48.3,20.7,26.5,6.57,165.4,28.9,32.8,Chickpea
29.3,20.3,47.2,24.2,23.9,6.36,275.4,18,40.3,Chickpea
37.4,5,40,21.5,59.4,6.16,203.2,21.1,26.3,Chickpea
36,5,45.1,18.9,31.5,6.35,171.8,21.7,50.9,Chickpea
26.6,26,30.7,29.2,30.7,6.68,233.1,19.6,32.4,Chickpea
16.7,11.4,46.4,29.5,49.7,6.25,257.4,21.8,22.5,Chickpea
47.1,12.3,44.1,25.2,45,6.23,176.8,27.4,10,Chickpea
58.9,6.5,44.8,18,45.2,6.53,139.5,25.1,34.6,Chickpea
55.3,20.4,43.5,20.4,24,6.57,293.2,21.4,43.6,Chickpea
37.7,18,43.3,21.2,54.9,6.23,104.7,26.7,22.2,Chickpea
28.1,8.8,41.4,30,46.6,6.3,197,21,33,Chickpea
14,25.4,47.9,26.1,43.7,6.66,161.9,26.3,48,Chickpea
38.5,32.2,49.8,30,43.7,6.49,228.4,23.6,16.7,Chickpea
49.2,13.6,34.9,21,33.2,6.46,169.3,22.5,13,Chickpea
55.7,18.9,47,21.5,34.2,6.02,175.5,25.4,18.9,Chickpea
25.7,17,33.2,24.5,36.1,6.87,102.5,19.1,22.3,Chickpea
21.1,5,19.2,21.8,42,6.47,151.6,22.7,14.5,Chickpea
36.6,36.5,35,25.7,47.4,6.81,190,19.6,34.3,Chickpea
56.4,23.9,41.7,24.7,22.5,6.44,240.6,22.4,32,Chickpea
34.8,39.3,61,27.4,29,7,234.5,23.4,41.1,Chickpea
34.1,35.6,40.5,26.6,55.8,6.29,286,21,41,Chickpea
30,19.6,32.4,24.2,57.5,6.9,140.4,26.5,30.8,Chickpea
45.3,38.3,42.5,19.8,47.5,6.6,219.5,18.8,35.3,Chickpea
42.2,13.7,37.2,19.6,36.1,6.18,266,19,40.5,Chickpea
10,50,42.3,24.6,23,6.78,208.1,19.3,34.2,Chickpea
27.5,10.9,55.4,23.5,36,6.87,148.6,23.2,35.3,Chickpea
13.1,25.1,39.5,20.7,20,6.47,178.4,23.2,20.2,Chickpea
39,5,40.4,23.2,23.5,6.24,139.1,24,31.7,Chickpea
48.7,17.9,49.8,21.3,28,6.51,226,18,36.4,Chickpea
68.2,19.2,57.1,27,46.5,6.62,230.9,22.3,21.6,Chickpea
41.6,31.5,35,18.2,55.2,6.82,232,20.9,34.9,Chickpea
51.3,7.5,41.2,20.8,27.6,6.29,174.6,21.5,12.1,Chickpea
59.4,21.8,42,24.1,52.8,6.74,177.3,26.2,12,Chickpea
41.3,21.5,37.9,24.9,47.2,6.6,243.5,19.1,32.7,Chickpea
24.7,9.6,19.5,22,41.7,6.46,190.8,21.4,45.8,Chickpea
13.5,24.2,34.6,21.7,38.1,6.34,125.6,18,29.5,Chickpea
38.7,29.9,29.7,25.6,28.8,6.9,260,20.7,32.1,Chickpea
35.6,27.2,46.4,23.2,28.3,6.65,213.8,26.6,34.8,Chickpea
61.1,19.6,53.2,21.8,30.5,6.63,200.4,19.3,19.6,Chickpea
30.5,5.2,40.7,30,23.1,7.16,294.2,21.8,21.8,Chickpea
39.6,16.2,73.3,18,28.8,6.35,145.4,22.4,10,Chickpea
31,12.6,59.7,27.8,38.2,6.51,146.7,20.1,10,Chickpea
56.9,31.3,58.1,18,27.7,6.61,221.7,24.4,40,Chickpea
23.7,13.8,33.6,25.9,59.4,6,249,20.3,15.2,Chickpea
27.3,5,23.7,27.8,39.7,6.96,240.1,22.6,12.3,Chickpea
17.7,17.2,45.9,24.6,27.5,7.01,221.7,20.3,39.5,Chickpea
31.1,50,42.4,20,32.2,6.83,172.1,24.4,34.2,Chickpea
28,39,31.6,21.2,60,6.67,217.7,23.1,44,Chickpea
43.9,21.6,47.6,18,57.4,6.36,196.9,20.6,41.4,Chickpea
43.6,31,57.3,22.9,36.6,6.78,207.3,18,28.7,Chickpea
17.1,22.9,59.9,24.1,50.2,7,151.8,20.4,37,Chickpea
47.1,17.7,28.4,22,49.7,6.81,183.8,18,10,Chickpea
46.7,8.3,45.5,23.7,59,7.07,244.7,23.8,11,Chickpea
10,15.1,54.7,18,33.8,6.57,162.1,19.2,32.3,Chickpea
54.8,28.5,52.1,19.9,29.7,6.17,172.8,22.7,32.7,Chickpea
51.5,43.9,21,23.3,35.3,6.24,190.7,21.8,31.8,Chickpea
11.6,32,27.4,28.6,36.1,6.62,185.3,20.5,10,Chickpea
35,16.8,40.5,21.3,33.8,6.8,265.3,25.5,25,Chickpea
38.3,25.5,28.4,28.2,43.5,6.63,165.5,24.3,27.9,Chickpea
18.7,24.1,38.1,22.4,42.8,6.41,350,20.4,13.8,Chickpea
48.8,30.1,53.3,22.6,38.9,6.64,243.7,18,34.7,Chickpea
14.7,17,56.1,27.2,42.2,6.06,301.1,19,27.8,Chickpea
11.1,35.1,44.5,22.3,34.8,6.1,205.6,19.3,28.1,Chickpea
58.2,8.9,61.4,23.8,37,6,214.4,21.5,27.1,Chickpea
28.1,5,38.6,24,35.1,6.28,164.6,18,26.2,Chickpea
53.3,15.5,33.4,24.5,20,6,201.9,22.3,16.9,Chickpea
17,26,74.6,20.1,44.6,6.24,256.1,24.3,15.1,Chickpea
22.1,5,28.5,21.6,31.9,6.5,172.2,18.5,20.6,Chickpea
28.8,14.1,35.1,21.8,38.4,6.98,121.6,21.3,32.7,Chickpea
50.6,36.9,46.6,27.3,43.1,6.3,241.1,20.9,47.7,Chickpea
43.1,31.1,36.5,21,59.5,6.43,208.2,23,33,Chickpea
33.8,20.8,37.7,18.8,30.7,6.74,211.6,26.4,20.6,Chickpea
37.5,17.5,35.3,29.2,37.1,6.32,106.8,24.9,48.8,Chickpea
18.2,15.8,48.7,27.6,49.2,6.06,169.7,21.2,43.1,Chickpea
52.7,24.5,40.5,18,34.7,6.48,154.2,30,24.3,Chickpea
48,5,36.4,22,29.3,6.67,205,20.1,34.7,Chickpea
53.6,28.9,43.6,28.1,46.4,6.33,200.5,22.5,37.8,Chickpea
41.2,15.1,20.5,21.7,31.5,6.22,191.9,20.3,25.8,Chickpea
61.9,33.5,29.5,27.6,29,6.85,195.2,18,31.9,Chickpea
42.3,27.3,47.6,23.1,38,6.61,189.8,18,17.4,Chickpea
21.5,8.5,52.3,27,20.6,6.52,202.5,20,41.8,Chickpea
41.8,11.5,40.6,21.2,37.4,6.35,239.5,21.3,22.6,Chickpea
33.1,22.3,47.6,21,38.4,6.92,191.1,25.1,37.9,Chickpea
42.6,17.8,29.1,25.1,58.9,6.44,161.5,23.2,55.5,Chickpea
19.1,26.9,57.2,23.4,33.2,6.44,203.5,18,26,Chickpea
37.5,7.2,36.3,25.7,41.1,6.61,156.2,22.9,18.4,Chickpea
47,20.7,35.8,23.4,27,6.21,222.5,22.1,20.7,Chickpea
69.5,13,41.8,19.8,39.4,6.12,257.5,18.5,36.1,Chickpea
31.5,10,19.8,24.1,60,6.28,257.3,25.5,20.6,Chickpea
18.5,11.4,52.2,18,44.8,6.6,198,18.8,34,Chickpea
52,26.6,51.9,25,49.2,6,139.2,22,13.2,Chickpea
80,30.6,41.3,18,45.4,6.9,161.7,21.2,39.3,Chickpea
59.5,30.5,41.3,24.5,42.7,6.46,248.7,20.5,25.4,Chickpea
64.9,22.5,48.2,24.7,28.9,6.74,210.5,21,30.3,Chickpea
28.1,16.5,44.4,25.1,20,6.47,169.1,22.7,34,Chickpea
41.7,12.9,21.4,22.9,38.6,6.08,202.6,25.1,31.2,Chickpea
28.8,20,30.1,18.3,42.4,6.85,127.1,18,28.3,Chickpea
39.3,5,37.7,23.5,45.7,6.1,104,18,21,Chickpea
15.9,12.4,34.7,26.2,56.4,6.93,100,23.3,53.7,Chickpea
52.7,23.6,41.5,25.5,34.1,6.65,118.8,18,18.6,Chickpea
55.6,21.4,41,28.4,35.4,6.44,249.4,22.8,47.3,Chickpea
39.6,42.8,36,22.2,37.3,6.3,157.3,23.7,38.1,Chickpea
54.6,33.7,26.4,19.9,22,6.96,145.7,19.1,31.9,Chickpea
28.4,25.6,48.8,22.7,35.2,6.3,227.6,26.2,42,Chickpea
39.4,32.2,43.9,28.6,31.5,6.43,249.8,24.2,38,Chickpea
46.2,19.5,34.2,22.2,44.2,6.76,161.9,19,15.3,Chickpea
65,36.1,27.1,19.7,36.7,6.43,229.6,18,31.4,Chickpea
28.2,19.1,30.2,19.1,33.8,6.75,168.3,24.8,40.9,Chickpea
42.4,16.1,50.3,28.4,47.1,6.17,213.2,21.4,24.6,Chickpea
32.5,33.7,30.5,24.1,35.3,6.04,188.7,21.8,15.3,Chickpea
10,21.9,58.2,23,38.3,6.21,223.1,23.2,34.3,Chickpea
24.4,16.5,51.7,30,41.4,6.46,195,23.6,22.6,Chickpea
45.3,31.9,29.3,28.5,35.5,6.55,140.4,20.9,23.4,Chickpea
40,9.5,21.2,20.4,46.3,6,249.8,18.4,31.8,Chickpea
16.4,19.5,42,20.9,27.7,7.24,238.8,21.3,32,Chickpea
49.6,28.5,32.9,21.6,46.3,6.36,241.2,21.3,60,Chickpea
47.3,13.9,46.6,23.2,47.9,6.15,176.9,21.7,26.7,Chickpea
42.5,12.5,41.5,20.9,44.3,6.62,215.2,18,23.5,Chickpea
46.7,10.3,23.7,22.7,40.1,6.51,253,21.1,21.2,Chickpea
47.3,13.2,33.9,25.6,26.2,6.51,350,18,44.8,Chickpea
51,31.3,47.8,22.3,55.8,6.49,166.8,22.5,26.7,Chickpea
39,12.8,18.8,24.6,20,7.01,224.5,23.6,47.1,Chickpea
27.1,5,33.8,21.2,37.9,6.22,244.6,21.7,37,Chickpea
57.4,16.9,40.3,26.3,53.8,6.34,178.6,22.1,39.7,Chickpea
38.3,22.2,40.2,25.6,22.7,6.61,246.4,18,39,Chickpea
38.8,24.3,32.2,23.8,20,6.49,287.3,30,10,Chickpea
44.5,21.5,27.8,26.8,34.1,6.87,195.3,18.8,23,Chickpea
39.3,8.1,36.1,20.2,35.8,6.52,107.7,21,33.9,Chickpea
31.1,13.8,27.8,28.1,44.2,6.14,350,21.4,27.8,Chickpea
50.1,12.6,46.5,23.1,21,6.58,124,25,40.5,Chickpea
17.7,14.9,57.1,19.7,51.5,6.16,142.9,23.5,29.5,Chickpea
41.9,24,39.3,29.2,26.7,6.49,294.6,21.1,28,Chickpea
46.3,6,38.3,20,51.3,6.97,222.1,22.2,11.5,Chickpea
18.4,27.8,51.7,24.2,42.5,6.51,246.7,21.9,21.7,Chickpea
32.2,10.7,32.5,23.1,40,6.09,100,18,29.4,Chickpea
37.8,16,52.2,26.6,33.4,6.37,225,21.5,30,Chickpea
25.2,16.7,29.9,29.2,34.2,6.36,210.5,27,16,Chickpea
41.5,11.9,48.8,24.3,28,6.4,198.4,27,22.5,Chickpea
36.6,8.1,37.3,20.4,58.5,6.74,106.7,25.7,25.9,Chickpea
75.8,12.2,52.8,27,40.7,6.61,216.3,24.4,29,Chickpea
51.5,15.6,40.5,25.6,35.5,6.56,183.9,22.7,32.3,Chickpea
67.8,35.9,31.9,21.9,35.1,6.39,122.9,23.8,26.4,Chickpea
31.9,5,28.1,26.8,41.9,6.42,199.6,19.5,28.2,Chickpea
42.4,16.1,28.9,24.2,38,6.72,201.2,20.6,44.2,Chickpea
25,22.2,41,26.3,37.6,6.74,222.6,18.2,22.7,Chickpea
38.7,24.4,46.8,21.8,36.8,6.5,221.2,22.4,44.9,Chickpea
16.4,17.7,60.9,20.1,60,6.54,254.7,22.4,40.7,Chickpea
13.5,15.1,40.3,20.2,34.1,6.67,175.3,26.1,41,Chickpea
35.9,15.9,42.4,25.7,58.6,6.51,199.8,20.5,41.9,Chickpea
51.7,22.5,31.9,24.3,43.7,6.39,167.7,23,22.3,Chickpea
33.1,15.5,28.1,22.7,49.5,6.58,215.1,24.7,17.2,Chickpea
29,12.5,45.1,27.4,26,6.56,123.5,26.9,25.1,Chickpea
44.8,21.5,42.2,21.9,45.6,6.7,125.4,22.8,30.2,Chickpea
38.9,26.6,20.6,24.5,48.2,6.3,178.9,21.6,37.2,Chickpea
34.2,17.4,36.8,24.3,47.4,6.88,156.9,20.3,37.9,Chickpea
27.3,16.8,35.6,21.4,45.6,6.25,258.5,21.9,42,Chickpea
35.6,21.3,50.4,30,50,6.44,132.1,21.4,26.2,Chickpea
45.2,21.1,52,18.7,37.3,6.53,311.7,23.7,43.1,Chickpea
40.7,13.5,24.2,29.5,30.7,6.65,133.8,27.4,30.2,Chickpea
63.8,18.9,42.5,24.9,23,6.14,125.3,22.7,15.9,Chickpea
38.6,10.9,28.2,21.6,43.7,6.6,142.3,18,26.5,Chickpea
67.4,24.2,41.7,30,47.6,6.87,164.4,27.7,36.6,Chickpea
53.7,31,43,21.6,20,6.61,128.4,22.9,11.1,Chickpea
28,5,38,28.9,41.6,6,264.9,18.1,30.9,Chickpea
32.4,11.8,46.1,24.9,41,6.36,100,27.4,44,Chickpea
37.3,23.1,34.4,24.3,43.9,6,185.2,18,19.9,Chickpea
57.7,17.4,50.6,22,45.9,6.17,160.1,19.8,38,Chickpea
33.8,32.1,41.1,22.6,34.3,6.37,178.4,23,35.6,Chickpea
14.2,23.8,74.5,28.9,44.7,6.28,249.5,22.3,33.6,Chickpea
50.1,14.1,40.2,24.3,53.3,6.67,282,18,28.4,Chickpea
59.5,28.8,46.5,24.7,32.4,6.42,185.2,23.5,40.6,Chickpea
51.5,20.3,47.7,22,23.1,6.44,105.1,22.4,34.1,Chickpea
46.3,5.3,80.9,25.5,38.4,6.87,158.2,26.8,15.2,Chickpea
58.4,8,42.1,23.9,39.5,6.54,245.9,22,23.7,Chickpea
48.1,20.4,51.8,28,34.8,6,233.6,22.9,21.6,Chickpea
46,13.9,48.1,26.8,42.9,6.37,254.2,20.1,35.5,Chickpea
34.5,19.6,99.4,26,46.7,6.47,186.7,18.4,27.8,Chickpea
21.9,17,34.3,25.3,40.1,6.09,100,23.7,41.3,Chickpea
50.5,33.4,39.3,22.6,43.2,6.17,195.9,22.1,37,Chickpea
10.1,5,23.9,29.1,31.2,6.33,256.9,23,37.8,Chickpea
36.3,19.8,28.7,30,40,6.06,144.3,18,27,Chickpea
25.8,31.4,41,25.7,29.6,6.76,305.1,25.5,53.3,Chickpea
32.6,13.3,25.5,23,29.3,6.97,156.8,27.6,20.1,Chickpea
17.1,21.2,53.5,22.4,41,6.92,315.1,24.3,29.2,Chickpea
30.1,24.1,33.4,28,47.1,6.76,215.6,25.7,40.9,Chickpea
51.1,28.3,31.6,24.5,38.7,6.49,139.8,26.6,17,Chickpea
21.5,5,40.6,19.9,39.5,6.85,110.5,20.2,13.6,Chickpea
41.6,8.2,55.1,22.8,37.8,6.56,197.1,18.4,34.7,Chickpea
64,5,43.5,24.4,42.3,6.42,165.4,22,31.9,Chickpea
26.9,28.6,56.5,27.5,38.8,6.85,251.7,20.2,19.7,Chickpea
47.1,30.3,19.1,26.7,36.7,6.47,199.7,27.6,11.2,Chickpea
30.8,14,36,27.4,34.7,7.22,199.5,26.1,34.1,Chickpea
27.8,16.9,48.5,23.1,44.4,7.07,279,23.4,12.4,Chickpea
68.2,23.9,32.1,26.1,35.7,6.27,249.3,23,10,Chickpea
27,16.4,37.6,25.1,36.8,6,214.1,23.8,16.6,Chickpea
32.8,5,38.2,22.8,44.2,6.99,168.7,24.6,33.4,Chickpea
54.5,26.1,32.4,21.7,44.4,6.84,205.1,19.1,42.3,Chickpea
41.2,50,48.3,28.2,37.5,6.39,263.1,19.2,28.2,Chickpea
37.3,23.3,52.5,22.3,51.7,6.81,174.8,26.3,26.9,Chickpea
46.6,30.2,32.3,30,38.3,6.81,133.2,20.1,25.7,Chickpea
57.2,5.5,40.8,25,47.4,6.32,245.6,20.7,13.3,Chickpea
42.6,24.4,34.7,21.4,27.8,6.39,239.8,19.3,38.5,Chickpea
22.7,21.2,32.2,21.7,41.1,6.57,258.7,27.7,42.2,Chickpea
41.1,11.1,29.8,26.1,20.2,6.39,350,20.2,48.6,Chickpea
52.5,18.6,33,23.4,59.8,5.87,103.8,20.7,27.6,Kidneybeans
49.1,16.6,32.5,25,51.7,5.64,60,19.4,16.6,Kidneybeans
65.3,19.6,55.4,21.8,42.3,5.73,78.6,23.9,20,Kidneybeans
27.7,19.3,50,21.1,32.9,6.07,80.8,20.1,52.6,Kidneybeans
73.6,21.3,37,23.4,39.3,6.01,110.9,21.8,34,Kidneybeans
35.1,19.6,48.1,24.1,58.5,5.58,93.1,20.6,25.5,Kidneybeans
25.4,17.3,40.3,21.8,56.5,5.8,111.6,26.2,27.6,Kidneybeans
41.9,25.6,21.8,27.3,54.1,5.78,112.4,22.1,21.2,Kidneybeans
49.3,18.3,29.4,30,61.1,5.8,112.7,25.1,38.9,Kidneybeans
75.5,16.9,39.2,26.1,47.3,5.9,77.5,24.7,33.1,Kidneybeans
56.2,14.7,39.1,26.4,50.2,5.83,105.9,22.8,28.2,Kidneybeans
61.6,14.6,33,22.9,43.9,5.75,119.8,26.3,42.3,Kidneybeans
44.9,21.6,52.6,19.5,54.3,5.53,94.2,24.8,33.6,Kidneybeans
59.4,17.3,27.7,24.7,53,6.08,140.6,29.1,41.3,Kidneybeans
55.7,24.3,35.8,23.9,38.2,5.99,102.4,21.6,60,Kidneybeans
31.3,22.8,30,25.9,55.3,5.67,96.7,23.1,26.9,Kidneybeans
32.9,19.1,19,21.8,31.3,5.79,86.8,20.7,20.6,Kidneybeans
56.3,16.7,57.1,22.8,42.9,5.89,107.7,24.6,22.4,Kidneybeans
36.3,28.9,38.8,24,47.2,6.01,88.2,23.9,60,Kidneybeans
25.7,20.9,37.4,26.9,48.3,5.5,112.8,24.5,31.2,Kidneybeans
62.3,33.8,35,25.4,42.2,5.52,124.3,23.6,36.3,Kidneybeans
28.5,14.9,36.7,28.3,43.9,5.73,116.3,25.5,19.1,Kidneybeans
60.8,31.8,48.4,23.9,62.7,6.06,97.8,21,23.6,Kidneybeans
33.9,30.5,38.9,24.9,39.2,5.95,72.8,19.4,38.6,Kidneybeans
41.4,19.8,36.2,23.8,47.3,5.83,126.9,21.7,32.5,Kidneybeans
55.3,21.7,38.4,21.9,45.6,5.83,115,24.7,30.3,Kidneybeans
84.9,15.3,44.7,27.1,56.3,6.21,66.2,23.8,38.1,Kidneybeans
54.1,16.9,36,24.2,37.6,5.88,100,20.3,10,Kidneybeans
49.1,18.5,39.7,16.4,52.6,5.5,87.9,27.9,26.2,Kidneybeans
45.5,21.7,47.8,23.6,54.7,5.85,100.2,23.5,33.2,Kidneybeans
82.5,20.9,33.3,29.2,40,5.89,63.1,22,46.3,Kidneybeans
52.7,18,34.8,25.6,60.8,5.7,79.2,19.5,51.1,Kidneybeans
63.2,25.2,18.8,28.5,53,5.64,112,24.8,26.2,Kidneybeans
100,19.5,52.2,25.6,30,5.88,112.6,22,47.5,Kidneybeans
22.8,19.4,43.5,29.1,73.9,5.61,75.6,19.8,35.6,Kidneybeans
38.7,12.3,24.8,24,56.1,5.66,112.1,17.2,45.8,Kidneybeans
66,18.5,26.8,21.9,48.1,6.11,95.7,19.4,16.7,Kidneybeans
17.3,18.4,51.6,28.9,45,5.57,60,28.7,34,Kidneybeans
59.4,25.8,29.9,24.1,56.2,5.61,104.4,28,30.6,Kidneybeans
61.3,13.1,41.1,22.5,38,5.61,104.3,25.2,42.4,Kidneybeans
77.2,13.6,48.6,27.7,45.7,5.65,88.3,21.2,27.6,Kidneybeans
37.2,19.3,49.6,22.7,30,5.98,93.7,21.8,24.1,Kidneybeans
39,22.2,44.1,30,37.6,5.6,101,25,30.2,Kidneybeans
39.9,23.3,33.1,29.2,51.4,6,72.6,22.6,36.3,Kidneybeans
56.4,36.6,40.2,20.1,53.1,5.66,90,27.8,48.6,Kidneybeans
52.3,22.5,40.4,26.1,39.3,5.82,101,18.5,37.3,Kidneybeans
38.6,25.1,28.1,25,39.4,5.66,99.5,22.9,50.5,Kidneybeans
55.4,26.6,62.7,27.6,44.2,5.55,75.7,22.1,16.5,Kidneybeans
46.2,11,37.6,20.7,71,5.76,90.9,21.6,29,Kidneybeans
77.6,18.3,34.8,25.2,67.4,6.15,109.4,22.6,21.2,Kidneybeans
47.5,21.1,39.4,23.9,46.8,6.05,115.6,17.6,37.8,Kidneybeans
82,20,50.1,25.9,41,5.5,113.2,24.6,30.6,Kidneybeans
53.7,17.7,40.5,29.3,37.5,5.98,92,23.1,26.5,Kidneybeans
71.5,15.8,32.7,21.1,55.8,5.54,103.1,17.6,60,Kidneybeans
67.2,16.3,52.2,21.4,51.4,5.75,120.1,24.8,35,Kidneybeans
22.6,22.4,49.7,26.7,41.9,6,118,24.8,26.8,Kidneybeans
42.4,24.4,26.4,24.3,60.9,5.71,97.7,19.5,37.1,Kidneybeans
50.6,24.8,47.5,21.7,46.7,5.85,120.6,19,28.6,Kidneybeans
35.4,28,33.8,20.6,46.7,5.66,94.3,23.4,23.2,Kidneybeans
70.4,22.8,27.5,27.2,70.6,5.94,69.2,25.1,23,Kidneybeans
70,16.9,58.5,29.6,61.3,5.94,120.6,27.4,30.2,Kidneybeans
58.5,17.8,44.6,24.9,55.3,5.84,109.3,20.3,37.1,Kidneybeans
64,25.2,41,25.1,57.5,5.7,68.2,21.1,42.7,Kidneybeans
26.8,17.2,42.9,27,57.9,5.99,89.6,21.9,27,Kidneybeans
37.9,17.5,28.3,23.2,41.7,5.81,105.7,25.6,20.2,Kidneybeans
59.7,30.4,43.7,21.3,49.3,5.88,123.3,23.9,29.5,Kidneybeans
74.1,23,24,25.6,57.5,5.59,96.4,18.6,33.1,Kidneybeans
41.1,19.3,37.3,24.7,49.8,6.11,124,19.3,25,Kidneybeans
40.3,21,39.1,25.7,65.6,5.74,120.1,16.2,32.9,Kidneybeans
58.6,23.8,53.8,26.8,66.2,5.85,97.7,22.3,39.5,Kidneybeans
40.6,17.1,44.8,21.6,52.3,5.91,60,23.4,43.2,Kidneybeans
45.4,19.5,54.5,17.7,55.8,6.11,92.3,20.9,39.2,Kidneybeans
33.8,22.6,39.7,22.1,47.3,5.87,60,21.9,41.5,Kidneybeans
76.8,25.9,31.7,30,57.4,6.04,105.2,17.9,32.8,Kidneybeans
34.6,26.7,40.4,30,65.8,5.65,89.4,22.6,44.6,Kidneybeans
59.4,19.5,39.7,24.1,51.3,6.01,98.2,23.4,29.2,Kidneybeans
60.2,17.6,42,23.3,70.4,5.68,98.9,15,25.6,Kidneybeans
56.2,13.7,24.5,24.2,48.2,5.63,60,30,38,Kidneybeans
34.6,12.5,40.1,18.4,55.8,5.97,121.9,25.3,23.8,Kidneybeans
62.3,15.9,53.3,24.3,47.6,6.01,93.2,27.8,29,Kidneybeans
52.7,27.5,46,25.4,42.7,5.77,72.8,19.8,15.8,Kidneybeans
54.1,22.4,35.3,21.9,42,6.03,69.2,19.9,31.5,Kidneybeans
39.7,27.8,39.8,30,55.1,5.82,117.3,27.7,31.8,Kidneybeans
56,23.7,32.6,17.5,32.2,5.5,92.5,22.4,40.9,Kidneybeans
57.1,18.9,45.3,30,43,6.17,98.2,19.1,31.7,Kidneybeans
27.9,18,48.5,22.1,63.8,6.13,112.1,24.5,32.3,Kidneybeans
54.8,22.6,34.3,19.7,72.6,6.07,84.3,23.4,37.8,Kidneybeans
29,17.9,37.2,26,52.9,5.85,102.8,20.1,20,Kidneybeans
60,21.9,33.7,30,69.3,5.65,104.7,23.9,28.9,Kidneybeans
65.6,19.8,37.8,23.8,44.8,5.95,92.3,24.3,22.7,Kidneybeans
36,12.2,26.9,21.3,48.2,6.09,100.1,16.6,22.2,Kidneybeans
46.4,23.6,35.8,22.4,56.1,5.83,137.8,20.3,17.7,Kidneybeans
62.7,24.4,52.5,27.1,55.6,5.67,98.9,23.6,28.4,Kidneybeans
61.7,30.2,48.3,25.8,52.2,5.89,117.3,23.4,38.3,Kidneybeans
55,24,39.2,25.1,37.5,5.62,137,19.8,29.5,Kidneybeans
59.6,20.2,48.8,23.7,63.8,5.88,142.6,22.4,29.2,Kidneybeans
47.8,18.8,30.4,24.1,42.6,5.5,73.5,22.6,27,Kidneybeans
49.5,19.9,45.5,23.3,31.5,5.9,99.5,21,30.5,Kidneybeans
53.2,16.1,42.2,22.5,53.1,6.01,121.3,24.2,26.1,Kidneybeans
37.7,10.9,43.7,17.6,38,5.72,119.4,21.1,32,Kidneybeans
75.6,13.8,22.7,24.1,61.3,5.76,84.3,24.3,38.8,Kidneybeans
70.3,20.4,34.4,19.7,69.4,5.68,88,15,17.7,Kidneybeans
35.6,9,27.3,23.6,39.1,6.01,107.4,16.7,39.5,Kidneybeans
16.4,14.6,42.5,25.1,32.2,5.5,127.6,23.2,26.8,Kidneybeans
60.2,17.5,40.4,29.9,57.2,5.5,106.3,21,26.5,Kidneybeans
69.7,7.5,31.9,27.6,51.1,5.78,113.5,19.9,19.4,Kidneybeans
44.6,29.7,43.3,24.4,66.2,6.02,109.5,20.2,60,Kidneybeans
66.5,19.5,42,25.5,47.5,5.84,117,28.9,10,Kidneybeans
36.1,18.5,48.1,22.9,39.4,5.63,83.2,19.7,47.1,Kidneybeans
58.3,21.3,73.4,23.3,37.6,5.78,104.7,25,29.7,Kidneybeans
37.2,23,32.7,29.6,48.4,5.78,128,22.9,31.9,Kidneybeans
45.1,22,36.4,23,58.6,6,117.8,23.4,27.7,Kidneybeans
70,20.9,51.6,21.5,71.6,5.68,131.3,24.3,21.1,Kidneybeans
34.8,19.9,39,26.3,80,5.54,86.9,22.6,22.1,Kidneybeans
31.1,20.7,56.8,26.3,61.8,5.69,60,23.8,21.8,Kidneybeans
55.7,26.8,31.3,25,54.8,5.78,77,20.5,14.1,Kidneybeans
48.3,22.5,52.1,27.6,44.5,5.96,60,17,44.8,Kidneybeans
33.7,23.1,53.2,24.5,63.1,6.07,89.6,24.3,20.3,Kidneybeans
19.8,13.1,24.1,28.5,42.5,6.18,117.1,19.7,16.2,Kidneybeans
56.6,27.3,43.2,24.1,61.6,5.99,113.5,22.3,20.4,Kidneybeans
39.1,22.4,61.3,30,53.7,5.69,111.3,30,28.4,Kidneybeans
51.2,28.9,43.4,27.8,47.5,5.74,103.4,21.8,45.8,Kidneybeans
64.4,22.4,43.6,26.4,51.2,5.61,66.2,16.8,19.3,Kidneybeans
47.5,15.9,39.4,26.7,68.5,5.66,107.1,22.5,30.5,Kidneybeans
39.6,23.4,32.5,25.2,49.3,6.07,116.1,22.1,26.8,Kidneybeans
41.3,13.2,33,25.1,37.9,5.84,88.9,19.7,23.5,Kidneybeans
58.3,20.2,41.5,28.9,64.2,6.01,129.4,19.7,45.4,Kidneybeans
72.3,8.1,47.8,25.4,39.9,5.97,101.5,26.4,36,Kidneybeans
29.3,20.7,33.5,27.5,45.4,5.89,85.6,25.5,34,Kidneybeans
53.2,27.3,38.2,28.4,31.8,6.5,78.7,22.6,26.4,Kidneybeans
56.2,29.9,56.1,26.6,46.2,5.68,91.5,19.6,32,Kidneybeans
35.6,21.1,53.6,24,50.6,5.69,114.6,25.4,38.9,Kidneybeans
67.6,24.4,21.3,19,30,5.5,99.1,24.3,32.2,Kidneybeans
68.8,25.1,15,24.6,49.6,5.83,101.5,25.4,23.9,Kidneybeans
37.8,21.2,23.3,18.5,32.7,5.61,115.1,21.4,44.4,Kidneybeans
45.7,40.1,15.5,22.8,52.1,5.55,134.4,26.7,42.7,Kidneybeans
44.8,18.1,50.2,30,49.4,6.06,60,18.3,32.1,Kidneybeans
45.9,17.1,39.3,26.8,70.1,6.01,110.1,22.2,28.5,Kidneybeans
39.1,19,43.1,22.4,46.2,5.64,123.5,22.2,28.4,Kidneybeans
41.8,9.3,25.9,26.4,49.1,5.61,74.7,24.8,15.8,Kidneybeans
39.1,17.1,41.4,28.8,70.1,5.59,121.3,25,43.3,Kidneybeans
29.5,21.5,46.3,24,50,5.98,86.1,19.1,35.2,Kidneybeans
77.9,23,35.6,26.6,43.6,6.5,102.3,19.7,18.8,Kidneybeans
49,22.3,52.9,28,41.7,5.53,146.8,19.2,32.1,Kidneybeans
74.7,16.7,46.1,30,41.1,5.75,87,21.9,51.6,Kidneybeans
72.6,13.2,38.2,27.6,58.7,6.19,128.2,19.5,21.5,Kidneybeans
62.2,15.4,54.5,27.2,66.4,5.5,94.5,21.5,10,Kidneybeans
36.9,18,41.2,24.4,31.3,6.07,92.6,23.3,46.5,Kidneybeans
33.7,22,44,20,51.5,5.66,87.2,22.5,34.8,Kidneybeans
43.7,17.7,37.8,26.8,38.6,5.72,108.7,23.6,39.4,Kidneybeans
81.5,24.4,39,25.1,40.5,5.77,118.7,23.3,32.6,Kidneybeans
48.7,25.4,43.8,25.3,47,5.75,139.6,22.4,22.5,Kidneybeans
45.5,17.9,31.3,25.3,44.1,5.88,125.3,26.3,24.1,Kidneybeans
46,17.4,40.4,23.6,39.2,5.68,91.3,20.7,27,Kidneybeans
72.1,14.2,24.2,24,46.3,5.6,67.7,18.7,37.3,Kidneybeans
47.1,15.8,51,26.1,47.9,5.56,83.9,25,49.2,Kidneybeans
67.5,13,38.9,25,34.1,5.71,121.7,20.3,34.4,Kidneybeans
62.2,18.6,42.2,22.4,58,5.85,113.6,22.3,38.8,Kidneybeans
63.4,15.9,23.1,25,58.7,5.5,95.2,24.2,33.4,Kidneybeans
49.9,14.9,44.7,22.4,37.6,5.72,132.1,16.9,30.8,Kidneybeans
62.6,18.1,45.2,25.2,54.1,5.72,106,23.2,20.9,Kidneybeans
34.5,15.7,42.1,21,60.6,5.93,99,17.9,32.8,Kidneybeans
59,11.7,32.5,26.3,48.9,5.75,83.4,22.6,29.3,Kidneybeans
39.4,22,31.4,23.3,53.7,5.55,127.8,24.5,27.8,Kidneybeans
55.4,20.5,36,25.3,54.4,5.5,80.1,23.9,42.7,Kidneybeans
53.3,10.1,57.6,29.6,63.4,6.12,113.7,21.1,47.4,Kidneybeans
28.6,16.7,48.7,23.2,34,5.94,88.9,20.7,33.8,Kidneybeans
30.8,10.4,37.3,27.4,80,5.66,139.7,28.6,38.3,Kidneybeans
64.1,12.6,37.6,27.1,67.1,5.82,103.9,23.8,38.2,Kidneybeans
51,28.9,32,22.4,55.8,6.13,96.6,24.1,33.8,Kidneybeans
56.1,27.2,30,25.6,33.7,5.95,60,20.4,36.7,Kidneybeans
62.6,25.3,37.7,19.8,43.2,5.81,117.3,17.8,36.5,Kidneybeans
66.4,24.2,48.9,24.4,59,5.99,97.8,18,24.1,Kidneybeans
54.8,28,46.2,30,57.3,5.79,147,21.4,10.7,Kidneybeans
41.1,15.6,48.4,27.4,54.2,5.72,93.2,21.1,27.5,Kidneybeans
41.9,17.8,52.7,25.9,43.3,5.5,100.7,22.3,40.2,Kidneybeans
67.2,17.4,38.3,28.6,45.6,5.54,98.9,22.6,40.7,Kidneybeans
24.7,24.9,28.7,24.1,48.1,5.82,109.4,27.3,25.6,Kidneybeans
38.6,18.9,48.9,25.9,40.1,5.86,103.9,20.1,41.4,Kidneybeans
53.3,16.9,23.6,22.7,59.2,5.76,114.9,25.7,53.4,Kidneybeans
29.9,26.5,24.5,21.9,30,6.05,101.5,18,30,Kidneybeans
53.8,18.9,37.1,28,63.2,5.9,100.7,19.4,16.1,Kidneybeans
43,21.3,26.4,25.3,34.7,5.5,81.5,16.5,28.1,Kidneybeans
40.6,23.1,40.8,30,34.1,5.79,76.8,23.6,21.8,Kidneybeans
42.9,11,32.2,26.5,44,5.62,88.7,19.9,23.3,Kidneybeans
61,12.2,34.6,22.2,57.7,6.32,96.7,19.4,19.4,Kidneybeans
53,21.6,39.5,28.1,34.7,5.88,96.5,19.5,36.9,Kidneybeans
26.3,21.3,35.7,25.6,47.1,5.93,82.7,21.9,26.9,Kidneybeans
48.7,23.5,42.9,23.3,52.4,6.5,139.6,20.3,26.7,Kidneybeans
57.8,23.4,47.3,22.4,48.8,5.56,110.6,27.2,41.8,Kidneybeans
66.9,22.3,39.4,29,55.5,6.2,114,21.8,40.8,Kidneybeans
60.2,23.2,50.8,19.8,45.3,5.85,104.4,21.5,23.6,Kidneybeans
40,20.6,33.4,26.2,30,5.91,92.7,26.2,14.2,Kidneybeans
36.7,22.4,45.9,23.2,62.1,5.96,143.6,22.1,24,Kidneybeans
47.3,21.5,47.1,28,38.5,5.99,88.9,19.5,31.5,Kidneybeans
64.2,21.6,30.5,25.3,41.9,6.07,94.6,24.9,46.3,Kidneybeans
63.1,21.4,41.9,26.4,36.3,5.7,96.9,15.7,10,Kidneybeans
45.9,14.4,48.7,27.2,51,5.79,105.6,19.7,36.4,Kidneybeans
23.6,11.9,32.7,30,68.7,5.96,123.4,22.1,38.2,Kidneybeans
24.8,18.1,43.5,19.8,41.3,5.74,89,20.7,25.3,Kidneybeans
55.8,17.6,52.1,23.9,46.9,5.84,83.7,21.5,22.9,Kidneybeans
56.4,10.9,31.2,21.6,40.3,5.84,108.1,15,11.4,Kidneybeans
64.8,10.7,43,26.3,46.2,5.88,107.5,15,11.3,Kidneybeans
52.6,18.9,47.4,21.6,44.4,5.88,101.7,21.4,30.9,Kidneybeans
66.6,16.4,54.8,26.2,43.5,5.97,113.4,25.4,36.2,Kidneybeans
65.9,25.4,32,24,63.7,6.02,95,24.4,15.7,Kidneybeans
53,16.2,36.2,30,49.4,5.69,76.4,22.1,23.3,Kidneybeans
54.5,17.6,36.2,25,43.6,5.81,111.2,23.7,24,Kidneybeans
62.9,23.7,43.5,22.9,42.2,5.73,66.3,20.9,26.6,Kidneybeans
49.3,20.2,42.9,26,41.4,6,101.2,17.5,24.1,Kidneybeans
39.5,12.4,31.4,30,56.4,5.65,103.2,22.8,17.7,Kidneybeans
45.5,27.1,46.6,24.7,32.5,5.88,141.2,16.4,32,Kidneybeans
70.5,20.5,36.3,25.6,43.6,5.93,107.6,23.3,31,Kidneybeans
38.9,16.2,28.8,24.6,30,5.7,79,22.9,49.4,Kidneybeans
50.9,23.3,50.3,25.7,42.6,5.87,132.6,21.1,34.2,Kidneybeans
34.4,30.5,24.8,26.8,58.7,5.76,89.4,19.1,40.1,Kidneybeans
51.2,13.5,26.3,29.7,50.6,5.56,83.9,23,24.9,Kidneybeans
34.3,9.9,23.6,26.3,42.9,5.93,111.5,27.2,42,Kidneybeans
70.8,28.8,32.8,26.2,74.4,6.12,111,22,27.1,Kidneybeans
84.6,22.9,49,25,64.3,5.97,98,19.4,19.9,Kidneybeans
70.2,23.6,37.4,28.7,55.3,5.57,97.4,22.1,17.2,Kidneybeans
47,20.3,39.8,22.5,48.7,5.76,110.9,20.4,46.5,Kidneybeans
52,22.9,46.5,25.1,30,5.92,68.9,19.2,42.8,Kidneybeans
66.3,15,40.6,27,63,5.77,113.9,20,28.4,Kidneybeans
37.3,20.8,44.4,24.7,36.7,5.86,112.8,21.9,54.9,Kidneybeans
63,17.6,40.1,23.5,51.6,5.69,109.5,25.8,25.2,Kidneybeans
34.6,27.3,46.7,26.3,30,5.75,124.9,19.4,25.8,Kidneybeans
83.2,23.7,33.6,27.2,56.6,5.83,99,23.2,25.8,Kidneybeans
44.3,17.8,37.9,20.5,34.1,5.76,134.4,24,35.3,Kidneybeans
68.3,21.3,36.9,21.3,43.1,5.5,83.7,17.3,44.6,Kidneybeans
31.6,21.4,44.3,24.5,59.9,5.79,108.2,21.6,36.1,Kidneybeans
38.1,21.5,28.2,25.6,47.9,5.66,81,22.7,48.6,Kidneybeans
63.2,16.4,39.2,27.6,49.4,5.79,129.2,15,20.1,Kidneybeans
40.9,21.7,33.2,29.8,62,5.91,109.4,19.2,41.3,Kidneybeans
62.1,23.6,42.2,27.4,64.5,5.91,91.3,24.1,23.6,Kidneybeans
26.3,24.9,41.6,21.2,45,5.66,60,21.7,43,Kidneybeans
60.8,17.1,56.2,26.4,43.1,5.78,112.3,20.3,26.5,Kidneybeans
23,21.3,42.1,26.3,58,5.8,129.2,18.9,33.5,Kidneybeans
46.4,17.9,80,26.3,47.1,6.11,121.9,20.1,30.7,Kidneybeans
41.8,20.1,37.1,26,36.1,5.76,114.5,30,18.9,Kidneybeans
50.6,22.8,10,21.8,33.8,5.74,65.1,22.4,27.8,Kidneybeans
56.1,20.7,46.1,24.9,51.3,5.63,84.3,21.3,26.4,Kidneybeans
81.2,14.8,39.7,28,38,5.79,95.2,22.8,31,Kidneybeans
55.2,29.3,47.1,25.5,48.1,6.12,88.4,20.9,33.6,Kidneybeans
18.3,19.7,30.7,25,40,5.9,109.2,23.3,33.7,Kidneybeans
61,18.8,43.1,23.3,61.2,6.18,109.4,28.2,24.7,Kidneybeans
15.3,14.5,34.4,23.6,53.7,5.7,79.8,20.3,40.8,Kidneybeans
51,15.2,44.5,30,76.2,5.84,60,24.8,54.9,Kidneybeans
51.2,29.3,41,23.6,60.6,5.8,123.9,24.8,35.8,Kidneybeans
55.8,23.3,42,25.5,41.2,5.7,92.4,21.5,53.9,Kidneybeans
63.7,28.5,50.6,28.6,39.1,5.98,114.5,18.8,31.1,Kidneybeans
35.2,28.6,61.1,20.3,44.5,5.66,115.2,30,30.5,Kidneybeans
32.6,12.7,25.9,26.2,36.7,5.87,109.3,19,46.3,Kidneybeans
31.2,20.1,31.5,24.2,45.8,5.69,100,25.2,44.8,Kidneybeans
55.3,22.3,43.7,23.6,55.3,5.93,126.1,25.5,26.3,Kidneybeans
50,16.2,36.2,21.8,44.5,5.5,124.5,15,32.4,Kidneybeans
100,22,29.4,26.8,55.5,5.88,116.9,18.6,29.7,Kidneybeans
45.3,22.7,63.6,23.2,39,5.72,66.5,15,35.2,Kidneybeans
54.1,18.6,33.5,23,52.2,5.81,130.2,26.7,27.1,Kidneybeans
51.9,9.3,30.6,26.7,47.3,6.02,106.4,29.6,20.2,Kidneybeans
62.7,15.2,32.2,24.6,44.8,6.19,60,26,39,Kidneybeans
26.7,20.7,18,25.4,58.5,5.68,64.5,21.6,29.5,Kidneybeans
48.3,19.3,36.9,28.5,43,5.6,102.8,25.9,10,Kidneybeans
55.2,22.3,48.3,25.8,63,5.61,93.6,18.8,37,Kidneybeans
28.3,19,50.1,27.6,64.8,5.68,80.7,18.7,45.5,Kidneybeans
41,18.3,49.1,19.6,55.2,5.94,110.9,19.3,30.1,Kidneybeans
54,22.1,34.1,27.7,49.7,5.98,94.1,23.1,36.6,Kidneybeans
63.1,10.5,43.3,23.9,57.5,5.8,93.7,22.8,53.3,Kidneybeans
66.5,27.4,35.4,23.7,54.6,5.8,128.2,27.4,34.9,Kidneybeans
67.4,17.2,51.5,22.7,51.1,5.75,108.3,18.2,31.4,Kidneybeans
65,19.2,51.5,23.1,43.6,5.79,108.2,25.2,22.8,Kidneybeans
73.9,16,69.3,26.6,63.5,5.93,124.3,21.5,43.3,Kidneybeans
24.7,20.4,35.7,23.4,73.9,5.84,127.9,23.3,50.6,Kidneybeans
22.1,20.1,34.1,22.2,38.8,5.96,88.4,26.7,23.8,Kidneybeans
57.8,21.7,48.9,30,44.5,5.5,60,17,40.6,Kidneybeans
71.4,18.6,27.3,19.5,66.6,5.93,60.8,17.5,44.4,Kidneybeans
57.6,24.5,37.2,27.3,35.4,5.99,80.8,23.1,30.6,Kidneybeans
65.7,19.4,39.1,26.8,49.7,5.85,114.7,23.1,40.8,Kidneybeans
56.9,21.2,40.8,27.7,30,5.74,107.4,20,30.5,Kidneybeans
54.2,22.5,34.6,23.7,51.1,5.82,81.3,17.6,19.3,Kidneybeans
44.1,21.1,55.9,27.5,43.7,5.87,116,24.4,19.8,Kidneybeans
47.3,11.3,53.3,25.4,52.6,5.87,84.8,22.1,28.9,Kidneybeans
48.2,17.7,35.4,27.1,36.3,6.04,95.4,22.6,34.6,Kidneybeans
11.2,18.4,37.4,20.5,51.5,5.86,75.1,30,17,Kidneybeans
58.6,15.3,36.7,22.8,39.1,5.81,97.7,24.1,48.9,Kidneybeans
22.5,18.9,56.9,23.2,30,5.5,124.6,23.7,25.7,Kidneybeans
68.3,19.3,60.8,26,38,5.81,79.4,22.5,32.1,Kidneybeans
37.6,14.5,57.5,21.9,46.6,6.07,118.8,17.6,21.6,Kidneybeans
31,47.1,54.5,20.4,33.7,6.02,106.2,19.1,36.6,Kidneybeans
40.5,30.1,32.8,21.2,63.2,5.91,64.1,18.1,25.5,Kidneybeans
44.8,16.3,41.5,29.6,55.8,5.66,83.7,25.3,27.1,Kidneybeans
40.6,15.7,45,26.4,48,6.05,94.6,15,39.5,Kidneybeans
49.6,31,34.1,22.8,59,5.66,86.8,24.1,10,Kidneybeans
50.1,19.4,33.2,21.6,45.3,5.82,116.3,19.2,27.7,Kidneybeans
64.1,22.3,43.4,22.4,52.4,5.62,157.1,16.7,47.7,Kidneybeans
61.9,18.3,65.1,25.1,50.3,5.63,66.8,23.6,14.3,Kidneybeans
44.5,29.2,42.2,24.5,44.2,5.97,94.5,23,23.3,Kidneybeans
44,22.5,38.6,22.2,38.8,5.87,112.5,19.2,27.4,Kidneybeans
42.7,20.7,43.7,27.5,39.2,6.22,90.5,21.1,36.8,Kidneybeans
67.5,25.2,48,23.7,49.1,5.85,80.9,24.6,40.1,Kidneybeans
80.1,21.2,28.1,24.2,50.1,5.77,117.1,25,22.3,Kidneybeans
52.6,14.4,56,24.2,60.2,6.04,64.6,21.8,38.4,Kidneybeans
84.8,18.4,47.7,28.3,47.3,6.42,92.7,18.5,36.3,Kidneybeans
43.7,27.3,43.6,25.5,54.3,6.12,91,22.4,17.7,Kidneybeans
45.1,19.2,35,26.8,55.6,5.68,86.3,23.3,39.5,Kidneybeans
61.2,17.2,32.6,28.4,42,5.79,110.4,23.4,21.9,Kidneybeans
52,10.4,37.6,30,52.9,6,98.3,24.7,42.7,Kidneybeans
48,17.3,48.3,22.5,59.8,5.84,105.5,23.4,37,Kidneybeans
62.9,23.1,51.3,24.7,43.5,6.12,112.7,20.3,38.7,Kidneybeans
44.3,17,30.8,22.7,43.4,5.77,82.3,23.6,10,Kidneybeans
45.7,14.7,51.6,18,57.5,5.73,60,23.2,10,Kidneybeans
40.3,15.1,44.9,28.9,48.2,5.72,89,23.1,20.8,Kidneybeans
47.7,21.9,47.4,29.6,35.9,5.73,90.1,21.6,32.4,Kidneybeans
49.2,19.7,40.7,27.8,56,5.54,191,18.2,37.1,Kidneybeans
42.8,7,45.8,26.2,43.5,5.89,89.8,19.9,22,Kidneybeans
50.2,13.2,39.4,24.5,51.5,5.58,70.7,19.7,30.6,Kidneybeans
37.4,17.1,39.7,25.7,42.2,5.99,92.8,23,37.3,Kidneybeans
41.7,19.6,37.9,22,54,5.67,79.6,22.3,43.6,Kidneybeans
24.9,13.1,39.5,28.2,35.8,5.85,103.9,21.4,23.8,Kidneybeans
28.9,18.4,46.1,20.4,45.7,6.24,109.8,20.1,35.5,Kidneybeans
27.3,9.9,43.7,22.7,65.2,5.5,78.9,29.5,26.2,Kidneybeans
39.6,20.6,37.3,25.1,59.2,6.08,104.5,20.4,38.5,Kidneybeans
55.4,21.3,36.7,20.2,32.3,5.82,71.3,25,24.2,Kidneybeans
39.9,20.6,28.6,24.8,61.2,5.5,112.2,24.2,17.6,Kidneybeans
46.6,26,41.5,21.1,47.5,5.52,119.1,19.2,37,Kidneybeans
44.4,14.7,55.5,28.7,59,5.84,123.3,30,46.5,Kidneybeans
24.2,20.6,46.5,29.3,56.4,5.5,114,16.4,39.6,Kidneybeans
52.4,28.2,20.7,22.6,60.2,5.61,123.1,22.5,24.2,Kidneybeans
88.8,20.1,27,23.7,38.4,5.83,87.9,19.6,37.4,Kidneybeans
55.9,23,42.2,22.4,58.3,5.73,146.9,22.6,20.9,Kidneybeans
37.5,17,52.3,25.8,48.6,5.56,87.3,23.2,24.7,Kidneybeans
38.6,9.4,38,24.5,32.3,5.66,105.5,21.9,27.3,Kidneybeans
50.4,17.1,38.6,19.9,57.5,5.69,80.9,20.6,35.3,Kidneybeans
56.8,18.2,36.6,21.2,61.2,5.96,84.5,23.3,38.1,Kidneybeans
21.2,22.6,43.7,27.9,49.4,5.83,94.4,24.5,44.4,Kidneybeans
31.7,15.7,44.8,26.4,58.6,5.76,102.7,24.2,29.4,Kidneybeans
40.8,23.9,68.8,27.5,49.3,6,117.4,22.8,16.5,Kidneybeans
48.8,21.4,36.2,24.8,50.2,5.96,69.2,20.2,34.4,Kidneybeans
64.4,27.9,47.4,26.6,72.3,5.64,89,18.4,35.3,Kidneybeans
37,10,53.5,26.6,41.3,5.98,95,22.3,37.3,Kidneybeans
33.7,27.6,53.4,21.8,71.1,5.75,111.4,22.4,41.5,Kidneybeans
53.4,14,61,25.7,38.9,5.75,103.4,27.1,21.2,Kidneybeans
45.4,22,46.7,27.1,49.1,6.11,120.7,21.5,15.7,Kidneybeans
32.1,28.2,27,21.1,59,5.76,80,23.2,29.3,Kidneybeans
77.9,23.1,52.1,27.9,55.3,6.12,106.6,23.9,20.4,Kidneybeans
71.5,16.1,40.6,23.8,56.2,5.76,96.4,22.2,43.3,Kidneybeans
57.2,9.9,54.8,17.9,54.1,5.5,102.4,23.9,28.3,Kidneybeans
47.4,22.4,27.7,24.8,47.3,5.79,96.9,19.7,35.5,Kidneybeans
40.3,15.9,40.3,23.1,67,5.5,90.1,22.4,24.9,Kidneybeans
72.2,19.2,12,29.2,44.7,5.58,123.2,22.7,25.6,Kidneybeans
33.6,12.2,37.2,24.9,48.2,5.86,91.9,20.9,23.2,Kidneybeans
79.7,19.5,31.1,23.8,44.5,5.79,74.9,20.7,25.7,Kidneybeans
44.3,17.1,31.9,25.2,65.7,5.95,134.1,21,21.7,Kidneybeans
66.5,17.2,33.9,28.6,37.5,5.9,92.5,19.9,43.4,Kidneybeans
63.6,22.7,48.4,21.8,46.9,5.57,82.4,22.5,33,Kidneybeans
49.8,16.7,61,24.2,57.6,5.98,115.8,22.9,23.9,Kidneybeans
39.6,17.2,26.7,26.3,56.8,5.5,82.1,19.4,21.6,Kidneybeans
45.4,12.1,49.5,24.3,52.6,6.01,105.2,25.1,10.7,Kidneybeans
67.5,22.2,33.9,21.7,43.1,5.72,60,22.7,25.7,Kidneybeans
42.2,23,51.6,19.6,41.5,5.59,122.5,19.1,20.5,Kidneybeans
66.5,17.2,36.9,25.1,36.5,5.72,107,26.8,11.8,Kidneybeans
45.3,21.7,48.6,22.8,30,5.72,116.9,24.8,32.2,Kidneybeans
92.2,16.6,33.2,28.4,37.6,5.72,77,18.6,35.9,Kidneybeans
58.3,21.6,52,23.4,72.8,5.68,118.3,23,31.5,Kidneybeans
33.5,21.1,36.4,23.1,58.1,6.02,86.1,17,42.9,Kidneybeans
83.8,17.9,51,25.3,61.2,5.56,143.2,22.3,53,Kidneybeans
40.3,15,25.7,21.8,78,5.79,112.1,20.8,15.3,Kidneybeans
42,19.1,32.4,24.1,40.5,5.89,92.9,22.5,24.2,Kidneybeans
29.7,26.7,48.6,28.2,38.6,6.39,124.9,23.5,31.2,Kidneybeans
34.6,24.6,53.5,23.2,48.4,5.74,120,22.3,21.6,Kidneybeans
68.3,16.1,29.5,30,51.3,6.01,112.8,25,20.8,Kidneybeans
46.3,19,45,26.5,50.2,5.92,72.5,19.2,34.6,Kidneybeans
67.7,17.5,42.8,25.2,43.8,5.91,81.1,20.2,27.4,Kidneybeans
59.5,21.6,37.1,24.2,49.9,5.7,102.5,25,44.8,Kidneybeans
40.2,22.7,27.2,21.5,56.4,5.83,140.5,17.6,36.8,Kidneybeans
37.7,21.7,35.1,15,58.6,6.11,122.5,24.1,36.9,Kidneybeans
63.5,7.6,28.1,22.1,41.1,5.5,126.9,24.3,29.5,Kidneybeans
64.8,15.8,32.2,24.1,59.7,5.72,83.4,24.4,31.9,Kidneybeans
59.3,18.9,34.6,20.5,48.4,5.6,122.9,20.9,16.6,Kidneybeans
12.2,19.7,37.4,15,40.5,6.01,86.7,26.2,18.5,Kidneybeans
100,12.4,48.1,25.2,45.3,5.61,92.9,23.7,26.9,Kidneybeans
45,22.3,55.9,24.8,59.1,5.9,76.5,23,36.2,Kidneybeans
29.3,13.8,41.6,29.7,52.5,5.5,65.8,22.8,43.2,Kidneybeans
54.4,16.4,60,20.2,49.2,5.97,93.2,21,24.8,Kidneybeans
21.2,20.7,51.4,26.2,41.7,6.03,89.6,22.4,31,Kidneybeans
58.7,18.4,48.1,26,41,5.74,103.9,19.3,11.7,Kidneybeans
55.8,25.1,28.4,25.1,51.2,5.66,124.1,18.3,22.6,Kidneybeans
33.7,20.6,45.9,18.8,47.6,5.66,106.1,22.8,17.8,Kidneybeans
39.5,23.9,32.4,18.6,54.9,5.8,103.5,15,20.4,Kidneybeans
34.6,18.6,40.7,30,50,5.67,106.9,25.4,27.4,Kidneybeans
20.5,20.5,39.6,27.1,55.4,5.95,91.3,22.8,19,Kidneybeans
51.9,23.6,50.2,28.7,46.7,5.94,93.4,20.6,24.7,Kidneybeans
50.4,25.6,40.4,24.1,42.4,5.96,181.7,23.7,24,Kidneybeans
63.7,25.9,41,23.2,52.8,5.5,101.1,21.6,22.8,Kidneybeans
26.1,22.2,43.1,21.1,43.9,5.75,109.7,18.5,31,Kidneybeans
36.1,18.1,28.8,22.3,41.3,5.91,84,24.4,46.4,Kidneybeans
67.3,23.9,43.1,26.3,42.4,5.6,103.3,20.1,31.5,Kidneybeans
61.4,16.2,44.4,28.9,63.6,5.91,83.8,18.8,32.3,Kidneybeans
30.7,15.5,49.4,26.6,35.5,5.58,67.2,18.3,27.2,Kidneybeans
53.3,24.4,45.4,23.1,59.4,6.05,82,25.7,60,Kidneybeans
53.1,17.2,21.3,27,33.2,6.21,92.3,22.8,41.9,Kidneybeans
40.5,16.7,54.3,30,53.7,5.86,70.6,19.3,26.5,Kidneybeans
36.6,16.5,33.8,25.1,53.9,5.86,131.8,22.6,41.2,Kidneybeans
44.8,20.2,41.2,22.2,62.2,5.63,80.2,23.2,23.7,Kidneybeans
10.5,24.2,45.7,25.7,43.9,5.5,99.7,20.9,21.8,Kidneybeans
50.2,19.4,18.5,25,57.9,5.79,88.4,19.7,20.7,Kidneybeans
53.6,18,28,23.1,51.4,6.1,69.1,23,47.3,Kidneybeans
66.8,14.1,51.3,23.4,53.3,5.6,106.3,22.4,36.1,Kidneybeans
41.4,25.1,41.2,23.9,36.5,5.74,92,23.8,22.2,Kidneybeans
38.4,19,38,23.1,53,5.72,92.8,22.8,10,Kidneybeans
43.7,20.3,36.3,21.6,69.6,6.12,139.4,30,59.6,Kidneybeans
76.2,16.2,31.3,21.7,40.8,5.71,106.5,23.3,28.9,Kidneybeans
38.8,26.1,32.3,27.4,49.9,5.69,83,24.3,36.1,Kidneybeans
36.5,18.7,36.2,26.9,44.8,6.02,106.1,19.2,10,Kidneybeans
69.7,22.9,22.7,25.6,47.9,5.98,72.6,22.2,17.9,Kidneybeans
66.9,14.4,50,25.3,49.6,5.79,116.5,17.1,34,Kidneybeans
28.2,14.9,48.9,28.1,50.4,5.55,60,18.8,54,Kidneybeans
100,18.4,40.9,15,50,5.84,111,17.6,25.7,Kidneybeans
31.3,21.1,40.5,28.3,53.1,5.68,93.2,24,22.6,Kidneybeans
58.2,16.6,24.5,23.4,63.2,5.6,128.8,24.8,22.2,Kidneybeans
39.9,15.9,43.5,23.9,30,5.93,118.8,21.9,15.3,Kidneybeans
54.2,23.2,41.6,24.6,47.7,6.11,112.4,21.9,22.3,Kidneybeans
75.9,21.8,44.3,30,60.6,5.87,122.1,16.6,32.2,Kidneybeans
56.4,21.2,52.4,24.9,44.4,5.72,91.4,23.1,27.6,Kidneybeans
36.6,13.6,42.4,29,48.3,6.2,105.3,23.6,28.6,Kidneybeans
33.8,12.6,50.6,29.1,69.7,5.77,82.9,27.9,35.5,Kidneybeans
42.4,18,49.6,24.2,58.2,5.79,88.2,21.3,27.3,Kidneybeans
49.4,23,34.8,25.9,38.5,5.93,90.2,22.9,24.2,Kidneybeans
24.3,16.1,40.8,22.2,55.5,5.7,73.5,19.7,34.3,Kidneybeans
27.2,11.8,46.2,25.4,45.8,5.66,82.1,17.7,40.4,Kidneybeans
81.5,18.8,46,26.7,51.5,5.7,60,21.8,19.5,Kidneybeans
39.2,12.2,49.3,23.4,37,5.53,84.3,25.3,21,Kidneybeans
57.8,20.2,46.3,26.1,46.1,5.89,76.1,17.4,18.4,Kidneybeans
33,18.8,38.5,30,30,5.94,117.6,18.3,10.7,Kidneybeans
57.6,22.6,43.4,30,48.8,5.97,133,19.4,24.6,Kidneybeans
80.6,32.7,33,22.9,57.6,6.11,83.6,27.1,22.7,Kidneybeans
29.4,27.5,24.4,26.5,62.1,5.89,179.5,21,25.4,Kidneybeans
31,19.7,54,27.5,62.3,5.76,79.3,23.7,16.3,Kidneybeans
61,18.3,19.5,22.8,60,5.58,118.6,24.8,28.2,Kidneybeans
64.6,24,50.4,21.9,66,5.96,86.5,21.4,12.2,Kidneybeans
25.3,25.7,50.1,23.7,48.9,5.86,150,23.4,28.9,Kidneybeans
34.7,21.5,30.5,23.5,53.4,5.72,95.6,27.6,25.4,Kidneybeans
71.7,21.6,36.2,27.5,38.5,5.98,84.1,30,32.5,Kidneybeans
69.2,22.4,37.4,22.4,43,5.83,116.6,22.4,35.4,Kidneybeans
70.7,12.1,25.8,25.6,37,6.08,78.9,26,38.8,Kidneybeans
50.5,21.4,38.4,26.1,55.3,6.07,80.6,18.2,39.6,Kidneybeans
74.5,20.4,35.6,25.8,62.7,6.02,109.5,18.7,10,Kidneybeans
54.9,22.5,46.4,20.6,46.1,5.93,62.3,18.9,48,Kidneybeans
52.1,26.3,30.3,24.1,42.5,5.5,80.8,27.1,42.1,Kidneybeans
28.6,20.6,63.5,26.5,57.1,5.85,121,26.3,37.2,Kidneybeans
57.5,21.1,33.1,20.8,52.1,5.6,105.8,26.8,59.3,Kidneybeans
24.6,26.3,23.4,23.8,46.3,5.87,62,19.8,36.9,Kidneybeans
56.7,15.3,35.9,22.6,31.6,5.84,103.2,23.4,11.9,Kidneybeans
56.7,16.1,61.7,27.3,35.2,5.52,107,22.6,28.5,Kidneybeans
47.6,17.9,45.9,20.4,80,6.06,97.4,24.8,31.6,Kidneybeans
19.6,8.9,90.1,26.8,49.5,5.83,662.1,21.9,55.9,Pigeonpeas
31.4,34,45.6,24.6,62.3,5.08,756.5,34.8,38,Pigeonpeas
33.4,31,35.4,31.2,44.1,5.75,644.2,23.5,35.3,Pigeonpeas
0,38.7,44,28.5,57.5,6.21,651.1,24.6,32.6,Pigeonpeas
51.1,37.9,57.1,26,72.9,5.63,663.9,22.7,20,Pigeonpeas
19.9,22.8,39.3,20.1,56.3,6.08,721.4,24.6,48.6,Pigeonpeas
50.7,34.8,58.5,26.8,58.5,5,826.4,27.7,68.2,Pigeonpeas
38.4,38.9,58.1,24.2,77.4,6.92,909,22.9,41.9,Pigeonpeas
22.4,23.3,49.1,29.3,56.2,5.4,749.1,21.7,37.7,Pigeonpeas
30,43.3,23,24.9,55,6.75,760.2,25.8,55.5,Pigeonpeas
12.6,29.7,72.7,27.7,58.4,5.96,864.5,23.5,35,Pigeonpeas
31.2,18.7,91.2,30.9,44.2,5.66,785.6,27.5,46.8,Pigeonpeas
47.2,25.3,58,24.7,56.8,6.65,859.7,29.1,43,Pigeonpeas
33.3,23.9,13.6,20.9,67,6.67,938.4,26.2,50.2,Pigeonpeas
43.3,37.4,77.3,25.8,72,6.64,919.7,24.5,42.3,Pigeonpeas
58.7,35.8,29.6,29.9,40,6.05,919.5,31.2,45.9,Pigeonpeas
43.7,24.2,80.4,27.7,61.8,6.37,705.3,18,37.3,Pigeonpeas
22.8,39.2,42.1,22,51.8,6.69,716.8,25.2,32.9,Pigeonpeas
4.3,52.6,27.5,28.9,63.6,5.69,803.1,23.9,45.1,Pigeonpeas
67.4,35.8,10,28.1,59.1,5.38,729.7,24.4,43.2,Pigeonpeas
0,21.3,74.1,19.2,40,5.8,919.7,22.3,27.7,Pigeonpeas
31.5,28.1,62.2,27.9,43.4,6,825.2,25.2,37.4,Pigeonpeas
32.1,34.2,41.7,24.5,80,6.06,745.4,33.7,38.8,Pigeonpeas
38.2,41.9,37,23.8,56.9,6.61,926,31.3,54.8,Pigeonpeas
19.8,31.2,66.5,21.9,64.5,5.78,806.7,18,20,Pigeonpeas
22.2,23.4,50.5,34.1,56.7,5.75,700.3,32.8,46.6,Pigeonpeas
49.1,43.6,77.1,32,57,5.67,903.3,25.9,55.1,Pigeonpeas
26.6,32.5,41.2,23.9,66.2,6.16,930.1,25.7,50.8,Pigeonpeas
28.2,36.1,47,28.7,48.5,5.34,808.3,25.4,54.6,Pigeonpeas
45.3,19.2,45.4,34.7,69.4,6.21,820.9,25.6,35,Pigeonpeas
56.7,40.3,50.1,28.1,57.9,6.22,980.2,26.4,39.2,Pigeonpeas
57.4,26.1,21,23.4,45.3,6.08,721,23.6,44.5,Pigeonpeas
26.2,29.6,31.5,24.3,54.8,5,609,26.5,42.7,Pigeonpeas
34.6,32,73.6,38,46.9,5.5,711,24.9,44.4,Pigeonpeas
22.8,36,98.1,28.7,69.4,6.07,848.6,28,62.2,Pigeonpeas
18.2,25.9,35.4,26.5,60.7,5.84,997.6,19,26.1,Pigeonpeas
38.5,21.6,56.2,35.1,68.6,5.48,987.9,26.9,43.4,Pigeonpeas
18.8,25.7,47.4,37.4,58.9,5.96,706.2,30.1,32.3,Pigeonpeas
54.8,45.6,65,29.2,46.6,5.8,779.1,27.2,58.1,Pigeonpeas
18.9,14.4,55.2,24.3,44.3,6.51,1018.2,24.7,46.4,Pigeonpeas
6.6,32.2,107.4,33.6,75.4,5.52,761.8,28.7,38.9,Pigeonpeas
17.9,23.8,102,25,66.1,6.31,817.2,24.4,34.6,Pigeonpeas
25.4,44.5,41.6,27.1,63.9,6.48,694.6,27.5,55,Pigeonpeas
44.5,19.9,35.9,21.1,67.4,5.99,941,26.8,45,Pigeonpeas
0,20.2,32.8,23.4,65.4,6.06,847,20.8,32.2,Pigeonpeas
30.3,28.5,53.1,25.8,49.6,5.14,761.9,25.9,40,Pigeonpeas
7.6,11.9,30.3,26.3,67.6,5.74,939.4,22,20,Pigeonpeas
16.5,27.9,76.1,30.7,76.2,5.13,776.7,22.3,48.5,Pigeonpeas
34.1,26.8,52.4,23.9,45.8,5.65,789.7,21.1,32.2,Pigeonpeas
33.4,18.5,72.5,29.2,51.4,6.8,684.7,36,40,Pigeonpeas
39.9,17.2,72,18,57.7,5.98,839.8,27.1,42.4,Pigeonpeas
29.5,18,61.6,30,79,6.54,718.1,31.4,36.7,Pigeonpeas
25.8,32.9,49.9,34.3,67.2,6.09,829.2,27.9,58.9,Pigeonpeas
14.5,43.6,73.3,25.5,51.2,5.54,782.1,25.1,36,Pigeonpeas
0,31,63.6,28.4,40,5.85,737.6,27.5,48.7,Pigeonpeas
28.2,49.5,40.2,22.1,63,5.96,972.1,32.7,40.9,Pigeonpeas
10.4,28.2,90.7,25.6,50.2,5.84,897.6,22.9,30.5,Pigeonpeas
50.9,31.5,81.5,25.2,62.5,5.39,917.6,26.6,37.1,Pigeonpeas
28.7,39.5,80.2,28.6,53.9,5.82,730.4,30.7,47.4,Pigeonpeas
68.1,18,47.1,32.3,44.8,6.64,656.1,26.1,43.9,Pigeonpeas
16.2,41,28.7,34.6,46.1,5.96,851.2,22.7,29.5,Pigeonpeas
0,23.9,43.9,19.3,62.5,6.39,1015.1,29.5,57.4,Pigeonpeas
13.7,5,41.9,27,73.5,6.32,794.7,22.8,49.8,Pigeonpeas
64.4,41.3,61.7,26.8,61.7,6.09,1200,22.9,40.1,Pigeonpeas
35.3,31,32.7,28.5,58.4,6.28,789.6,25.1,40.3,Pigeonpeas
0,29.1,50,25.9,65.6,6.41,755.8,29.2,42.8,Pigeonpeas
37.4,32.2,69.1,24.4,50.5,6.3,783,28.2,43.2,Pigeonpeas
0,37.9,55.1,33.6,50.3,5.92,1020.5,29.8,55,Pigeonpeas
34,43,54.4,36.2,40,6.67,880.9,19.1,41.2,Pigeonpeas
14.9,18.5,91,31.6,61.9,7,986.5,23.7,32.6,Pigeonpeas
36.6,27.4,39.4,32,59.3,6.05,783.1,33,28.7,Pigeonpeas
45.4,27.9,36.4,29.5,58.1,6.26,700.8,27.9,42.5,Pigeonpeas
7.8,26.6,59.2,29.9,72.2,5.4,704.3,31.4,40.3,Pigeonpeas
13.4,36.7,60.3,25,68.6,6.35,823.1,30.5,41.4,Pigeonpeas
30.9,31.1,33.3,28,60.6,6.44,728,23.5,33.6,Pigeonpeas
19.5,33.1,50.9,26.9,57,6.04,765.8,24,46.6,Pigeonpeas
64.9,31.8,21.9,28.1,52,6.08,683.5,31.5,34.1,Pigeonpeas
90.3,41.8,68.4,27.7,73.3,5.54,951.5,25,43.3,Pigeonpeas
55.7,38.8,54.5,34.4,80,5.78,915.1,32.1,36.2,Pigeonpeas
51,35.2,55.9,24.8,47.2,7,898.3,22.8,34.7,Pigeonpeas
20.9,32.6,55.3,24.4,60.1,5.34,868.4,28.1,36.1,Pigeonpeas
18.5,39.1,52.6,26.3,55.8,5.61,784.9,21.7,44.4,Pigeonpeas
36.1,27.4,50.6,25.8,40,6.2,875.7,20.3,48.7,Pigeonpeas
3.8,30.7,40.5,20.7,70.3,6.26,882.2,30.8,36.6,Pigeonpeas
11.6,15.7,36.4,28.7,46.3,6.52,822.9,26.4,28.1,Pigeonpeas
57.9,20,77.6,27,45.8,6.69,769.8,30.2,38.7,Pigeonpeas
50.9,39.1,41.5,26.7,54.7,6.79,750.3,25.8,45.8,Pigeonpeas
0,32.3,52,26.8,69.1,6.24,783.6,30.7,38.3,Pigeonpeas
21.2,21.5,46.9,27,57.2,5.83,697.7,27,39.5,Pigeonpeas
8.3,22.1,60.2,24,66.7,5.65,952.6,27,51.7,Pigeonpeas
28.8,44.3,75.2,29.2,75.9,6.04,500,25.3,30.8,Pigeonpeas
2.2,34.6,62.7,32.5,44.3,5,693.7,20,38.7,Pigeonpeas
11.3,49.8,69.1,23.7,62.5,5.41,753.9,26.2,50,Pigeonpeas
47.1,36.8,12.8,24.5,44.7,6.53,915.6,20,43.3,Pigeonpeas
57.5,26.8,36.1,29.4,53.8,5.83,1022.2,20.8,37.9,Pigeonpeas
18.6,40.6,13.3,26.5,56.9,6.68,823.6,19.4,44.3,Pigeonpeas
24.1,27.3,30,21.2,70.2,5.57,825.1,27.9,51,Pigeonpeas
43.5,45.6,61.2,24.8,55.2,5.58,705.2,36,52.4,Pigeonpeas
8.3,28.2,99.1,33.4,51.8,7,879.7,28.3,52.5,Pigeonpeas
41.3,29,58.4,20.7,62.8,5.97,767.3,24,50.6,Pigeonpeas
0,38.7,51.5,33.8,56.3,6.19,649.4,29.2,38.6,Pigeonpeas
46.8,43.6,19.3,27.3,53.8,7,914.8,26.5,33.4,Pigeonpeas
29.7,38.7,57.9,27.6,68.3,5.92,963.7,24.6,46.2,Pigeonpeas
7.4,30.4,48.2,21.2,70,6.89,650.2,24.2,46.2,Pigeonpeas
65.1,33.7,28.5,22.3,49.1,5.92,883.1,25.6,42.4,Pigeonpeas
28.9,31.4,30.5,26.7,73.6,5.6,500,32.7,38.1,Pigeonpeas
21.2,63.4,62.5,20.4,53.1,5.65,871.2,27.6,40.3,Pigeonpeas
10.9,32,68.6,31.4,72.7,6.67,813.2,20.5,51.7,Pigeonpeas
40,25.3,50.7,26.9,47,6.08,837.1,18.1,41.2,Pigeonpeas
16.7,35.3,76.4,29,52.4,6.7,858,27.1,37.2,Pigeonpeas
37.4,19.3,59.4,30.6,75.3,5,794.7,24.1,50.2,Pigeonpeas
50.2,20.6,72.2,31.2,64.1,6.64,812.7,28.5,41.9,Pigeonpeas
17.6,30.5,77.6,26.4,64.5,5.93,878.8,23,34.7,Pigeonpeas
44.6,20.1,65.5,27.5,64.2,5.91,667.1,36,56.3,Pigeonpeas
25.8,21.4,37.7,27.8,68.4,6.77,779.9,21.8,41.4,Pigeonpeas
4.3,41.5,33.3,22.1,61.1,6.17,732.1,31,29.7,Pigeonpeas
48.3,55.2,25.3,32.2,59.2,6.24,869.3,23.7,45.8,Pigeonpeas
34.1,32.5,38,30,60.7,6.21,759.6,24.9,41,Pigeonpeas
9.1,38.9,85.1,23,60.8,6.58,777.4,23.2,43.2,Pigeonpeas
53.6,21.3,53.3,29.6,45.4,5.48,696.8,22.2,44.8,Pigeonpeas
26.7,39.2,75.2,32.8,64.9,5.34,977.2,20.6,37,Pigeonpeas
22.4,46.1,64,33.7,56.3,5.6,660.6,27.2,48.7,Pigeonpeas
32.7,42.4,79.2,22.6,46.3,6,990.5,24.9,38.7,Pigeonpeas
0,21.5,38.5,32.1,56.8,6.34,857.6,30.2,42.4,Pigeonpeas
43.1,27.6,39.3,27.1,53.3,5.76,816.4,24.1,50.7,Pigeonpeas
29.4,26.1,47,29.3,54.6,5.16,958.3,30.3,33,Pigeonpeas
30.2,39.9,10,26.6,51.9,6.24,792.1,29.5,50.7,Pigeonpeas
31,27.9,61.6,33.2,65.7,5.63,856,26.3,42.7,Pigeonpeas
16.6,32.9,57.9,36.7,42.1,5.19,706.5,30.8,44.1,Pigeonpeas
19.4,30,50.7,29.5,64.3,6.09,948.1,27.6,43.9,Pigeonpeas
0,36.5,56,27.2,62.4,6.18,500,22.3,41.8,Pigeonpeas
16.7,25,53.8,20.2,57.4,7,729.9,22.6,44.7,Pigeonpeas
40.5,42.1,41.6,32.9,66.9,6.36,695.4,22.9,49.6,Pigeonpeas
14.5,79.2,32.4,27.3,46.2,6.33,828.4,24,36.2,Pigeonpeas
18.6,28.4,107.3,24.9,71.2,5.49,884.5,24.3,35.8,Pigeonpeas
0,29,18.1,30.1,55.8,6.36,742.9,29.2,25.1,Pigeonpeas
35.6,43.7,42.8,33.3,70.9,6.48,703,29.4,22.4,Pigeonpeas
65.9,26.2,46,23.8,47.8,6.46,642.2,26.3,48.8,Pigeonpeas
1.7,35.6,25.9,28.9,70,5.64,991.8,26.2,34.8,Pigeonpeas
26.7,35.4,50.3,30.1,58.7,6.32,680.4,28.8,40.5,Pigeonpeas
10.7,27.4,75.9,28,59.8,6.01,666,23.1,26.5,Pigeonpeas
36.3,35.7,17.6,21.4,49.1,6.11,802.3,22,52,Pigeonpeas
30.3,29.4,46.5,30.6,58.9,5.89,766,26,33.1,Pigeonpeas
49.2,27.6,47.9,25.9,52.9,6.78,774.4,28.3,72,Pigeonpeas
13.8,21.4,44.3,25.9,60.4,6.73,780.5,20.6,53,Pigeonpeas
20.6,39.7,50.9,28.1,58.7,5.91,892.9,18,61.8,Pigeonpeas
23.9,35.2,45.2,26.3,73.7,5.87,839.1,24,39.3,Pigeonpeas
15.8,29.6,61.2,34.7,56.2,5.87,824,24.2,49.3,Pigeonpeas
54.5,21.7,50.7,27.3,52,6.42,603,20.8,41.9,Pigeonpeas
28.2,30.7,48.7,24.6,42.3,5.4,931.8,23.6,42.8,Pigeonpeas
0,47.4,41.8,29.3,58.4,5.89,821.7,23.3,50.9,Pigeonpeas
30.6,35.6,69.3,30.1,52.2,6.08,802.5,21.3,44.5,Pigeonpeas
14.2,48.4,35.2,26.2,61.6,5.5,816.2,26,44.7,Pigeonpeas
13.4,22.9,19.2,32.7,70,6.27,744,24.1,25.9,Pigeonpeas
24.6,40.2,88.7,38,40,6.55,822,23.5,21.4,Pigeonpeas
23.1,36.3,38.6,29,55.2,5.58,639.8,19,40.2,Pigeonpeas
37.4,22.2,60.7,24.3,68.7,6.29,799.1,32.9,42.1,Pigeonpeas
14.9,12.7,57.5,30.2,50.8,6.27,821.6,20.2,53.2,Pigeonpeas
23.3,21.8,12.5,21.8,58.7,6.01,930.2,25.5,32.5,Pigeonpeas
27.5,13.6,37.9,27.8,63.4,6.47,840.8,27,38.6,Pigeonpeas
32.4,23,32.1,27.4,70.9,6.68,829.4,23.7,45.3,Pigeonpeas
35.7,43.6,10,28.2,68,6.07,744,23.9,41.7,Pigeonpeas
29.4,38.3,50.8,25.7,59.1,5.82,828.3,28.7,44.2,Pigeonpeas
0,9.5,41.4,31.3,65.1,5.97,686.1,24,42.9,Pigeonpeas
37.5,27.4,50.4,18,51.3,5.45,779.7,25.2,47.2,Pigeonpeas
54.1,16.1,65.5,29.2,69.2,5.39,878.1,26.8,40.3,Pigeonpeas
0,35.4,10,33.1,71.3,6.96,683.6,28.2,50.8,Pigeonpeas
60.8,26.1,59.1,30.7,68,6.5,710.8,27.5,29.4,Pigeonpeas
25.3,52.8,58.6,22.9,64,5.16,790.4,26.8,50.1,Pigeonpeas
12.7,44.8,60.3,28.3,59.2,5.74,748.1,24.2,41.2,Pigeonpeas
20.7,36,55.5,29,70.5,6.51,680.5,27.6,53,Pigeonpeas
34.7,24.6,34.8,21.2,52.9,5.21,986.9,25.4,29.7,Pigeonpeas
39.6,31.5,44.4,25.1,63,6.92,948.1,24.2,20.5,Pigeonpeas
57.1,50.9,62.2,32.3,74.8,5.79,718,33.5,25.6,Pigeonpeas
16.6,37.9,10,28.4,53.4,6.12,734,29.6,29.5,Pigeonpeas
33.4,36.3,69.5,22.1,51,6.01,604.4,23.4,39.6,Pigeonpeas
26.1,19,54.9,21.3,49.4,5.95,937.4,26,43.6,Pigeonpeas
38.2,29.9,10,25.5,57.1,7,735.3,26.8,36.5,Pigeonpeas
18.4,34,52.4,23,71.6,5.87,822.4,28.7,20,Pigeonpeas
50.7,31.7,18.2,27.1,60.4,5.57,800,18.5,48.5,Pigeonpeas
15.9,31.6,26.6,28.2,51.4,5.82,749.2,27.1,41.4,Pigeonpeas
33.4,15.7,51.7,33.1,80,5,899.4,26.9,43.6,Pigeonpeas
28.6,20,46.2,28.5,69,5.79,665.7,26.5,48.3,Pigeonpeas
0,28.7,55.6,24.3,62.9,6.94,644.1,26.5,37.5,Pigeonpeas
30.6,33.2,63.8,30.5,52.6,5.4,638.3,22.9,48.7,Pigeonpeas
55.5,46.8,38.6,22.8,53.7,6.03,771.2,23.9,33.7,Pigeonpeas
32.9,16.8,47.5,27.7,72.6,6.11,862,31.3,45.5,Pigeonpeas
11.9,38.8,75.8,26.6,69,6.52,842.6,29.3,52.8,Pigeonpeas
9.6,35,36.6,26,63.7,6.64,618.6,31.2,50.7,Pigeonpeas
12,32.9,105.6,26.6,53.7,5.87,848.4,26.8,41.4,Pigeonpeas
42.3,29,10,35.1,52.4,6.07,696.8,21.5,21.5,Pigeonpeas
29.5,33.5,55.7,25.4,69.3,6.15,816.7,23.2,55.8,Pigeonpeas
31.6,24.6,62.1,22,50.8,6.54,761.8,24,40.8,Pigeonpeas
0,29.3,24.2,26.3,71.4,6.03,836.9,29.1,38.9,Pigeonpeas
29.1,25.3,74.3,30.5,65.5,5,676.2,27.4,49.2,Pigeonpeas
33.8,28.3,89.2,31.3,70.2,5.62,899.8,23.7,31.4,Pigeonpeas
23.1,12.7,36.3,25.8,63.4,5.92,895.1,27.3,64.7,Pigeonpeas
26.8,17.4,26.3,22.3,53.4,5.99,684.3,30,27.4,Pigeonpeas
44.9,36.6,72.5,31.7,64.7,6.24,500,18,36.7,Pigeonpeas
52.3,49.5,10.5,27.1,77.7,6.58,882.1,25.3,32.4,Pigeonpeas
60.7,40.4,40.7,24.4,42.9,6.46,829.5,31.6,56.9,Pigeonpeas
0,23.7,55,28.5,58.6,5.71,780.2,26.6,34.5,Pigeonpeas
55.7,27.1,57,26.1,77.4,6.53,832.8,32.2,38.9,Pigeonpeas
36.7,37.2,56.9,35.3,57.9,6.01,813.8,29.6,44.9,Pigeonpeas
39.9,30.5,49,34.2,58.2,6.23,846.2,26.1,51.1,Pigeonpeas
20.6,31,59.1,27.2,61.9,7,660.8,22.8,39.1,Pigeonpeas
32.1,15.3,22.1,29.9,63.3,5.95,896,25.4,32.1,Pigeonpeas
4,45.2,72.7,25.1,80,6.05,500,22.7,33.9,Pigeonpeas
29.8,32.8,55.4,32.4,55.2,5,696.8,18,30.5,Pigeonpeas
18.4,39.2,53.6,28.5,48.7,6,823.7,27.4,39.3,Pigeonpeas
13.6,35.3,50,27.4,62.4,5,854.5,29.4,21,Pigeonpeas
0,27.5,100.2,32.1,56.1,6.1,1007,29.9,36.8,Pigeonpeas
51.7,43.5,27.3,27.6,68.2,6.68,697.2,28.4,20,Pigeonpeas
45.6,20.1,79.8,29.7,59.9,5.63,812.8,24.8,41.3,Pigeonpeas
0,39.5,45.2,23,62.9,6.08,738.6,23.2,28.4,Pigeonpeas
30.5,33.2,60.3,32.6,47.9,5.71,809.4,24.5,25.5,Pigeonpeas
17.6,39.9,71.5,25.3,70.4,5.64,1001.2,26.5,41.4,Pigeonpeas
14.4,23.2,70.7,38,66.2,5.86,1030,22.6,39.1,Pigeonpeas
37.1,26.8,38.9,26,64.3,5.99,961.1,19.9,38.8,Pigeonpeas
23.4,38.2,57.7,37.1,52.7,6.16,810.8,26.2,46.3,Pigeonpeas
44.7,17.7,59.4,22.9,75.6,6.44,850.9,20.1,62.6,Pigeonpeas
23,23.2,25.7,26,63.7,6.15,917.1,24.1,27,Pigeonpeas
18.7,19.1,59.1,33.4,59.2,6.43,753.1,19.7,58.5,Pigeonpeas
30.8,35.1,88.5,30.1,70.8,5.48,798,24.5,37.2,Pigeonpeas
7.1,33.2,23.8,29.9,55,5,649.2,23,35.5,Pigeonpeas
38.7,25.7,36.8,25.7,40,6.26,785.2,22.1,41.3,Pigeonpeas
0.5,13.4,26.9,35.4,47.9,6.13,782.7,32.7,50.7,Pigeonpeas
33.5,33.2,77.3,23.3,67.9,6.58,878.5,34.2,27.7,Pigeonpeas
30.3,23.8,74.7,33.3,49.9,5.89,696.8,22,23.4,Pigeonpeas
32.2,33.2,25.2,29.3,63.2,6.07,895.3,27.6,34.8,Pigeonpeas
47.4,23.2,53.5,30.3,62.8,5.79,737.3,28.4,48.7,Pigeonpeas
38.1,17.4,37,28,58.2,5.67,864.1,27.9,47.2,Pigeonpeas
32.4,21.6,58.9,23.4,53.6,6.15,882.6,19.7,35.5,Pigeonpeas
51.9,31.7,30.8,25.6,60.2,6.36,643.3,28.2,41,Pigeonpeas
54.5,34.1,37,33.5,48.6,6.38,753.3,36,34.5,Pigeonpeas
44.9,24.9,24.9,25.2,53.5,6.5,942,28.4,20,Pigeonpeas
70.3,35.7,68.4,33,69.1,6.3,706.4,26.8,23.5,Pigeonpeas
89.5,24.8,28.9,31.8,49.9,5.65,742.8,35.8,50.5,Pigeonpeas
40.7,41.7,53.7,24.6,50.8,5.81,815.9,24.4,45.4,Pigeonpeas
11.2,25.8,47.1,28.3,69.5,6.7,925.2,19.6,44.8,Pigeonpeas
35.2,6.1,89.7,29.3,54.3,6.31,500,23.1,20,Pigeonpeas
22.4,6.2,106.9,27.4,71.2,5.49,677,26.1,45.4,Pigeonpeas
55.2,36.7,49.1,26.9,62,5.79,728,23.9,21.1,Pigeonpeas
9.6,6.9,39.5,18,67.7,5.94,940.9,23.1,58.6,Pigeonpeas
54.8,42.9,67.5,28.8,55.4,6.72,889,30,42,Pigeonpeas
63.7,18.4,39.4,24.5,54,5.53,883.3,23.8,40.6,Pigeonpeas
28.1,23.9,35.8,31.8,61,5,779.6,23.9,45,Pigeonpeas
0.1,32.4,31.3,31.4,80,5.48,588.6,32.7,34,Pigeonpeas
34.5,15,44.5,28.1,80,6.13,823.1,21.8,37.7,Pigeonpeas
0,40.2,53.3,34,64.6,5.7,854.1,29.2,31.6,Pigeonpeas
48.5,25.4,53.6,22.7,48.8,6.5,896.1,32,49.4,Pigeonpeas
42,33.8,36,32.8,58.5,5.8,898.8,25.8,47.3,Pigeonpeas
38.6,37.8,49.2,31.2,59,6.24,912.6,20.2,51.2,Pigeonpeas
44.2,41.2,32.8,26.8,69,5.64,859.4,25.5,38.3,Pigeonpeas
30.1,32.6,34.9,26.6,80,5.98,964.3,31.3,41,Pigeonpeas
58.8,26.5,28.9,31.2,53.9,5.52,757.8,30.4,53.9,Pigeonpeas
41.9,28.7,44.1,34.5,51.5,5.52,619.7,26.4,47.3,Pigeonpeas
27.7,43.8,13.6,33.2,74.3,5.66,924.4,29.5,38.5,Pigeonpeas
62.5,23.7,76.7,35.4,61.5,5.4,741.1,20.7,34.2,Pigeonpeas
16.9,28.1,24.8,29.8,41.8,6.15,579.9,34.3,42,Pigeonpeas
74.9,34.4,54.6,26.9,46.5,5.98,941.9,34.5,44.6,Pigeonpeas
51.8,53.9,31.4,26.3,66,6.23,810.5,25.5,24.3,Pigeonpeas
40.4,24.5,86.1,35.4,55.6,6.22,768.1,29.7,37.3,Pigeonpeas
45.8,55.9,49,24.2,48.7,6.29,979.8,29.6,44.7,Pigeonpeas
37.1,18.1,69.4,27.3,47.8,6.37,845.2,21,60,Pigeonpeas
13.8,32.1,38.8,31.1,80,7,863.4,26.3,35.5,Pigeonpeas
32.1,39.9,21.1,18,75.2,5.87,777.7,24.5,25.5,Pigeonpeas
11.1,29,71.5,38,80,6.81,835.6,25.4,44.7,Pigeonpeas
0,43.8,73.3,28.1,52.9,5.88,804.1,23.3,39.1,Pigeonpeas
12.1,37.4,62.5,27.6,42.6,6.04,746.1,28.4,38,Pigeonpeas
60.6,35.9,58.7,31.4,65.2,5.7,891.6,28.8,48.2,Pigeonpeas
43.1,23.5,42.8,33.2,61.7,6.7,632,30.6,54.1,Pigeonpeas
23.1,42.5,64.2,27.9,68.4,6.6,788.1,18,36,Pigeonpeas
12,38.2,16.7,26,53.7,5.5,858.6,25.6,37.1,Pigeonpeas
0.2,37.7,61.7,20.3,70.8,6.37,913.7,27.3,52.1,Pigeonpeas
46.8,21.4,27.1,29,70.3,5,826.2,30,37,Pigeonpeas
47.3,30.6,18.1,33.3,63.6,7,694.9,26.1,46.8,Pigeonpeas
6.9,28.6,33.1,24,46,5.65,865.9,19.5,20,Pigeonpeas
24.5,25.5,31.5,38,64.9,6.39,872.9,27.1,39.6,Pigeonpeas
9.9,23.3,61.2,22.7,53.7,5.37,744.4,30.6,39.8,Pigeonpeas
21.9,27.1,90.2,31.7,75,6.18,694.8,19.8,42.4,Pigeonpeas
6.4,28.4,21.7,28.8,72.4,5.92,871.3,21,20,Pigeonpeas
27.8,38.2,13.5,35.9,50.8,6.25,879.4,23.1,32.4,Pigeonpeas
10.1,16.5,43.1,34.4,41.1,6.77,610,24.1,43.2,Pigeonpeas
21.8,9,10,31,67.1,6.63,779.9,27.8,38.6,Pigeonpeas
45,34,71.6,30,58.7,5.34,866.2,30.9,40.1,Pigeonpeas
84.8,37.8,63.9,25.6,48.8,5.97,791.3,24.3,30.1,Pigeonpeas
0,26.5,40.2,25.5,48.5,6.03,706.7,29.3,41.3,Pigeonpeas
38.9,18.2,47.4,32,58,6.51,727.7,27.2,25.6,Pigeonpeas
8,38.7,33.1,27.3,48.5,6.09,695.9,21.7,36.6,Pigeonpeas
5.8,41,51.1,31.2,58,6.24,778.6,28.3,51.8,Pigeonpeas
32.4,28.2,66,25.8,62.1,6.05,749.5,35.3,32,Pigeonpeas
43.1,41.3,31.3,29.2,50.2,6.25,736,21.2,35.9,Pigeonpeas
32.1,40.9,35.8,24.5,57,5.71,689,27.2,46.8,Pigeonpeas
32.2,36.3,38.5,25.7,57.9,5.77,830.5,32.4,40.2,Pigeonpeas
60.4,34.2,41,29.7,71.6,6.66,931.8,30.1,60.3,Pigeonpeas
8.9,9.6,45.5,21.6,57.8,5.96,595.3,26.2,80,Pigeonpeas
21.5,41.6,69.9,29.7,40.9,5.32,877.8,26.6,29.6,Pigeonpeas
31,27.6,50.4,28.3,55.1,6.59,665.3,25.2,26.8,Pigeonpeas
48,44.6,10,23.8,51.2,6.75,612,30.3,56.1,Pigeonpeas
38.6,21.2,50.7,29.1,64.4,6.16,980.4,28,45.9,Pigeonpeas
63.3,19,71.5,27.6,48.7,6.22,1189.8,23.5,40.2,Pigeonpeas
0,35.3,36.8,33,54.6,5.38,706.5,22,29.8,Pigeonpeas
30.4,56.5,62.1,32.1,51.2,5.52,744.2,25.8,35.7,Pigeonpeas
47,33.3,57.6,28.7,50.6,5.84,840,22.9,30.5,Pigeonpeas
55.6,15.6,26,28.2,59.8,6.08,654.6,27.3,41.1,Pigeonpeas
15.7,34.8,95,29,72.6,6.08,713.1,24.9,20,Pigeonpeas
53,22.3,64.2,34.6,65.7,5.91,876.6,22.4,43.9,Pigeonpeas
37.4,43.2,29.3,18.5,51.5,6.42,759.9,25.1,36,Pigeonpeas
19.1,24.9,60.9,23.7,40,6.11,866.6,31.3,29.6,Pigeonpeas
100,38,40.6,28.2,65.3,6.55,966.3,30.7,24.7,Pigeonpeas
28,29.7,31.9,30,44.3,5.26,785.3,30.2,44.8,Pigeonpeas
24.9,36.2,22.1,25.5,65.2,6.21,723.7,30.3,37.8,Pigeonpeas
66,25.2,60.9,38,48.4,5.83,781.5,20,34.6,Pigeonpeas
62.3,15.3,11.4,29.1,49.8,6.01,1025.4,29.5,55.5,Pigeonpeas
53.1,35.7,38.1,30.3,47.5,6.64,869.5,30.8,61.5,Pigeonpeas
0,32.9,64.2,23.5,45.6,5.8,775.9,30.9,45.3,Pigeonpeas
25.1,36.6,28.5,34.4,62.8,6.02,780,23.3,43.8,Pigeonpeas
20.9,45.8,69.6,26.3,65.1,5.84,651.7,26.6,39.2,Pigeonpeas
54.6,23.4,37.3,18,71.5,6.23,829.9,36,44.8,Pigeonpeas
0,29.3,32.8,25.3,68.5,5.8,898.4,33.4,29.6,Pigeonpeas
0,40.1,102,23.5,60.9,7,945.2,22.7,42.1,Pigeonpeas
37.7,28.4,27.1,29.1,67.7,5.69,943.3,23.1,51.2,Pigeonpeas
40.2,25.3,84.7,34.3,64.4,5.68,842.5,23.3,39.5,Pigeonpeas
0,22.8,94.7,34.6,65.1,6.78,769.2,28.1,29,Pigeonpeas
5.8,44.3,60.3,34.4,62.4,7,796.9,26.3,46.5,Pigeonpeas
76.8,43.6,66,38,63,5.62,776.8,33.3,57.5,Pigeonpeas
43.4,40.1,42.1,22.3,56.4,5.31,795.3,29.6,43.1,Pigeonpeas
25.4,66.8,45.2,19.5,64.8,5.72,720.2,23,38.6,Pigeonpeas
24.1,42.8,63.7,24.7,71.6,5.72,789.7,18,36.7,Pigeonpeas
60.5,12.8,48.2,27.6,64.7,6.06,810.7,25.2,43.1,Pigeonpeas
0,33.5,100.4,34.6,51.1,6.01,732.4,18,43.5,Pigeonpeas
17.2,16.3,66.1,24.4,50.8,6.14,725.8,24.9,34.8,Pigeonpeas
39.6,19.8,71.7,32.2,56.3,5.94,696.3,24,54,Pigeonpeas
59.9,25.7,22.3,26.4,57.1,5.85,888.8,27.4,27.5,Pigeonpeas
31.7,39.9,10,26.8,40.4,5.61,627.9,18,38.5,Pigeonpeas
18.4,32.4,29.4,30.7,58.1,5.92,948.2,26.5,47.4,Pigeonpeas
13.4,13.8,37.5,25.6,68.8,6.61,874.6,21.5,34,Pigeonpeas
0,20.8,42.2,28.1,58,5.79,787.7,30.9,39,Pigeonpeas
30.9,7.9,57.1,30,54.1,5.53,952.8,24.6,44.7,Pigeonpeas
46.8,32.5,27.1,32.6,74.4,6.35,858.8,30.3,53.3,Pigeonpeas
89.4,37.3,58.4,31.7,40,5.94,778.3,25,47.3,Pigeonpeas
42.6,25.3,21,31.7,52.5,6.07,801.8,24.8,30.8,Pigeonpeas
19.4,25.6,45,30.3,57.8,5.85,879.6,23.9,40.4,Pigeonpeas
5,33.4,10,30.4,46.2,5.79,862.7,24.9,43.7,Pigeonpeas
42,37.6,60.9,28.9,63.2,6.21,811.4,26.4,43,Pigeonpeas
26.9,14,46.2,25.9,46.6,6.42,777,26.3,38.2,Pigeonpeas
38.3,49.1,55.3,25.8,45.2,5.89,876.1,29.1,31.4,Pigeonpeas
36.1,35.8,58.2,34.4,67,5.16,718,23.8,49.8,Pigeonpeas
40.4,30.3,57.6,19.8,80,5.17,657.5,22.5,41.8,Pigeonpeas
5.4,21.2,29.7,26.8,59.1,6.38,907.4,23.4,45,Pigeonpeas
12.3,37.6,62.7,21,77.9,6.64,759.9,25.8,32.9,Pigeonpeas
19,15.1,46.2,29.3,66.3,5.88,989,19.7,45.4,Pigeonpeas
36.3,13.2,16.1,37.4,59,5.83,626.6,31.6,50.8,Pigeonpeas
23.3,38.8,53.9,30.9,71.3,5.96,733,20.7,30.5,Pigeonpeas
50.7,30.2,37.6,26.9,71.7,5.5,774.9,28.9,50.1,Pigeonpeas
33.1,15.9,34.7,34.8,73.6,6.33,779.3,25.1,20,Pigeonpeas
55.1,32.7,48.5,25.4,73.4,6.54,787.5,27.6,51,Pigeonpeas
46.2,40.7,65.8,29.3,62.4,6.12,1057,22.7,41.6,Pigeonpeas
10.4,44.2,32.5,31.2,46.1,6.88,658.9,28.2,59.5,Pigeonpeas
20.9,52.5,27.5,30.6,54.1,6.4,703.7,27.1,41.4,Pigeonpeas
11.2,39.2,39.8,36,55.6,5.69,861.1,27.2,46,Pigeonpeas
55.3,14.8,55.7,21.8,59,6.14,852.8,25.5,36.6,Pigeonpeas
9.7,27.2,58.8,30.1,50.2,5.44,736.9,30.1,37.7,Pigeonpeas
51.1,28.7,88.4,27.8,65.5,5.4,750.1,22.6,40.7,Pigeonpeas
28.3,40.3,54.5,26.3,54.4,6.28,766.3,27.9,47.5,Pigeonpeas
24.4,22.8,27,31.4,71.9,5.95,797.6,18.6,42.3,Pigeonpeas
24.2,23.3,54.3,25.8,51.5,5.36,769.2,28.4,47.1,Pigeonpeas
56.9,23.2,33.9,25.1,59.2,7,585.4,30.9,28.9,Pigeonpeas
13.6,24.6,37.1,31.3,57.3,6.45,668,28.3,42.3,Pigeonpeas
47.8,35.6,27.7,24.4,73.4,5.5,869.7,24,54.7,Pigeonpeas
41.3,33.7,34.9,27.7,59,6.64,718.5,31.1,40.6,Pigeonpeas
25.6,53,36.8,31.3,61.5,5,692.4,22.4,41,Pigeonpeas
34.3,28.5,54.8,30.6,68.8,6.8,843.1,25.4,25.6,Pigeonpeas
49.6,32,38.3,20,59.5,6.13,707.4,33.3,63.8,Pigeonpeas
20.9,17.6,62.5,28.7,43.2,6.15,876.8,20.4,35.2,Pigeonpeas
0,28.7,52.1,26.7,47.6,5.74,776.2,26.8,33.3,Pigeonpeas
61.8,37.2,37.5,25.6,63,7,813.1,20.3,53.5,Pigeonpeas
64.9,27.8,23.9,18.2,61.1,6.21,760.3,33.6,48.6,Pigeonpeas
47.9,40.2,32.2,33.2,72.2,5.97,1147.7,30.6,47.2,Pigeonpeas
38.6,33.1,46.1,19.2,40.4,5.38,777.2,28.7,20,Pigeonpeas
28.9,18.6,62.6,27.7,66,5.34,823.4,25.1,29.8,Pigeonpeas
36.9,20.4,77.1,19.2,74.5,6.37,599.1,36,50,Pigeonpeas
41,15.1,77,23.9,57.2,6.69,635.1,25.3,39.1,Pigeonpeas
22.4,40.2,45.2,31.6,56.1,5.27,842.3,24.3,49.2,Pigeonpeas
7.3,30,72.7,29.9,76.8,6.27,763.9,29.9,48.7,Pigeonpeas
30.8,26.1,25.1,23.9,53.7,6.22,868.7,23.9,51.6,Pigeonpeas
54.9,39.3,36.4,30.7,70.2,6.04,762,21.8,69.2,Pigeonpeas
1.6,27.5,67.5,30.9,60.8,5.26,896.3,29,38.4,Pigeonpeas
78.9,31.6,48.7,20.6,61.9,6.08,623.2,31.3,40.4,Pigeonpeas
38.2,30.2,79.3,25.1,53.7,6.22,781.1,20,25.6,Pigeonpeas
0.2,26.7,59.6,28,70.5,6.54,855.3,23.3,42.1,Pigeonpeas
10.8,33,51.5,26.8,65.6,5.39,571.1,27.5,48.7,Pigeonpeas
9.9,26.3,57.8,28.7,44,5.51,879.1,24.9,30.4,Pigeonpeas
20.6,32.1,42.5,34.8,71.4,5.71,675.2,21.5,32,Pigeonpeas
21.6,51,27.2,32.9,63.5,5.92,780.5,27.7,31.5,Pigeonpeas
43.4,28.5,38.6,33.5,57.2,5.38,763.5,25.6,60.7,Pigeonpeas
9.4,42.4,40.4,25.6,55.3,5.28,656.2,31.5,40,Pigeonpeas
38.5,34.8,67.9,27.9,80,5.76,796.6,30.2,46.5,Pigeonpeas
1.8,35.1,68.1,23.1,56.7,6.29,912.5,31.2,46.9,Pigeonpeas
44.2,26.6,38.8,25.8,64.8,5.76,770.3,32,27.2,Pigeonpeas
45.5,43.4,32.9,24.5,54.7,5,500,29.2,47.3,Pigeonpeas
60.2,40.2,77.7,32.7,52,5.85,848.2,26.7,43.9,Pigeonpeas
14.7,12.4,49.5,26.8,51.2,5.52,943.3,18,30.9,Pigeonpeas
39,33.1,70.4,31.6,76,5.86,813.3,25.4,43.8,Pigeonpeas
17.5,12.2,17.4,33.6,63.5,6.12,768.3,23.8,50.4,Pigeonpeas
57.8,34.2,22.9,25.7,40,5.99,756,31,35,Pigeonpeas
48.7,27.8,44,32.2,67.5,5.94,666,18.2,38.4,Pigeonpeas
0,28.4,23.3,25.7,58.9,6.01,889.6,27.8,51.9,Pigeonpeas
18.2,29.5,10,33,70.4,6,754.7,29.7,38.3,Pigeonpeas
19.3,43.2,55.2,27.5,50.9,5.44,760.7,25.9,51.7,Pigeonpeas
41.5,12.6,42.6,27.8,60.9,6.21,661.1,22.9,59.7,Pigeonpeas
29,23.3,53.3,33.3,50,6.23,705.1,31.8,24.5,Pigeonpeas
44,26.2,68.2,28.7,40,6.73,957.2,25.6,39.1,Pigeonpeas
35.5,36,71.7,28.1,59.5,6.56,785.2,27.3,39.1,Pigeonpeas
15.5,36.2,61,32.1,78.2,6.37,783,23.8,46.5,Pigeonpeas
3.7,18.5,48.6,19.2,51.4,5.92,733.5,26.3,34.4,Pigeonpeas
30.6,34.4,65.3,25.4,64.8,5.9,629.8,31,52.1,Pigeonpeas
41.8,16.7,88.2,19.7,48.5,5,631.5,25,58.4,Pigeonpeas
14.5,30.7,70.4,31.1,58.2,6.2,624.2,28.6,27.4,Pigeonpeas
44.7,15.8,34.6,28,58.2,5.04,588.8,30.3,44.4,Pigeonpeas
24,30.1,37.9,28.2,44.8,6.41,820.4,19.1,43.3,Pigeonpeas
9.1,14.3,84,29.9,51.1,5.85,745,29.1,46.6,Pigeonpeas
63.8,23.4,40,27.3,40,6.59,721.9,23.5,21.6,Pigeonpeas
14.4,38.4,48.7,31.5,75.7,7,884.6,25.6,50.7,Pigeonpeas
48.1,18.1,10,20.2,43.3,5.67,976.2,24.6,63.4,Pigeonpeas
55.7,33.4,55.2,24.3,53.2,5.82,875.7,22,39.7,Pigeonpeas
29.1,31.4,58,28.2,46,5.62,817.7,21.8,52.5,Pigeonpeas
42.4,34.2,41.5,26.3,59.3,5.64,833.9,24.3,49,Pigeonpeas
23.7,40.2,49.2,25.9,55.2,6.03,918.2,28.7,40.9,Pigeonpeas
4.4,35.3,32.1,23.1,42.5,6.7,784.7,27.4,29.2,Pigeonpeas
66.7,25,65.8,28.9,64.1,7,893.3,27.4,34.8,Pigeonpeas
66.2,37.3,32,25.1,40.8,6.74,811.1,30,44,Pigeonpeas
14.4,30.5,82.3,32.5,56.9,5.09,784.3,24.7,29.6,Pigeonpeas
24.2,29.1,11.5,28.5,62.2,5.97,875,26.7,22.3,Pigeonpeas
60.4,9.6,80.1,26.5,42.7,6.65,859.7,25.2,30.3,Pigeonpeas
34.9,25.5,37.9,33.2,50.7,5.49,617.4,30.2,37,Pigeonpeas
0,36.6,64.7,31.4,62.2,6.96,861.5,20.6,57.6,Pigeonpeas
45.7,18.9,54.3,22,80,5.23,876.4,34.4,33.2,Pigeonpeas
41.5,31.5,78.4,18,63.9,5.93,772.9,25.9,48.8,Pigeonpeas
25,32.6,35.7,27.9,66.3,6.02,864.8,25.5,32.2,Pigeonpeas
60.1,28.2,34.2,27.9,46.1,6.58,799.9,23.6,54.6,Pigeonpeas
49.7,45,68.1,25,42.9,6.51,744.9,29.9,20,Pigeonpeas
21.1,37.7,42.9,28.7,71.2,5.73,1180.4,24.3,38.5,Pigeonpeas
23.1,33.4,68.3,27.4,63.5,6.16,796.2,24.5,51.4,Pigeonpeas
34.2,21.3,80.1,25,51.7,6.34,837,28,53.5,Pigeonpeas
43.2,29.6,55.9,30.8,65.9,7,771.1,26.1,26.7,Pigeonpeas
7.7,34.1,33.1,26.3,59.2,6.01,847.9,23.5,34.7,Pigeonpeas
28.6,20.9,146.1,29.4,69.4,6.41,682.7,26,41.5,Pigeonpeas
60,33,50.3,38,67.4,5.97,994.1,25.4,50.9,Pigeonpeas
0,23.4,36.2,18,51.9,6.98,858.5,24.6,57.3,Pigeonpeas
11.2,29.5,34.2,24.2,80,6.12,710.6,23.9,56.5,Pigeonpeas
10.7,14.8,21.9,32.5,48.8,6.27,720.6,19.4,38.1,Pigeonpeas
0,33.4,57.4,30.3,59.7,5.74,717.4,31.9,59.4,Pigeonpeas
32,33.4,50.7,22.8,55,5.86,959.6,21,49.1,Pigeonpeas
26.2,20.5,15.2,30.9,46.4,7.34,296.8,28.7,7.4,Mothbeans
20.9,20,37.2,33,44.2,7.31,330.1,33.1,15.6,Mothbeans
33.5,21.8,44.7,27.8,32.4,7.32,282.3,23.7,40.1,Mothbeans
26.8,14.1,18.5,32.7,27,6.75,323.3,40,16.4,Mothbeans
32.4,21.8,27.8,31.9,23.1,7.2,341.3,28.2,5,Mothbeans
47.7,16.6,46.7,34.5,35.8,6.51,292.2,25,40.1,Mothbeans
8.3,22.3,29.8,34.7,44.2,7.14,314.5,27.2,17.9,Mothbeans
43,23.6,42.1,33.7,44.7,6.67,290.3,25.9,20.6,Mothbeans
8.5,11.3,30.1,29.4,24.9,7.16,289.5,32.3,18.8,Mothbeans
49.5,16.1,26.7,34.1,52.2,7.01,188.1,32,29.5,Mothbeans
18.4,28.5,26.5,33.8,20,7.43,290.9,28.1,36.5,Mothbeans
35.6,15.9,31,38,36.6,7.78,296.9,28.7,23.7,Mothbeans
37.9,21.9,49.5,31.1,46.8,7.11,339.9,28.8,16.1,Mothbeans
39.3,18.3,26.7,29.7,55.2,7.11,307.4,40,5.2,Mothbeans
31.9,21.2,23.5,30.6,27.2,6.9,207.7,27,26.4,Mothbeans
23.5,13.1,27.3,33.5,35.5,7.29,250.1,27.9,20.9,Mothbeans
30.2,24.9,30.7,30.4,31,6.75,350.3,29.6,23.1,Mothbeans
42.4,14.4,43.5,30,34,6.75,386.8,23.9,11.9,Mothbeans
36,5.4,24.7,30.7,54,6.49,285.5,23.7,5,Mothbeans
22.6,19.8,29,20,33.3,7.31,218.7,26.9,32.2,Mothbeans
45.3,17.6,34.5,31.8,52.6,7.18,286,32.1,22.3,Mothbeans
28.4,13.3,17.8,31.6,49.5,6.94,242.8,28,33.2,Mothbeans
24.7,21.1,33.3,22.5,24.6,7.32,263.6,30.3,8.3,Mothbeans
25.5,16.3,26.9,31.9,32.4,7.05,335.2,26.2,25.9,Mothbeans
36.7,25.9,12.6,35.8,35.1,6.67,301,30.1,11.1,Mothbeans
34.3,15.7,29.1,30.4,40.4,6.54,235.4,24.3,22.7,Mothbeans
23.5,8.9,30.5,28.1,37.1,7,384.9,33.3,9.4,Mothbeans
36.4,27.4,33.3,23.4,50.4,7.25,317,25.1,28.7,Mothbeans
41,22.3,20.3,30.1,46.5,7.09,500,25,5,Mothbeans
30,14.4,29.4,27.3,40,6.82,369.7,25.3,11.5,Mothbeans
21.7,17,38,30.1,48.4,7.19,262.7,28.8,22.3,Mothbeans
29.7,23.9,42.6,31.7,41.9,6.74,220.5,25,17.7,Mothbeans
30.6,20.1,24.8,36,29,6.53,323.5,28,33.2,Mothbeans
29.8,15.3,33.2,27.6,38.4,7.14,249.1,31.6,21.4,Mothbeans
30.7,22.4,34.6,27.8,36.4,7.16,326.6,24.6,17.4,Mothbeans
25.4,15.6,32.3,29.1,39.8,6.65,258.9,40,20.1,Mothbeans
23.7,23.7,13.5,34.2,41.6,7.17,314.9,22.5,13.8,Mothbeans
43.3,25.3,35.5,29.6,44.5,6.86,440.6,29.9,22.7,Mothbeans
35.8,28.3,34.8,28.1,27.9,6.73,220.5,27.9,30.6,Mothbeans
33.6,17.5,50.3,32.5,32.8,7.39,255.2,33.1,22,Mothbeans
36,29.3,37.6,29.8,45,6.96,254.9,28.3,5,Mothbeans
18.4,24.3,40.4,30.1,43.6,7.43,353.3,34.9,5,Mothbeans
63.6,15.2,45.9,30,46.2,6.76,261,28.7,14.4,Mothbeans
47.6,20.1,25.5,30.1,47,7.14,204.3,24.4,12.5,Mothbeans
30.2,15.1,25.9,25.9,31.1,7.61,381,24.5,17.3,Mothbeans
39.4,24.6,45.6,31.4,33,6.67,419.4,27,6.3,Mothbeans
44.4,23.7,15.9,30.9,42.7,7.27,347.3,26.4,25.8,Mothbeans
26.3,16.5,34.8,20,21.3,7.02,362.2,20,8.1,Mothbeans
26.8,21.5,22.3,31.1,39.2,8,234.2,27.3,32.2,Mothbeans
40.5,15.3,12.1,26,47.7,7.1,170.9,33.4,20.1,Mothbeans
24,18.6,20.2,24.8,60.8,7,285.9,23.5,25.6,Mothbeans
25.9,18.4,34.3,31.8,41.1,7.05,400.6,31.5,8.1,Mothbeans
29.9,22.6,32.8,30.2,40.1,7.31,379.6,30.7,14.6,Mothbeans
38.8,22.3,22.4,22.8,40,7.08,343.6,30.6,20,Mothbeans
29.5,16.5,15.4,31.1,43.4,7.28,385.7,22.8,13.9,Mothbeans
15.9,14.8,38.4,29.4,20.6,7.4,310.7,34,13.9,Mothbeans
26,26,49.3,33.5,48.2,7.26,252.4,30.3,20.1,Mothbeans
30.9,18.2,16,27.4,27.3,6.82,306.9,25.8,11.6,Mothbeans
31,21.5,49.8,32.9,33.4,6.47,271.9,31.4,12.2,Mothbeans
43,21.5,34.7,32.1,32.6,6.94,210.3,26.6,18.5,Mothbeans
19,23.3,20.8,32.6,52.3,7.26,426.7,29.2,18.5,Mothbeans
32.6,20.1,40.5,32.7,37.1,7.38,254.2,28.8,12.8,Mothbeans
39.6,20.8,48.2,31.5,49.4,7.01,300,28.1,10.7,Mothbeans
25.6,16.9,26.8,24.7,55.7,7,370.8,26.8,20.3,Mothbeans
30.8,22.1,24.6,28.2,50.8,6.58,287.2,29.8,26.1,Mothbeans
28.4,16.6,35,29.8,46.2,7.28,278.3,26.5,13.5,Mothbeans
25.2,16.6,43.5,26.5,38.9,7.4,272.4,26.4,7,Mothbeans
36.8,22.9,37.1,28.8,32.1,7.13,426.3,29.3,17.7,Mothbeans
22.2,22.6,30.6,33.4,52.5,7.11,347.7,27.4,34.6,Mothbeans
31.5,21.1,33.9,29.4,46.6,6.55,260.8,26.9,13.3,Mothbeans
30.3,21.6,38.9,31.1,59.1,6.98,230.5,29.8,8.1,Mothbeans
27.1,26.5,24.9,24.2,42.1,7.8,329.8,30.8,25,Mothbeans
20.2,23.1,32,31.2,27.6,6.71,255.4,28.8,16.8,Mothbeans
26.2,20,32.3,31.1,31.7,6.96,301.7,26,23.4,Mothbeans
31.7,19.2,22.1,26.8,40.1,6.72,271.8,27.4,26.6,Mothbeans
29.8,16.7,16.7,27.3,44.7,7.07,366.4,26.2,25,Mothbeans
13.8,18.3,28.5,27.4,41.4,6.64,272.6,31.5,19.9,Mothbeans
31.5,19.5,38.8,33,43.8,6.64,274.9,25.7,28.2,Mothbeans
37.6,14.1,37.6,29,53.3,6.95,300.5,28.3,27.2,Mothbeans
45.8,9.2,22.7,30.3,26.6,7.28,254.6,27.8,29.9,Mothbeans
41.2,15.2,25.9,25.7,30.9,6.97,372.5,25.2,14.1,Mothbeans
12,25,35.8,25.1,34.3,6.98,368.4,29.1,5,Mothbeans
33.1,21.2,37.4,26,41.1,7.4,351.6,32.3,15,Mothbeans
22.3,20.4,30.8,25.2,41.7,7.07,332.5,32.2,29.2,Mothbeans
23.1,20.5,34.2,26.8,41.3,7.22,273.8,23.4,26.4,Mothbeans
80,14.6,37.3,33,54,7.26,346.4,40,27.7,Mothbeans
41.1,12.9,35.5,35.1,47.4,7.3,267,23.7,18.6,Mothbeans
25.1,21.7,34.9,29.9,36.7,6.8,299.4,25.3,21.5,Mothbeans
32.7,9.2,20.7,34.5,46.8,6.48,281.1,33.2,36.9,Mothbeans
39.1,17.1,19.8,25,41.1,7.5,289.5,40,5,Mothbeans
31.6,20.6,34.6,32.2,31.4,6.63,263.7,23.8,5,Mothbeans
29.3,26.2,29.9,29.6,47.2,6.98,500,29.8,29.3,Mothbeans
29.5,21.4,32.7,30.2,28.2,6.94,263.7,25,17.3,Mothbeans
40.8,20.1,34.5,31.3,42.5,7.04,281.6,32.5,20.2,Mothbeans
41.7,16.1,30.3,33.4,44.8,7.47,322.3,24.7,5,Mothbeans
28.4,15,35.8,30.6,37.7,7.26,283.2,24.5,14.9,Mothbeans
33.4,25.9,52.1,29.9,53.1,7.33,400,26.2,22.5,Mothbeans
69.6,26.1,22,29.1,32.4,7.08,150,24.9,24.9,Mothbeans
21.6,15.1,19.6,29.9,36.2,7.16,316.4,29.6,30.2,Mothbeans
11,24,32.3,24.2,37.8,7.13,307.3,21.4,5,Mothbeans
45,24.5,45.8,35.1,44.1,7.06,316.2,22.7,24.3,Mothbeans
32,19.1,29.6,34,46.4,6.92,233.2,29.4,11.9,Mothbeans
19.5,16.6,25.2,30.3,35.3,6.88,311.4,28.3,17.6,Mothbeans
34.4,18.5,18.1,24.4,45,6.98,336.1,24.7,25.6,Mothbeans
33.4,15.1,48.1,34.4,39.4,6.65,293.6,32.5,9.1,Mothbeans
16.1,23.9,20.9,30,42.8,7.19,254.1,27.1,7,Mothbeans
22.5,20.2,39.4,30.6,44.7,7.19,295,33.1,20,Mothbeans
34.7,23.5,32.5,26.7,30.2,7.02,299,33.2,13.1,Mothbeans
20.1,12.2,28.6,28.8,47.3,6.92,247.6,28.2,27.1,Mothbeans
39.2,26.5,30.8,24.9,36.6,7.16,335.6,25.2,31.2,Mothbeans
36.9,16.4,33.1,40,20,7.15,310.7,29.5,22.4,Mothbeans
32.7,28.6,40.2,30.8,34.2,6.73,272.2,27,17.8,Mothbeans
35.6,17.5,25.4,30.3,69.3,7.26,302.3,24.2,19.6,Mothbeans
40.6,11.8,35.8,35.7,34.8,7.21,317.2,26.2,5,Mothbeans
13.5,23.9,50.4,29,20,6.92,368.7,26.4,26.9,Mothbeans
39.8,20.8,10.6,24.8,37.3,7.01,311.3,31.7,11.8,Mothbeans
23.7,19,43.5,34.4,54.7,6.99,289,26.2,23.5,Mothbeans
34.9,13,26.6,29.7,34.7,7.1,312.4,29.5,29.9,Mothbeans
23.3,17.2,42.5,28.1,37.9,7.26,326.7,28.2,18.4,Mothbeans
30.5,32.2,33.5,30.8,43.6,6.82,254.2,26.8,21.4,Mothbeans
40.5,14.1,39.4,30.6,33.2,6.25,313.4,28.4,24.9,Mothbeans
18.9,12.5,32.1,24.9,24.8,7.34,328.9,26.1,10.1,Mothbeans
5.3,20.4,42.5,27.8,57.2,6.4,292.3,31.2,25.6,Mothbeans
32.1,21,19.5,28.9,52.3,6.69,319.5,27.8,29.2,Mothbeans
21.1,25.8,26.3,28.8,67.7,7.34,269.8,27.7,15.1,Mothbeans
45.8,19,40.2,30.7,53.7,7,219.2,29.5,18.1,Mothbeans
19.4,21.2,21.9,24.1,30.4,7.05,213.8,27.5,18.3,Mothbeans
38,19.2,31.2,29.7,23.7,6.99,312.9,28.6,35.6,Mothbeans
42.4,24.9,33.4,30.8,37.1,6.72,293.7,23.3,10,Mothbeans
45.4,21.1,26.5,29.2,58.5,7.2,362.8,35.3,5,Mothbeans
34.7,22.8,35.1,27.1,43.3,7.14,348.8,31.5,14.8,Mothbeans
33,32.9,19.2,33.7,29.5,7.56,350.7,23.2,26.8,Mothbeans
18.1,19.3,32.4,29.6,59,7.26,375.4,26.9,27.5,Mothbeans
39.6,17.1,40.2,36.9,35,7.03,320.9,26.7,18.7,Mothbeans
32.6,17.6,18.4,27.6,48.8,7.01,269.4,25.1,5.4,Mothbeans
45.7,11.3,33.8,29,38.4,7.17,310.3,36.1,11.8,Mothbeans
46.9,17,37.2,31.5,39.4,7.39,320.8,23.2,17.3,Mothbeans
14.2,16.4,10,29.5,40.9,7.14,247.5,30.1,31.2,Mothbeans
47.4,19.3,32.7,24.9,52.5,7.05,311.2,40,7.7,Mothbeans
18.9,11.2,22.1,40,33.2,7.28,285.8,28.3,27.3,Mothbeans
19.1,23.3,10,33.9,24.7,6.6,316.1,30.3,24.4,Mothbeans
20.6,20.9,29.7,31.8,57.4,7.43,346.2,27.8,10.8,Mothbeans
38.4,22.1,37.1,29.1,36.5,7.35,303.9,32,32.6,Mothbeans
23,25,21.1,31.8,42.4,7.44,346.4,27.8,21.7,Mothbeans
26.8,26.2,36.2,37.2,52.9,7,266.3,23.1,22.6,Mothbeans
26.2,21.7,17.2,32.1,34.1,7.32,290.8,31,24.8,Mothbeans
20.6,24.4,32.8,28.5,42.4,6.61,377.5,26.7,15.3,Mothbeans
31.5,17.5,19.4,33.6,36.9,7.25,361.9,22.7,9.3,Mothbeans
42.7,20.5,20.8,24.2,50.6,7.15,290.1,28.6,5,Mothbeans
53.1,17.9,30.6,33.1,46.7,7.01,304.9,33.4,20.8,Mothbeans
39.9,18.5,32.8,30.1,32.6,7.19,232.5,24.7,10.3,Mothbeans
25.2,27.2,29.8,30.2,22.8,7.01,285.8,26.6,5,Mothbeans
37.6,25,20.4,26,32.6,7.3,288.9,29.3,13.4,Mothbeans
17.6,23.6,22.7,24.5,25.2,6.69,291.5,29,19.6,Mothbeans
23.4,25.4,18.6,40,40.8,6.9,251.5,27.7,25.3,Mothbeans
14,16.4,36.9,26.5,31.1,7.1,266.8,25.6,44.7,Mothbeans
27.4,23.1,22.3,28.3,34.8,7.15,337.6,28.3,19.7,Mothbeans
33.7,26.5,19.5,30.2,36.3,7.32,371.2,25.5,24,Mothbeans
27.4,18.5,25.2,28.6,70,6.88,319.2,34.1,20.8,Mothbeans
15.9,17.3,12.9,33.3,36.6,6.98,271.9,28.6,17.5,Mothbeans
6.1,23.3,27.7,30.3,37.8,7.19,180,25.7,12,Mothbeans
29.8,12.8,36.3,32.5,30,7.2,239.2,29.9,17,Mothbeans
33.5,24.7,30.5,31.5,36.1,6.79,313.3,27.1,5,Mothbeans
34.8,25.3,31.1,28,32,7.24,233.5,23.9,34.2,Mothbeans
33.8,15.1,29.7,30.5,39.4,7.15,291.8,28.5,6.1,Mothbeans
42.4,17.4,31,31.7,41.7,6.33,246.3,24.7,16.5,Mothbeans
34.9,27,10,30,38.7,6.8,288.2,25.4,28.1,Mothbeans
35.5,16.7,40.1,29.7,33.6,7.05,310.5,30,26.4,Mothbeans
34.7,16.8,36.4,28.2,20,7.08,317.6,23.7,37.2,Mothbeans
36.5,8.4,19.6,28.4,43.7,7.19,328.8,31.9,17.4,Mothbeans
40.5,18.8,33.8,32.8,30.6,7.37,367.2,28.6,29.1,Mothbeans
36.1,23.2,14.3,24.5,42.4,6.61,285.6,25.8,13.5,Mothbeans
32.3,19.2,34,31.2,40,7.08,241.8,26.4,12.4,Mothbeans
34.1,20.8,13.3,27.3,20,6.99,308.4,27.7,5,Mothbeans
45.9,25.6,10,32.7,54.1,6.99,253.1,31.1,13.4,Mothbeans
43.9,23.2,15.5,25.9,34.4,6.56,323.8,23.4,27.1,Mothbeans
40.5,19.5,29.7,24.9,54.8,7.11,369.3,28.5,20.2,Mothbeans
32.9,15.2,28.5,25.6,44.2,6.88,291.3,28.5,18.3,Mothbeans
28.8,24.2,50.9,32.2,38.9,6.82,300.6,28.1,30.2,Mothbeans
52.4,28.2,30.5,32.2,37,7.25,235.5,30.8,5.9,Mothbeans
31.3,22.5,26.1,29.9,45.9,7.04,288.3,28.6,20,Mothbeans
37.6,13.7,19,26.9,36.2,6.97,255.6,29.3,18.7,Mothbeans
37.6,18.4,32.6,32.5,52.5,6.95,458,26.5,27.9,Mothbeans
12.5,20.2,28.3,27.7,21.4,6,272,31.1,5,Mothbeans
37.6,16.3,27.6,32.3,20,7.37,371.9,27.1,24.7,Mothbeans
31.9,20.8,40.1,32.9,42,7.28,329.5,31.9,25.7,Mothbeans
5,15,14.2,32.9,34.3,6.79,324.7,28,33.4,Mothbeans
25.5,21.1,10,33.7,38.3,7.4,244.4,30,29,Mothbeans
30.4,26.7,21.9,36.9,41.6,6.4,250.1,26.6,31.5,Mothbeans
46.9,16.5,10,31.8,40.8,6.96,394.6,25.6,13,Mothbeans
37.4,26.5,42.1,32.9,30.3,6.27,372.7,32.6,28.4,Mothbeans
18.6,28.5,22.5,23.7,39.3,6.96,238.9,27.2,31.6,Mothbeans
34.6,13.9,31,27,29.4,7.19,309.5,25.6,28.6,Mothbeans
28.5,14,18.5,24.3,41.6,7,255.7,25.4,26.6,Mothbeans
16.4,12.5,28.6,23.1,39.9,6.53,256.7,32.5,20.8,Mothbeans
36.7,27.6,13.2,31,26.1,7.11,273.3,24.8,26.1,Mothbeans
51,26.4,34.5,32.5,37.3,7.37,322.6,25.3,30.4,Mothbeans
32.4,17.4,29.4,27.8,51.8,6.72,290.2,27.8,10.5,Mothbeans
32,23.7,29,32,49.4,6.53,238.2,27.9,28.2,Mothbeans
21.4,26.3,33.1,24.8,37.9,7.15,336.6,27.8,11.4,Mothbeans
43.2,16.6,20.6,30.4,27.1,6,216.9,37,5,Mothbeans
23.4,14.1,26.1,32.2,41.5,7.12,347.8,24,11.6,Mothbeans
24.9,28.8,33.7,29.4,37.1,7.48,394.6,25.5,9.3,Mothbeans
19.4,12.9,51.9,27.2,61.7,7.32,336.1,27.7,23.3,Mothbeans
31.5,20.1,30.3,30.3,47.4,6.57,314.7,24.9,30.1,Mothbeans
29.9,17.6,19.6,31.3,35.6,7.66,394.1,25.7,6.4,Mothbeans
27,19.1,29,24.1,32.5,7.43,271.7,28.6,5,Mothbeans
33.6,19.7,18.6,31.6,41.6,6.65,302.5,32.1,23.6,Mothbeans
28.9,17.3,40.6,27.3,35.6,6.48,328,32.1,19,Mothbeans
22.1,23.9,81.3,31.3,35.1,7.26,293,35.5,23.5,Mothbeans
10.8,19.1,33.6,29.5,44.9,6.89,237.5,29.2,33.9,Mothbeans
36.3,26.2,28.5,29.5,33.5,7.33,413.9,39.1,33.8,Mothbeans
37.3,24,50.9,31.6,58.4,7.1,213.8,30.6,25.4,Mothbeans
24.3,29.2,24.5,28.7,20.9,7.08,330.7,27.8,25.6,Mothbeans
31.8,19,44.2,33.4,45.3,6.68,260,25.5,10.6,Mothbeans
26.7,15.2,31.9,32,37.5,7.26,351.3,30.6,22.1,Mothbeans
36.2,20.6,13.1,27.5,33,6.38,279.2,25.7,23,Mothbeans
48.9,22,27.7,29,36.5,7.04,335.6,28.8,5,Mothbeans
19.5,14.9,29.2,30.5,26.4,7.02,215.4,29.3,28.1,Mothbeans
17,20.4,10.9,30.1,53.6,6.84,253.7,27.1,14.6,Mothbeans
16.5,18.4,27.9,24.7,45.6,6.93,325.1,27.5,24.5,Mothbeans
22.3,24.4,33.3,28.9,61.5,6.82,378.7,24.7,34.5,Mothbeans
28.7,20.3,49.5,23.1,27.4,7.14,387.4,23.2,20.2,Mothbeans
29.9,27.2,28.2,28.1,34,6.88,231.1,26.5,6.7,Mothbeans
41,27.6,18.8,31.6,36.7,7.16,316.3,25.8,12.8,Mothbeans
43.9,18.7,27.8,25,46.1,7.53,309,27.6,5,Mothbeans
58.1,14.8,33.8,29.7,30.8,7.42,229.6,30.1,15,Mothbeans
16.6,17.8,19.3,27.3,49.4,7.2,216.5,23,16.3,Mothbeans
21.4,18.8,52.2,35.7,37.7,7,256.1,33.1,29.6,Mothbeans
37.5,26.5,44.1,33.3,20,7.25,341.2,25.2,23.3,Mothbeans
32.2,26,32.5,24.2,47.9,7.24,270,28.9,20.9,Mothbeans
80,20.3,25.6,27.9,43.8,6.9,326.6,22,40.7,Mothbeans
21.8,14.5,28.3,26.9,38.9,7.45,270,31.6,16.5,Mothbeans
29.3,19.3,45.8,32.9,48.9,6.95,291.6,30,30.4,Mothbeans
46.8,20.7,10,29.3,47.9,7.09,461.1,27.5,21.4,Mothbeans
22,23,39.5,31.1,29.5,6.5,237.1,20,22,Mothbeans
19.4,18,33,32.8,30.7,6.5,247.5,30.4,10.5,Mothbeans
21.8,10.6,27.9,34.4,47,7.01,245.4,28.8,20.6,Mothbeans
24.8,21.2,35.2,24.7,39.4,6.68,344.6,22.6,44.3,Mothbeans
16.3,30,27.8,32.8,30.6,7.19,288.7,30.6,20.9,Mothbeans
34.2,24.7,10,40,50.6,7.14,306.1,27.2,20.1,Mothbeans
24.5,17.8,33.7,30.2,20,7.03,413.6,30.2,22.2,Mothbeans
22.2,10.3,35.4,27.8,40.6,7.21,316.6,20.1,20.1,Mothbeans
31.7,25.8,36.3,31.7,51.1,6.9,322.6,26.4,28.1,Mothbeans
29.1,22.6,25.9,29.7,32.7,6.88,312.9,23.6,15,Mothbeans
30.4,28.5,30.4,32.2,39,7.41,231.6,27,14.4,Mothbeans
29.8,12.6,48.6,31.1,41.2,6.92,247.6,27.7,9.3,Mothbeans
80,14.7,25.4,30.1,45.1,7.12,378.8,27.6,31.5,Mothbeans
32.3,10.5,25.7,31.6,52.3,7.01,247.2,24.6,5,Mothbeans
41.1,24.7,21.2,24.7,59.1,7.2,327,29.5,27.2,Mothbeans
32.9,23.1,30.8,28.8,35.4,6.62,264.3,27.3,17.6,Mothbeans
33.9,12.2,46.2,40,45.2,6.65,239.6,26.1,21.7,Mothbeans
31.9,12.9,50.3,27.6,50.8,7.36,233.7,29.2,15.9,Mothbeans
17.8,12.5,34.8,28.9,43.9,7.12,316.2,30.8,12.3,Mothbeans
18.3,23.4,38,26.9,47.6,6.99,277.6,23.4,32,Mothbeans
35.2,25.3,33.2,26.4,36.1,7.43,227.2,27.9,21.7,Mothbeans
36.5,14.6,28.4,28.4,36.6,7.1,230.3,32.1,33,Mothbeans
47.9,19.4,34.2,27.8,70,6.36,275.1,30.4,19.3,Mothbeans
36.7,22,26.8,31,41.7,7.03,284.2,36.6,5,Mothbeans
27.5,17.6,21.6,30.5,36.3,7.53,278.6,25.6,10.1,Mothbeans
23.5,14.1,35,31.5,24.5,7.48,439.4,23.7,21.2,Mothbeans
30.7,29.1,35.6,30.4,38.6,7.25,289.2,23.7,20.8,Mothbeans
30.7,19.6,42.7,31.6,27.7,8,264.7,25.4,16.9,Mothbeans
44.6,16.1,77.2,32.2,41.8,7.07,197.2,28.7,35.7,Mothbeans
23.2,23.5,31.6,30,30.2,6.83,229.8,25.2,12.1,Mothbeans
9.5,23.8,45.5,29.3,52.5,6.67,321.9,27.2,21.2,Mothbeans
23.5,15.4,24.9,31,49.9,7.02,365.6,29.5,17.3,Mothbeans
37.4,19.5,47.3,26.7,34.6,7.33,311.9,30,15.3,Mothbeans
21.1,18.2,16.8,27.3,30.3,7.31,259.7,31.1,12.5,Mothbeans
33.4,19.4,39.5,30,35.4,6.52,219.3,25.4,23.1,Mothbeans
33.5,16.6,22.9,32,48.6,6,266.1,28.5,37.4,Mothbeans
39,31,19.6,29.5,48.6,7.15,335.1,27.8,17.7,Mothbeans
18.9,16.6,12.5,33.6,70,7.13,254.1,28.5,11.1,Mothbeans
38.2,14.7,24.7,30.2,44.8,6.64,335.8,27.8,28.2,Mothbeans
23.5,23.5,18.5,31.2,37.3,7.3,357.3,27.5,32.3,Mothbeans
27.1,23.7,23.5,33.2,70,6.84,247.6,34.2,16.2,Mothbeans
25.6,24.1,34.7,40,36.8,6.83,321.4,34.2,27.9,Mothbeans
36,11.9,43.3,33.2,28.9,6.61,328.5,25.2,33.5,Mothbeans
54.3,24.6,29.9,35,48.8,6.83,246.2,24.1,7.9,Mothbeans
27.9,21.2,10,26.7,54.4,6.76,274.8,30.9,25,Mothbeans
34.6,18.4,29.9,27.7,43,7.25,260,23.4,29,Mothbeans
33.5,30.4,32.6,27.6,40,6.85,236,27.7,25.9,Mothbeans
18.8,21.4,35,31.3,57,7.04,277.9,24.7,31.3,Mothbeans
31.1,18.9,48.8,28.7,36.9,7.67,248,29.7,25,Mothbeans
28.2,29.5,46.5,34.2,31.6,7.29,259.8,30.9,18.1,Mothbeans
35.8,23.1,10,31.3,34.3,6.96,238.4,28.7,19.6,Mothbeans
37.6,22.5,38.8,31,21.8,6.88,290.2,21,22.9,Mothbeans
29,24.9,13.2,34.2,25.6,7.34,263.1,26.1,5,Mothbeans
39.4,19.9,20.8,33.9,44.3,7.28,305.3,25.1,25.7,Mothbeans
26.8,16.4,17,26.9,37,6.97,266.4,26.2,41.6,Mothbeans
26,13,29.6,23.1,34,7.09,392.6,27,25.3,Mothbeans
36.5,22.5,21.8,30.5,62.7,7.01,316.2,31.3,21.1,Mothbeans
28.4,20.2,34.9,29.1,31.8,7,289.2,26.7,10.7,Mothbeans
33,16.4,21.6,30.4,38.7,7.24,301,28.9,5,Mothbeans
19.4,20.8,38.5,34.8,34.8,7.21,367.2,23.5,20.8,Mothbeans
36.4,11.8,26.6,31.8,32.5,6.84,269.4,29.5,28.2,Mothbeans
36.5,15.5,28.6,30.6,34.2,6.85,291.6,32.7,30.3,Mothbeans
32.5,15.8,46.1,30.4,21.4,7.07,282.9,26,8.8,Mothbeans
38.1,37.4,23.5,28.3,38.3,6.94,248.9,40,28.2,Mothbeans
9.7,30.9,30.2,32.3,44.2,6.9,434.5,24.2,30.3,Mothbeans
30.2,20.2,29.5,29.2,37.3,6.45,338,23.3,10.1,Mothbeans
30.9,25.9,23.5,32,45.7,7.07,254.7,27.6,10.7,Mothbeans
29.8,22.2,35,30.1,32.2,7.01,316.3,22.9,14.8,Mothbeans
29.6,15,33.6,28.1,64.8,7.29,353.6,25.5,5.5,Mothbeans
39.3,17.9,23.3,29.2,57.9,7.28,157.3,30.8,17.4,Mothbeans
24,18,34.1,30.5,27,7.27,255.2,26.8,21.2,Mothbeans
8.8,17.2,17.2,29,29.9,6.88,311.9,26.5,37.6,Mothbeans
32.4,23.5,32.7,29.2,48.8,6.94,202.6,28.2,5,Mothbeans
20.1,21.2,36.4,28.5,30.3,7.13,500,28.1,13.3,Mothbeans
21.6,9.8,18.8,26.2,35.5,6.73,261.9,28.3,32.7,Mothbeans
26.8,15.2,43.6,35.1,35.8,6.92,320.5,30.1,14.5,Mothbeans
26.1,16.5,28.9,34.8,36,6.8,325.5,31.1,18.3,Mothbeans
18.7,15.2,22,30.8,48.5,6.41,343.9,33.7,34.1,Mothbeans
38.7,8.2,42.7,32.8,33.4,6.71,317.7,29.3,18.4,Mothbeans
31.1,12.8,40.4,30.5,39.4,6.45,315.5,24.7,20.5,Mothbeans
27.4,26.5,13.4,26.1,40,7.03,317.7,30.4,27.7,Mothbeans
41.2,21.4,28.6,33.5,55,6.95,278.3,29.4,26.6,Mothbeans
42.3,16.8,14,25.7,33.4,6.67,345.8,28.2,16.6,Mothbeans
25,20.2,26.6,26.6,37.7,6.49,308.4,25.7,11.9,Mothbeans
24.1,24.7,28.2,40,32.4,7.13,185.3,25.6,32.2,Mothbeans
34.2,18.8,19,27.8,44.6,6.44,228,29.1,5,Mothbeans
33.5,18.1,10,30.5,48.4,6.64,416.7,27.9,34.8,Mothbeans
8.3,17.7,33.3,31.9,20,6.98,273,29.7,5,Mothbeans
20.9,20.2,36,31.1,53.7,7.02,342.2,27.6,25.3,Mothbeans
30.2,23.7,44,29.8,49.4,7.35,320.9,28.4,16.8,Mothbeans
33.8,20.1,39.2,27.3,31.9,7.11,363.6,28,21.6,Mothbeans
15.3,27.8,52.9,30.7,40.6,7.16,327.3,26.2,17.5,Mothbeans
39.2,29.2,11.3,27.4,42.4,6.76,323.9,34.5,26.3,Mothbeans
13.4,21.9,16.9,27.9,48.6,6.85,302.8,31.4,5,Mothbeans
27.8,26.2,38.7,29.1,44.7,7.71,191.5,26.8,22.2,Mothbeans
44.9,18.8,27.8,30.3,42.1,7.28,247.9,26.6,14.8,Mothbeans
28.9,20.5,19.1,29.1,53.2,7.25,331.5,30.2,14.5,Mothbeans
42.8,18.6,27.7,28.3,36.5,6.43,307.4,25.1,20.5,Mothbeans
36.8,24.3,31.9,27.3,47.6,6.63,323.3,30.2,12,Mothbeans
31.7,14.7,18.4,35.9,41.9,7.4,350.3,27.8,19.5,Mothbeans
25.9,22.9,14.4,28.8,53.9,7.22,296.8,25.1,22.9,Mothbeans
12,21.6,21.3,40,42,7.57,308.4,28.3,5,Mothbeans
15.3,16.8,35.5,27.4,31.1,6.51,321.1,26.8,29.8,Mothbeans
14.9,32.9,27.2,29.1,56.6,7.18,370.2,32.8,15.8,Mothbeans
22.5,25.6,31.1,32,37.1,7.23,312.9,28.2,5,Mothbeans
33.5,33.2,53.8,34,34.4,6.97,359.6,38.2,23.2,Mothbeans
18.1,13.9,35.1,28,35.5,7.51,296.3,30.3,34.3,Mothbeans
26.8,6.4,40.7,28.6,42.6,6.83,259.6,28.3,20.5,Mothbeans
33.9,20,34.9,30.4,48.8,6.96,334.8,22.6,13.1,Mothbeans
23.9,28.8,21.7,27.3,57.5,7.11,278.7,29.3,10.2,Mothbeans
16.3,20.7,31.3,34.5,36.2,7.04,308.4,28.9,9.5,Mothbeans
41.3,19.5,37.2,33.9,35.3,6.92,293.5,27.9,9.4,Mothbeans
20.9,22.4,49.3,29.5,54,6.52,232.7,27.5,23.5,Mothbeans
31.4,13.8,26.6,34.3,21.1,7.31,263.3,24.3,21.5,Mothbeans
36.8,10.7,21.9,31.4,25.7,7.42,313.5,20.7,36.3,Mothbeans
22.2,22,46.9,30.7,28.3,6.93,241.5,22.5,9.1,Mothbeans
51.3,22.6,36.2,32.5,20,7.13,302.6,33,14.3,Mothbeans
16.1,26,12.7,29.7,38.4,7.02,326,23.6,17.2,Mothbeans
17.8,21.1,26.6,28.9,34.7,6.69,295.8,30.5,6.9,Mothbeans
32.1,15,22,29.2,31.1,7.21,233.5,23.8,11.3,Mothbeans
37.7,24.1,38.9,29,70,7.14,355.2,24.4,11.3,Mothbeans
27.9,17.8,29.3,29.9,39.8,6.89,418.4,25,39.1,Mothbeans
11.7,14.3,13.2,31.1,43.7,6.81,390.6,34.6,5,Mothbeans
49.9,20.9,28.3,29.9,59.4,8,373.7,26.1,10.5,Mothbeans
31.4,21.9,27.6,29.6,50.6,7.03,265.5,27.4,16.8,Mothbeans
33.3,21.6,35.9,32.8,42.8,6.99,255,23.5,12.8,Mothbeans
35.7,19.4,27,31.6,44.2,6.58,237,25.4,5,Mothbeans
14.9,25.9,29.6,29.1,44.2,6.99,334.9,33.9,22.1,Mothbeans
27,14.6,41.1,34.2,44.5,7.21,352.2,30.4,50,Mothbeans
35.9,17.2,39.4,25.5,60.6,7.01,328.2,33,9.1,Mothbeans
39.3,20.3,43.7,26.8,30.8,7.2,220.9,29.5,20.7,Mothbeans
39.9,18.5,35.1,37.1,27.5,6.68,325.5,28.5,37.8,Mothbeans
42.1,19.7,39.9,29.3,24.9,6.95,394.5,28.6,22.2,Mothbeans
48.2,23.2,21.4,33,36.1,7.02,296.2,24.5,11.5,Mothbeans
25.4,17.4,23.6,29.2,48,6.76,372.4,24.9,17.1,Mothbeans
31.1,19.8,24.8,27.5,36.4,7.16,309.4,33.3,11.9,Mothbeans
28.6,19.1,30,26.6,39.1,7.03,433.8,23.3,23.7,Mothbeans
27.5,8.4,32.5,28.5,63.4,6.78,375.9,29.1,24.7,Mothbeans
26,12,15.9,28.4,58.8,6.95,240.1,30.3,25.5,Mothbeans
41.8,20,26.2,32.4,32.2,6.91,226.5,33.7,26.5,Mothbeans
36.4,24.5,39.8,30.4,37.8,7.24,319.1,27.8,25.5,Mothbeans
21.6,16.2,48.1,33,43.2,6.87,259.7,20.8,14.9,Mothbeans
40.2,16.8,21,30.8,54.6,6.81,244.1,28.8,22.7,Mothbeans
18.7,23.5,45.1,31.6,37.2,6.86,500,30.4,17.7,Mothbeans
34.2,16.9,16.7,35.1,35.8,7.72,295.8,23.3,7.2,Mothbeans
55,23.7,22.6,33,39.2,7.81,350.1,29.1,5,Mothbeans
25.8,15.9,27.1,28.4,49.7,7.07,253.1,25.4,35.6,Mothbeans
28.8,18.2,26.5,25.2,41.6,7.02,272.1,27.4,21.2,Mothbeans
33.1,28.8,38,33.4,46.7,7.67,321.6,29,29.7,Mothbeans
40.1,31.5,39.7,28.7,41.1,7.08,319.2,26.6,5,Mothbeans
31.3,17.6,35,30.7,41.3,7,326.8,28.5,14.4,Mothbeans
38.9,20.8,20.7,29.3,37.3,6.83,344.5,30.3,25.3,Mothbeans
28.3,18.7,40.3,28.7,36.1,6.94,378.2,26.5,23.2,Mothbeans
23.6,19.5,34.4,28.1,43.4,7.01,293.9,26.4,15.6,Mothbeans
28.2,21.9,44.4,29.8,41.5,7.08,261.7,29.7,30.4,Mothbeans
32.5,13.2,20.1,29.3,36,6.69,380.5,30.6,31,Mothbeans
31,19.5,46.7,34.2,43.1,6.81,380.6,31.4,22.3,Mothbeans
23.2,20.6,25.8,29,39.3,6.92,387,28.1,29.8,Mothbeans
35.6,25.9,19.7,34.2,20,6.99,254.2,27.2,19.6,Mothbeans
19.7,16.8,21.2,27.7,36.2,6.41,280.2,24.3,30.7,Mothbeans
32.7,37.9,39.2,35,27.2,6.79,384.6,24.7,28.7,Mothbeans
25.9,15,24.2,29.7,46.9,7.19,418.4,24,8.6,Mothbeans
45.3,27.9,35.4,29.2,20,7.29,297.6,29.1,10.9,Mothbeans
12,30.9,36.4,30.3,42,6.77,292.8,29.9,8.9,Mothbeans
32.8,21.5,46.3,26.5,58.8,7.06,301.6,27.3,25.7,Mothbeans
34.9,24,30.2,32.1,30.5,7.71,343,24.3,9.3,Mothbeans
13.6,25.9,10,32.5,36.1,7.26,216.8,30.5,22.2,Mothbeans
33.5,22.4,39.9,28.8,62.2,7.3,267.2,28,19.2,Mothbeans
33.4,12.1,20.1,30.3,41.1,7.59,256.9,24,23.4,Mothbeans
29.6,17.4,29.7,24.5,33.9,6.99,278.9,28.4,28.1,Mothbeans
33.4,21.3,41.5,27.2,52.7,7.14,481.9,22.6,25.3,Mothbeans
35.2,13.4,24.4,26.1,43.1,7.18,266,26.6,16.5,Mothbeans
25.5,24.1,38.8,32.2,64.6,7.07,327.9,27.6,28,Mothbeans
44.6,16.8,29.3,32.7,40.6,6.98,358.1,28.6,25.7,Mothbeans
17.5,18.9,29.2,23.4,43,6,286.6,30.4,17.2,Mothbeans
28.1,21.9,30.3,29.9,48.5,7.29,376.4,31.5,23.4,Mothbeans
15,14.8,10.3,34.7,25.6,7.21,344.8,28.8,13.5,Mothbeans
36.9,16.2,29,30.6,33.5,7,386.9,24.3,20.7,Mothbeans
38.7,21.5,24.1,30.1,42.5,6.81,292.1,27.2,11.5,Mothbeans
30,16.9,11.3,29.3,44.1,6.83,284.7,29.7,24.5,Mothbeans
46.1,9.2,38.4,33.2,64.7,7.03,266.8,27.3,42.9,Mothbeans
26.5,18.3,25.3,31.1,57.8,6.96,317.7,26.2,20.2,Mothbeans
25.7,21.4,10,32.4,46.1,7.37,255.6,25,40.6,Mothbeans
40.9,11.5,26.8,29.7,30.4,7.28,343.4,30.4,41.5,Mothbeans
28.5,21.1,25.9,34.2,46.5,6.64,211.6,30.6,31.6,Mothbeans
38.7,25,21.1,32.4,42.6,6.78,249.6,29.9,20.7,Mothbeans
24.8,23.3,24.1,26.2,46.2,7.31,296.8,32.9,8.2,Mothbeans
47.6,18.5,28.3,28.8,46.6,7.53,279.8,24.3,24.7,Mothbeans
23.2,13.2,24.8,29.8,40.3,6.99,158.2,26.3,17.4,Mothbeans
40.6,26.3,22.3,29.6,44.9,7.35,262.5,27.5,20.5,Mothbeans
5,26.2,37.5,29.7,22.2,6.95,248.4,26.9,25.1,Mothbeans
13.9,15.9,24.6,31.5,33.7,6.51,402.1,31.5,37.2,Mothbeans
43.4,15.5,30.8,38.2,41.8,7.44,277.6,27.8,21.1,Mothbeans
20.6,14.4,20.8,29.8,37.4,6.84,265.9,29.3,36.5,Mothbeans
19.7,13.3,45.1,33.1,35.1,6.57,301.2,27.7,28.9,Mothbeans
53.3,27.5,31.3,32,35.2,6.95,257.2,20.9,19.4,Mothbeans
27,16.4,31,36.2,37.4,7.54,258.8,27,13.4,Mothbeans
23.7,13.7,26.2,30.1,44.8,7.41,238.7,26.4,22.2,Mothbeans
28.1,16,48.6,31.9,43.2,6.58,292.8,24.8,28.5,Mothbeans
37.1,18.6,16.1,31,23.4,7.19,330.4,26.4,33.9,Mothbeans
44,22.7,25.2,31.9,25.8,6.94,279.3,28.2,17.4,Mothbeans
27.4,19.7,45,29.2,44.2,7.21,311.7,28,19.4,Mothbeans
52.9,24.5,31.1,27.6,24.6,8,287.4,29,12.4,Mothbeans
29,16.6,39,29.9,21,6.89,307.7,24.9,27.3,Mothbeans
27.7,21.5,22,40,50.7,7.06,323,27.1,30.2,Mothbeans
28.3,22.8,29.5,30.6,41.3,6.68,249.6,29.2,30,Mothbeans
41.1,25.1,21.5,29.5,36.2,7.17,295.6,27.5,17.7,Mothbeans
43.1,18.8,11.9,32.6,20,6.95,339.2,26.7,19.9,Mothbeans
39.5,18.5,39.2,28.2,31.2,7.29,340.8,30.9,17.3,Mothbeans
28.8,16.2,36.3,28.9,25.6,6.83,301.5,40,17.5,Mothbeans
24.5,16.9,22,34.1,32.1,6.93,277.5,30.1,7.5,Mothbeans
29.4,13.7,37.9,31.8,28.2,6.59,213.6,27,33,Mothbeans
5,16.5,25.8,33.4,34.5,7.43,244.7,25.7,29,Mothbeans
45.4,22.2,42.4,31,24.1,6.72,229.9,29.5,34.4,Mothbeans
25.8,25.7,27.2,27.4,53.7,7.26,308.8,25.8,16,Mothbeans
20.7,17.7,41.5,25.8,22,6.73,291,32,5,Mothbeans
34.3,15.4,12.1,30.8,44.3,6.89,305.9,23.4,19.4,Mothbeans
31,21.5,30.7,32.4,31.4,7.07,283.5,24.9,19.1,Mothbeans
33.5,20.5,35.4,34.2,26.3,6.86,297.7,31.9,24,Mothbeans
34.4,29,36.5,26.1,37,6.79,308,24.8,37.1,Mothbeans
15.5,11.5,26.5,26.4,69.4,6.4,508.6,27.9,23.8,Mungbean
5,22.3,34.8,32.1,57.6,6,403.8,26.5,25.1,Mungbean
29.9,3,24.1,29.7,66.2,6,446.7,27.5,37.2,Mungbean
12.3,8.8,45.2,32.2,89,6.72,431.2,25,32.8,Mungbean
18.1,7.7,28.2,27,68.5,6.49,441.7,28.6,30.2,Mungbean
31.2,14.6,28.6,26.6,59.3,6.62,476,29.9,41.9,Mungbean
19.7,9.4,51.6,31.8,65,6.51,444.8,26.8,36.3,Mungbean
29.9,9.4,27.1,32,68.9,6.8,418.8,25,22.3,Mungbean
37.5,3,31.2,30.7,59.7,6,423.7,25.5,21.7,Mungbean
27.1,4.3,31.2,29.9,64,6.31,403.5,31.2,26.9,Mungbean
37,8,43.5,30.6,60.2,6.22,512.4,29.3,25.7,Mungbean
10.7,3,22.4,33.7,82.5,6.4,436.3,30,16.5,Mungbean
15,17.5,20.8,27,55.7,6.8,381.3,25,28.2,Mungbean
11.2,13.7,41.6,33.1,62.3,6,300,31.1,30.6,Mungbean
22.6,13.6,30.2,29.5,80.3,6.38,427.7,30.8,23.2,Mungbean
12.4,14,29.8,30.3,90,6.39,498.6,25.5,34.5,Mungbean
24.2,3.4,32.1,28.7,63.6,6.35,356.9,27,31.8,Mungbean
38.7,11.8,40.9,28.9,68.3,6.74,451.5,33.2,29.2,Mungbean
34.5,12.8,45.3,29.5,71.3,6.61,449.3,28.4,38.3,Mungbean
28.5,6.8,31.7,27.3,70.9,6.67,450.8,33.4,52.1,Mungbean
21.4,10,19.8,30.1,84.4,6.38,397,28.6,28.8,Mungbean
7,9.5,30.8,32.3,64.3,6.43,452.4,32.4,31.6,Mungbean
19.7,3,51.1,31.3,61.9,6.33,300,29.1,26,Mungbean
10.5,12.8,29.9,35,70.4,6.17,424.7,30.1,22.9,Mungbean
18.7,11.9,37,34.6,59.1,6.81,390.2,25.8,33.1,Mungbean
14.9,19.7,28.7,31.2,63.5,6,417.4,28.2,23.8,Mungbean
24.5,3,31.7,29.5,71.9,6.89,487.6,26.9,38.3,Mungbean
25.1,6.5,38.3,33.5,70.2,6.68,477.3,25.5,15.9,Mungbean
28.3,17.6,27.9,35,66.2,6.52,463,29.5,36.5,Mungbean
8.6,18.1,27.9,29,69.9,6.19,475.2,29.4,17.1,Mungbean
25,3.9,36.4,31.5,73.6,6.21,539.6,26.2,29.1,Mungbean
9.4,12.1,34.6,29.8,76.5,6.16,427.6,26.7,33.7,Mungbean
22.6,12.5,15.5,28.9,87.2,6.19,490.4,28.9,31.3,Mungbean
15.7,6.8,28.9,25,78.1,6.47,454.9,29.5,12.8,Mungbean
22.7,10.6,38.4,25,62.3,6.39,466.3,25.9,22,Mungbean
15.2,3,34.5,27,70.9,6.78,300,26.6,49.7,Mungbean
15.7,11.3,12.5,25.9,75.6,6.16,526.7,27.3,36.4,Mungbean
15.4,6.1,32,25,66.6,6.14,403.8,25,30.5,Mungbean
26.9,6,29.4,29.1,51.8,6.72,401,26.9,24.9,Mungbean
32.9,14.5,39.8,30.4,70.4,6.05,385.1,32.8,30.5,Mungbean
27.2,3,27.8,33.5,71.5,6.59,347.8,28.2,29.4,Mungbean
12.3,9.4,40.1,25,61.9,6.57,404.1,29.9,18.2,Mungbean
21,12.5,37.6,32.1,79.5,6.87,486.9,27.9,32.9,Mungbean
34.3,14.7,33.7,27.4,71,6.3,480.4,30.5,60,Mungbean
33.2,11.6,10.3,29.4,60.5,6.32,406.9,27.9,28.4,Mungbean
14.7,8.8,50.4,33.6,74.3,6.76,527.3,28.1,28.5,Mungbean
17.1,9.6,21.6,27,79.8,6.96,462.7,25,33.4,Mungbean
23.6,12.3,35.9,26.9,67.7,7.15,437.7,25.8,48.2,Mungbean
35.2,3.5,31.5,29.6,70.1,6.5,400.5,30.9,36.4,Mungbean
21,8.3,43.3,31.3,87.2,6.15,407.4,25,43.1,Mungbean
5,3,10.8,25.4,73.3,6.94,463.7,27.7,28.1,Mungbean
21.9,13.6,10.6,28.1,68.6,6.07,411.3,25,36.5,Mungbean
5,9.6,24.5,29,79.6,6,439.1,29.6,47.4,Mungbean
15.3,5.2,41.5,33.5,86.4,6.68,361.6,34.5,40,Mungbean
11.5,3,33,31.6,74.1,6.74,439.8,30.7,44.1,Mungbean
37.5,19.1,20.9,35,69.9,6.39,419.6,29.1,24.7,Mungbean
34.1,20.2,21.2,35,73.9,6.3,423.4,33.6,24.7,Mungbean
15.3,16.6,27.1,35,78.2,6,406.6,33.9,26.4,Mungbean
31.1,12.4,26.2,27.8,68.1,6.84,432.5,27.6,34.4,Mungbean
28.9,9.2,43.4,30.8,81.6,6.57,414.1,28.6,36.4,Mungbean
18.4,18.5,16.2,33.5,50,6.79,376.9,30.7,36.3,Mungbean
28.5,7.7,41.1,30.8,62.6,6.32,442.9,28.5,30.1,Mungbean
6.9,8.6,30.8,30.3,85.6,6.67,374.7,29.5,30.7,Mungbean
36,15.9,36.3,35,52.1,6.7,426.6,27.3,42.7,Mungbean
17.9,3.3,42.9,30.6,63,6.11,502.8,27.9,21.7,Mungbean
27.1,11,33.6,26.7,69.2,6.83,461.8,30.4,10,Mungbean
22.2,14.1,27.5,31.1,70.4,6,344.1,29.4,39.9,Mungbean
24.2,8.1,21.2,29.5,59.4,7.5,432.4,29.7,18.5,Mungbean
22.3,3,42,33.2,78.5,6.97,468.9,31.7,53.2,Mungbean
29.4,10.5,18.9,31.8,69,6.69,408,28.7,36.9,Mungbean
29.8,18.7,22.1,32.1,58.1,6.65,469.1,25,26.4,Mungbean
42.2,15.2,12.3,29.9,58.5,6.73,492.6,26.8,44.6,Mungbean
11.1,4.6,28.2,28.7,73.7,6.19,441.5,30.8,22.4,Mungbean
24.4,3.6,35.1,25.9,59.6,6.44,482.1,28.6,24.6,Mungbean
30.8,3,36.8,33.8,55.9,6.72,404,29.2,31.4,Mungbean
45,3.6,25.2,25.5,65.9,6.51,438.7,25.7,34.4,Mungbean
12.2,6.2,29.1,29.1,59.5,6,487.3,27.4,33.2,Mungbean
5,4.3,35.3,29.9,57.7,6.51,550.7,29.8,21.8,Mungbean
9.9,3.2,38.1,35,61.9,6.57,397.9,29.2,19.2,Mungbean
22,5.6,40.3,29.7,63.6,6.51,397.9,27,31.5,Mungbean
5,13.5,42.6,32.6,73,6.75,583.2,30.9,33.8,Mungbean
17,19.6,23.3,34,72.2,6.88,470,25,14.4,Mungbean
11.3,9,18.7,30.5,81.2,7.04,480.9,25,17,Mungbean
40.5,8.4,41.9,29.4,90,6.65,374.7,30.8,20.8,Mungbean
5,16.4,42.1,31.4,67.2,6.04,463.1,25.7,35.3,Mungbean
11.6,5.5,39.5,29.5,76,6.67,413.5,25.8,38.8,Mungbean
39.9,5.2,21.6,31.1,64.2,6.43,512.8,25,17.3,Mungbean
37.2,9.3,39.2,30.8,81.6,6.44,477.8,30.6,33.7,Mungbean
17.5,15.9,23,31.2,73.9,6.37,466.2,28.3,34.7,Mungbean
9.7,7.9,26.1,31.2,71.9,6.48,368.4,25,10,Mungbean
15.1,9.7,10,32,53,6.81,447.5,35,33.7,Mungbean
18.6,6,31.1,27,65.1,6.32,464,28.1,29.6,Mungbean
5.9,17.4,14.1,27.3,77.6,6.45,381.6,28.2,21.1,Mungbean
19.1,7.2,28.4,25.9,78.4,7.09,466.7,29.8,25.4,Mungbean
6.8,10.4,36.5,32.1,67.9,6.28,455.4,30.4,33.2,Mungbean
8.4,11.1,21,29.4,65.7,6.88,413.2,28.4,15.4,Mungbean
20.7,7.3,46,30.3,50,6.48,475.8,35,30.2,Mungbean
22.5,10.1,28.6,34.9,90,6.3,435.1,31.3,10,Mungbean
21.2,10.4,22,30,78.3,6.67,476,25,22.9,Mungbean
30.5,15.6,25.1,33.7,77.1,6.41,461.4,25,34.4,Mungbean
30.7,9.5,36.1,30.4,78.8,6.29,447.9,29.7,39.9,Mungbean
13.6,15.2,34.3,29.3,55.6,6.97,410.4,27.7,19.5,Mungbean
20.9,9.5,30.9,32.2,69.5,6.39,451.9,29.2,37.5,Mungbean
29.7,10.6,18.4,29.3,66.4,6.8,442.6,29.9,19.8,Mungbean
14.1,12.4,30.6,28.7,68.9,6.75,409.9,25.7,31.9,Mungbean
14.5,4.1,10,32.4,81.8,7.5,430.9,27.9,26.1,Mungbean
19.1,7.4,13.3,30.5,70.5,6.35,443.9,29.6,44,Mungbean
29.7,11.7,30.5,25,68.8,6.6,453.1,26.9,26.3,Mungbean
30.7,7.4,29.7,30.8,83.5,6.08,415.8,27.1,41.5,Mungbean
15.6,5.2,24.6,30.2,76.6,6.26,396.5,26.2,35,Mungbean
16.6,6.1,49.5,35,62.6,7.01,472.9,28.5,23.6,Mungbean
52.5,16.9,31.1,27.7,73.8,6.67,434.1,26.1,29.3,Mungbean
26,15.8,21.7,29.4,75.5,6.18,468,25,35.1,Mungbean
19.2,6.8,40.7,29.5,82.2,6.79,480.5,30.9,23.2,Mungbean
5,4.6,37.2,31.9,80.8,6.73,471.4,32.2,29,Mungbean
18.7,8.3,32.9,28.4,57.5,6.52,418.9,25,35.3,Mungbean
18.4,7.6,19.6,29,56.9,6.25,456.5,25.3,37.7,Mungbean
6.3,12.4,31.7,25.8,85.7,6.42,515.5,29.6,29.5,Mungbean
30.2,14.7,20.7,30.3,76.5,6.76,512.6,29.5,12.8,Mungbean
5,16,27.7,27.7,76.4,7.02,419.4,28.6,34.3,Mungbean
20.6,5,49.4,33.2,63.9,6,389.8,31.3,22,Mungbean
27.4,12.5,10.1,27.8,77.8,6.74,513,26.4,29.4,Mungbean
7.9,5.6,23.4,32.6,71.9,6.21,484.4,25,32.2,Mungbean
20.5,3,39.3,27.5,68,6.48,509.7,31.2,50.3,Mungbean
18.5,3.7,33.4,25,90,6.83,483.2,28.1,33.8,Mungbean
8.6,8.3,10,29.5,72.4,6.53,510.4,26.5,38.8,Mungbean
14.4,8.9,17.4,29.8,65.4,6.29,377.5,25,18.1,Mungbean
9.5,13.4,31.9,33.6,63.3,6.68,344.3,28.5,43.3,Mungbean
22.5,9.1,36.4,30.2,68.5,6.36,437.2,28.4,30,Mungbean
21.2,6.9,38.5,25.6,74.1,6.68,391.4,27.3,34.4,Mungbean
14.2,17.7,24.8,33.2,65.8,6.19,501.8,30.6,33.9,Mungbean
18.7,4.1,39.1,28.2,65.5,6.13,467.4,29.4,47.8,Mungbean
5,18,23.1,27.2,55.9,6.13,504.7,25,33.5,Mungbean
27.7,10.5,20.4,25.9,71.8,6.7,442.6,25.8,41.5,Mungbean
21.1,15.3,39.3,32.5,81.5,6,600,25,10.8,Mungbean
25.3,10.7,27.5,33,79.8,7.04,468.3,27.2,25.9,Mungbean
5,13.8,38.5,26.5,84.8,6.5,479.7,26.8,21.7,Mungbean
24.7,10.9,36.7,29.4,68.9,6.47,600,25,20.4,Mungbean
17.4,3,30.6,32.9,83.7,6.28,467.4,26.5,34.4,Mungbean
26,15.9,28.4,30.4,70.2,6.36,429.5,26.1,30,Mungbean
15.8,4.6,50.6,33.7,55.7,6.22,410.1,33.8,60,Mungbean
21,9.4,19.9,32,56.9,6.69,447.8,26.5,28.9,Mungbean
12.8,10.3,30.9,30.8,50,6.24,488.2,29.4,36.7,Mungbean
29.6,12.9,25.8,29.3,75.5,7.02,487,26.2,22.9,Mungbean
32.6,13.9,22.8,25,61.7,6.65,516.3,27.8,35.8,Mungbean
21.1,11.5,27.4,29.9,84.9,6.99,383.5,26.7,15.8,Mungbean
5,19.6,14.9,31.9,66.8,6.63,521.2,25.2,21.6,Mungbean
7.9,7.4,24.1,27.1,64.7,6.08,446.9,26.1,32.5,Mungbean
24.3,6.4,24.6,25.2,75,6.19,486.1,30.7,23.1,Mungbean
32.8,16.1,21.4,30,69.6,6.44,528.3,26.4,29.9,Mungbean
34.7,11.7,26.6,29.3,73.4,6.7,403.7,29,44,Mungbean
18.5,8.2,34.5,31.5,73.4,6.71,447,29.1,32.4,Mungbean
17.9,14.3,37.2,32.1,60.4,6.67,404.9,31,15.2,Mungbean
26.5,9.4,28.1,25,74.5,6.83,456.4,35,25.8,Mungbean
13.4,16,40,29.7,62.6,6.72,526.9,29.7,35.8,Mungbean
21.2,7.8,13.8,29,80.4,6.52,399.8,25,29.3,Mungbean
23.3,11.7,26.3,29.6,70.1,6.21,453.5,28.2,22.7,Mungbean
20.5,3,34.5,29.5,83.5,6.69,490.5,25,51.7,Mungbean
11,8.5,46.6,32,64.3,7.46,433,26.2,32.1,Mungbean
17.4,13.2,44.8,29.2,79.1,6.29,422.9,29.3,26.3,Mungbean
5,13.4,30.9,28,79.9,6.56,451.1,25,10,Mungbean
10.7,11,59.3,33,74.2,6.26,496.9,27,20.9,Mungbean
7.9,12.9,15.9,27,71,6.65,422.3,27.3,21.5,Mungbean
18.2,8.4,27.2,29.2,78.5,6.72,448.9,25,23.4,Mungbean
43.4,12.4,39.1,30,73.6,6.11,380.4,33.9,32.7,Mungbean
8.4,8.1,27.9,25,50.5,6.85,529.3,25,38.7,Mungbean
7.7,4.9,15.2,27.2,79.7,6.71,300,26.5,31.1,Mungbean
19.7,5.8,28.8,31.6,63.5,6.21,477.1,28.6,34.4,Mungbean
34.9,11.4,26.4,32.7,73.5,6.29,339.3,28.5,43.3,Mungbean
17.9,10.9,30.7,35,56.2,6.77,314.4,30.7,27.3,Mungbean
5,4.3,48.3,30.7,68.1,6.51,502.7,25.7,27.4,Mungbean
23.4,11.1,33.1,28.4,50,6.63,524.3,27.5,25.7,Mungbean
9.8,7.9,32.5,25,75.7,6.44,435.3,32.5,11.7,Mungbean
12.6,3,32,25,78.4,6.86,556.5,28.6,19,Mungbean
15.3,8.9,21.9,32.2,70.3,6.59,463.8,25,38.5,Mungbean
9,6.7,29,29.1,79.9,6.8,459.6,28.7,27.8,Mungbean
19.3,15.5,25.9,32,66.9,6.48,521.3,31.5,26.7,Mungbean
15.7,14.4,40.2,32.4,65.9,6.75,512.5,30.5,26.6,Mungbean
5,9.8,33.3,31.1,70.1,6.5,448.6,28.9,19.2,Mungbean
23.7,9.5,40.4,31.1,70.3,6.72,449,25.1,41.7,Mungbean
20.4,3,27,31.8,66.8,6.64,396.5,25.4,33.2,Mungbean
22.7,10.3,10,25.6,90,6.89,423,25.6,34.8,Mungbean
9.6,8.9,48.2,26.3,90,6.77,478.5,27.1,36.4,Mungbean
5,9.3,36.5,29.2,73.2,6.23,457.2,29.7,23,Mungbean
7.5,12,11.5,25,50,6.39,524.5,30.4,37.7,Mungbean
30.2,12.7,19.9,34.4,73.2,6.51,463.7,25.8,18.1,Mungbean
12.9,16.4,18.5,27,88.1,6.83,466.3,25,31.4,Mungbean
16.1,9.7,27.1,25,76.9,6.59,479.7,25,13.3,Mungbean
20.8,10.6,16.8,28.7,69.4,6.7,407.7,31.5,26.2,Mungbean
27.4,11.6,35.9,26.8,87.7,6.36,474.6,27.1,26.4,Mungbean
27.1,3.5,28.2,29.1,83.4,6.48,462.8,26.4,41.5,Mungbean
5,8.6,36,30.3,90,6.23,391.9,25,22.4,Mungbean
12.8,13,30,30.2,76.1,6.65,461.5,33.9,37.9,Mungbean
27,17.4,41.2,26.2,73.8,6.43,485,29.1,31.7,Mungbean
41,14.7,23.8,25.4,59,6.73,443.4,27,27.5,Mungbean
20.9,13,23.7,27.1,64.8,6.46,535.6,26.7,30.6,Mungbean
13.5,10.2,19.3,28.6,77.7,6.4,401.3,31.1,31,Mungbean
29.4,8.2,28.1,30.4,62,6.61,440.6,31.2,13.4,Mungbean
31,7.9,34.2,31.4,90,6.02,386.5,25.6,22.3,Mungbean
28.6,10.7,25.5,32.5,71.4,7.5,422.2,26.9,25.9,Mungbean
14.7,3,80,30.3,50.2,6.81,467.5,25,41.8,Mungbean
20.4,7.1,18.7,29.8,57.6,6.49,342.5,28.2,49.6,Mungbean
28.9,11.7,11.2,27,85.9,6.59,472.1,32.2,20.2,Mungbean
25.7,12.1,24.8,33.2,74.6,6.5,508.4,29.8,22.1,Mungbean
22.7,10.1,35.8,28.3,78.2,7.12,408.6,29.6,24.7,Mungbean
23.6,7.5,34,29.2,66.3,6.74,474.7,27.5,18.5,Mungbean
22.3,14.8,16.1,28.5,58.3,6.44,440.8,25.4,22.1,Mungbean
18,14.6,51.3,26.9,57.5,6.53,429.3,30.8,23.3,Mungbean
14.3,11.9,42.4,29.5,82,6.48,487.6,26.1,46.1,Mungbean
26.6,3,29.4,26.2,84.5,6.56,403.5,31.5,48.6,Mungbean
26.1,3,27.7,31.8,57.1,6.31,398.7,28.7,34,Mungbean
33.5,10.9,19.4,30.4,76.5,6.45,600,31.7,36.8,Mungbean
30.3,15,17.8,27.5,72.1,6.78,466,29.4,44.6,Mungbean
19.8,6.3,38.8,25.4,73.1,6.62,492.8,25.3,25.7,Mungbean
19.7,9.1,16.6,34.7,68.8,6.62,408.6,25,37.2,Mungbean
40.5,14.5,29.4,30.2,81.8,6.68,507.5,25,36.2,Mungbean
7.6,11.5,23.1,29.6,67.2,6.48,455.8,25.8,42.7,Mungbean
32.9,11.1,43.1,35,73.6,6.48,510,29.3,10.6,Mungbean
33.9,8.4,17.3,27,60,6.73,485.9,29.7,15.5,Mungbean
12,10.5,27.9,33.2,79.5,6.41,497.2,25,16.6,Mungbean
30.1,3,54.6,29.6,72.1,6.25,377.9,29.5,24.9,Mungbean
5,13.2,40.7,25.3,57.7,6.3,439.8,30.2,15.2,Mungbean
19.2,12.8,23,32,70.7,6.18,430.2,25,33.1,Mungbean
29.7,11.8,46.4,33.7,75.3,6.49,507.5,26.5,34.3,Mungbean
32.8,8.7,10,28.1,67,6.58,460.4,33.8,33.4,Mungbean
9.3,12.6,17,31.5,73.1,6.97,541.9,28.2,23.4,Mungbean
20.7,6.2,15.4,27.6,86.7,6.73,497,29.4,33.2,Mungbean
5,3,36.5,26.6,88,6.61,484.4,25,13.8,Mungbean
16.2,20.9,27.1,28.3,54.5,6.55,459.1,25,40.5,Mungbean
23.5,4.9,50.5,30.7,66.1,6.51,419.8,25,30.8,Mungbean
25.1,17.6,24.6,30,74.7,6.69,528.8,31.6,35.7,Mungbean
21.7,14.3,38.2,26.4,70.7,6.3,478.3,27.6,21.4,Mungbean
15.2,4.2,25.1,31,65.1,6.36,406.7,26.3,47.2,Mungbean
14.2,15.3,30.8,29.3,84,6.83,444.3,31,22.6,Mungbean
25.9,15.2,36.7,31.7,75,6.91,466.6,33.3,40.1,Mungbean
32.3,15.1,30.8,28.1,70,6.18,476.3,28.9,32.5,Mungbean
20.6,7.3,23.3,26.2,57.5,6.72,389.1,31.9,45.7,Mungbean
5,5.7,40.4,25.1,59.7,6,448.6,29.1,44.1,Mungbean
18.9,7.3,10,30,54.5,6.3,472.3,27,20.8,Mungbean
34.7,4.5,29.4,33.2,72.2,6.64,338.5,35,31.6,Mungbean
26.1,13.6,19.1,27.3,84.9,6.85,480,28.5,26.6,Mungbean
15.4,13.3,38.2,32.9,71.4,6,395.8,31.5,19.7,Mungbean
22.1,13.6,16.3,29.7,80.6,6.47,429.1,35,33.7,Mungbean
15.6,10,22,29.6,72.3,6.37,443.3,29.9,25.8,Mungbean
38.1,9.4,28.2,26.3,81.7,6,424.7,25,33.9,Mungbean
39.4,19,15.5,32.7,84.7,6.38,523.4,30.3,22.4,Mungbean
12.4,7.9,24.8,35,85.1,6.65,481.1,32,40.3,Mungbean
22.4,7.9,18.5,29.5,63.4,6.59,334.9,30.7,33.9,Mungbean
10.5,7.1,23.5,29.3,84.4,6.59,507.3,25,33.5,Mungbean
16.8,10.5,21.1,25.3,71.2,6.26,466.8,26.1,40.9,Mungbean
25.6,11.8,32.2,32.9,84,6.42,477.6,25,35.4,Mungbean
16.8,15,15,32.1,68.3,6.75,443.6,30.2,10,Mungbean
28,10.4,24.1,29.9,67.9,6.19,386.4,28.3,18.1,Mungbean
14.9,7.1,27,30.5,64,6.34,388.5,30.6,33.4,Mungbean
5,7.1,27.8,26.6,69.2,7.13,394.3,30.7,49.1,Mungbean
34.6,3,41.2,27.8,78.6,6.67,452.6,32.9,31,Mungbean
5.8,11.5,22.9,33.2,50,6.83,300,25.4,33.5,Mungbean
34.7,13.1,15.2,25,79.9,7.5,465,27.6,37.8,Mungbean
12.8,11.9,51.9,29.7,66.7,6.56,573.5,27.9,29,Mungbean
20.4,19.7,39.6,31.4,83.9,6.2,474.8,26.6,34.5,Mungbean
5,11,32.9,33.4,62.6,6.92,594.7,26.7,45.1,Mungbean
33.8,11.6,45.4,29.8,82.6,6.08,457.2,25,33.9,Mungbean
17.3,7.9,18.5,28.2,64,6.15,443.2,25,36.3,Mungbean
16.4,3,37,29.7,62.3,7.11,408.2,25,26.1,Mungbean
24.3,9.2,28.7,31.7,75.2,6.71,425.1,34,15.6,Mungbean
9.5,3.6,28.7,29.1,50,6.14,443.5,25.9,17.6,Mungbean
19.4,9.6,40.4,28.3,68.1,6.5,537.4,26.5,48.3,Mungbean
24.2,4.8,10,28.9,57.4,6.76,415.4,27.8,10,Mungbean
10.7,12.9,26.6,28.9,64.2,6.2,600,25,28.3,Mungbean
26.1,7.1,23.2,31.4,70.1,7.11,401.5,27.3,40.9,Mungbean
16.4,11,26.7,29.6,64.3,6.65,393.1,25.2,33.1,Mungbean
17.9,13.1,30.3,31.1,87.8,6.65,476,29.4,25.1,Mungbean
26,5,36.7,31.3,72.9,6.43,432.1,27.3,20.3,Mungbean
5,9.2,31.8,31.1,90,6,391.8,25,26.7,Mungbean
14.3,4.2,35.8,30.2,75.5,6.16,512.7,26.1,32,Mungbean
33.5,7.6,23.8,25,76.7,7.34,570.3,33.2,38.7,Mungbean
35.5,7.9,10,34.3,79.4,6,385.8,28.6,39,Mungbean
10.7,22,25.4,25,77.9,6.32,438.8,29.2,28.3,Mungbean
7.3,5.4,31,32.4,66.8,6.59,491.4,31.9,35.1,Mungbean
23.1,9.8,19.1,26.3,63.2,6.34,433.8,27.5,35.5,Mungbean
14,10.7,30.4,27.6,50,6.37,318.8,28.1,42,Mungbean
5,8.5,32.1,33.4,68.6,6.44,509.9,29,30.6,Mungbean
24,16.1,25.1,32.1,62.3,6.07,540.6,25,23.9,Mungbean
10.3,7.4,57,25.7,80.8,6.53,530.3,25,44.8,Mungbean
20.8,17,36.8,27.8,78.6,6.41,499.2,25,36.7,Mungbean
25.9,5.8,26,26.5,63.3,6.77,441.9,25,26.7,Mungbean
30.1,11.1,40.4,28.3,50,6.33,497.3,25,30.6,Mungbean
29.5,5.1,39.4,32.7,90,6,422.3,35,27.2,Mungbean
33.6,10.5,23.5,26.3,55.2,7.1,467.9,27.5,18.2,Mungbean
15.4,17.6,44,28.4,78,6.64,408.1,27.4,15.1,Mungbean
31.3,7.2,36.4,31.4,82.9,6.26,511.4,28.3,45.2,Mungbean
20,7.2,22.9,27.6,64.1,6.18,410.4,25,16.9,Mungbean
28.8,3.6,43.6,35,57.6,6.51,427,32.9,25.6,Mungbean
41.2,3.9,16.8,27.5,59.7,6,495.4,31.9,39.7,Mungbean
33,5.9,32.5,32.1,79.6,6.33,465.8,31.1,19,Mungbean
26.5,18.8,48,30.8,75.4,6.31,458.8,28.1,28.6,Mungbean
28.9,17.5,21.1,32.9,72.5,6.68,334.1,26.8,21.4,Mungbean
18.1,14.9,22.3,35,50,6.3,533.6,30.2,34.6,Mungbean
28.2,13.5,31.6,29.5,50,7.02,416.5,27.6,35.1,Mungbean
24.8,6,38.6,30.4,73.8,7.01,476.9,33.6,16.3,Mungbean
29.6,4.5,13.6,32.7,66.7,6.21,404.5,29.3,42.1,Mungbean
30.3,18.3,26.6,31.4,62.5,6.06,532.7,30.9,10,Mungbean
10.8,15.9,31,30.4,60.8,6,300,28.9,39.8,Mungbean
8.5,13.3,18,35,88.8,7.5,479,27.4,23.9,Mungbean
14.1,14.4,33.5,30.7,60.6,6.45,393.2,35,19.5,Mungbean
21.6,14.1,28.8,26.2,75.8,7.04,388.6,30.1,10,Mungbean
11.9,11.9,50.1,31.4,61.9,6.44,410.8,25.2,23.9,Mungbean
23.2,5.1,26.2,26.5,69.4,6.88,537.9,28.7,29.7,Mungbean
18.2,16.9,22.2,31.9,79,6.31,457.8,31.7,34.2,Mungbean
31.5,12,44.7,29.1,88.2,7.08,423.2,26.9,40.1,Mungbean
32.1,9.3,29.5,30.9,75.2,6.5,432.2,25,37.3,Mungbean
20.8,8.1,25.6,30.4,62.7,7.33,509.9,28.6,28.2,Mungbean
27.5,9,34.1,29.5,62,6.66,476,31.7,10,Mungbean
22.3,3,12.8,33.7,62.9,7.11,439.3,30.2,19.3,Mungbean
28.6,7.8,37.3,25.8,62.2,6.28,450.8,28.6,11.6,Mungbean
25.7,12.9,48.4,25,64.5,6.53,416.1,28.5,31.4,Mungbean
25.5,20.5,29.3,29.4,67.5,6.35,465.9,30.2,22.5,Mungbean
5,3.5,26.3,30.9,79.9,6.51,409.8,29.9,35.4,Mungbean
8.5,3,38.3,31.5,84.2,6.53,457.4,30.9,16.1,Mungbean
6.9,3.1,27.8,28.2,76.7,6.47,468.1,31.3,40.6,Mungbean
21,14.2,30.4,27.2,69.6,6.77,385.4,32.3,13.6,Mungbean
14.6,13.3,38,25,76.3,6.65,412.4,27.4,10,Mungbean
18.9,10.8,21.4,31.2,63.3,6.36,424.9,26.4,21.4,Mungbean
33.6,8.5,15.6,26.7,82.2,6.13,498.7,34.1,30.7,Mungbean
20.6,4.7,22,34.7,72.7,6.53,406.2,25.9,33.4,Mungbean
39,4.3,38,35,63,6.87,450.5,27.8,54.3,Mungbean
33,7.9,40.7,31.7,75,6.7,481,27.4,29.7,Mungbean
23.7,8.9,22.8,33.9,83.9,6.48,526.4,26.9,16.5,Mungbean
33.7,11.3,28.4,26.7,64.9,6.85,450.5,28.4,25.6,Mungbean
20.4,10.3,38.6,30.7,68.8,6.21,426,31.4,34.2,Mungbean
14.3,11.3,25.8,30.5,64.9,6.67,506.1,25,33.4,Mungbean
31.2,17.3,21.7,28.3,70,6.83,403.7,31.8,39.4,Mungbean
23.7,5,42.4,25.9,69.4,6.89,410.7,30.9,24.8,Mungbean
23.3,9.6,25.7,31.8,74.3,7.5,453.2,25.4,28,Mungbean
14.9,3,19.7,35,54.1,6.82,430.7,25,24.2,Mungbean
19.5,15.2,29.1,30.6,72.4,6.54,300,25,16,Mungbean
9.9,10.8,22.4,28.5,77.1,6.21,395.3,30.2,36.8,Mungbean
17.9,7.6,36,29.3,69.7,6.74,527,27.5,33.6,Mungbean
37.5,8.8,26.3,29.3,75.9,6.1,349.4,26.3,27.5,Mungbean
19.4,3,22.3,29.3,59.6,6.21,425.3,25,27.7,Mungbean
26.4,7.8,21.5,33.1,77.1,6.53,442.4,26.7,31.4,Mungbean
30,10.2,10.9,31.8,50,6.08,434.1,27.5,18.5,Mungbean
21.1,8.8,27.9,25.5,88.8,6.75,442.7,31.1,30.3,Mungbean
8.8,11.5,10,35,78.2,6.66,457.6,25.1,42.9,Mungbean
22.8,10.6,35.9,30.3,57.8,6.53,447.4,26.8,46.6,Mungbean
20.3,14.4,31.8,32.8,63.5,6.37,476.3,30.3,34,Mungbean
14.2,5.7,41.3,29.8,90,6.09,448.4,25.6,27.6,Mungbean
14.8,3,18.8,34.8,83.6,6.11,443.1,30.8,39.6,Mungbean
36.1,10.7,34.3,35,61,6.87,497.5,31.1,25.9,Mungbean
23.4,14.4,33.7,31.7,63.1,6.79,386.8,27.5,35.7,Mungbean
14.6,7.2,34.6,32,90,6.9,392.1,28,35,Mungbean
5,17.5,43,30.3,65.9,6.55,403.1,30.6,32.5,Mungbean
24,3.4,47.3,28.7,77.5,6.81,461.3,25,38.9,Mungbean
27.4,17.9,29.1,28.5,70.7,6,479.3,28.5,21.1,Mungbean
31.7,7.3,39.6,28.6,50,6.07,513.4,27.3,35.1,Mungbean
17.2,3,21.8,27.9,88.9,6.38,432.7,31,30,Mungbean
24,9.5,30.5,29.8,88.7,6.47,463.6,31.2,27.3,Mungbean
21.7,9.2,40.5,29.4,79.1,7,378.2,28.4,29.7,Mungbean
25.7,15.1,33,27.6,67.6,6.13,420.5,29.9,23.4,Mungbean
22.9,12,33,26.4,69.3,6.67,537.8,27.5,33.6,Mungbean
30.7,6.2,19,31.4,78.5,6.93,503,33.2,33,Mungbean
9.5,6.2,39.4,31.2,72.4,6.52,411,26.2,27,Mungbean
20.8,16,46,28.8,69.1,6.36,452.2,32.2,37.7,Mungbean
21.6,6.8,33.5,33.1,73.2,6.31,532.3,32.2,36.1,Mungbean
12.6,9.8,44,30.3,77.6,6.85,445.6,25.4,31.8,Mungbean
5.7,17.9,46.9,31.4,64.9,7.22,516.9,29.2,29.6,Mungbean
23.5,5.9,14.4,33.4,75.5,6.43,525.3,26.4,35.2,Mungbean
13.6,12,39.6,27.6,84.7,6,471.2,29.4,39.8,Mungbean
5,11.2,10,26.4,60.7,7.11,348.5,25,34.1,Mungbean
15,8.9,29.1,27.4,89.4,6.8,341.5,31.9,11.5,Mungbean
19.5,15,36.4,28.6,71.7,6.69,403.8,32.2,38,Mungbean
16.4,14.3,30.2,31.9,83.6,6.63,480.2,27.4,45.5,Mungbean
14.8,8,37,32.8,71.8,6.53,399.8,29,25.2,Mungbean
23,3,23.1,31.4,75.4,6.77,471.7,25.2,25.5,Mungbean
29.1,14.6,45.9,27.5,57.9,6.63,421.1,34.1,40.2,Mungbean
16.9,8.7,21.9,29,75.7,6.61,459.8,25.9,29.9,Mungbean
23.6,12.6,29.5,26.4,77,6.29,424,26.4,30.6,Mungbean
26.8,19.3,26.9,35,81.7,6.69,503.7,33.1,18.5,Mungbean
22.5,4.2,19.8,25,70.1,6.89,600,27.7,16.8,Mungbean
18.1,12.8,22.2,30.7,68.9,6.59,431,29.6,10,Mungbean
17.3,16.8,30.9,30.8,64.4,6,420.2,30.2,26.4,Mungbean
16.3,23.5,30.7,31.7,78.4,6.55,453.8,29.6,25.2,Mungbean
13.4,3,16.6,35,75.2,6.27,455.5,26.3,42,Mungbean
25.3,17.2,28.2,28.1,90,7.18,600,28.5,18.4,Mungbean
17.8,6,21.5,32.6,75,6.85,461.6,25.2,39,Mungbean
23.4,3,36.4,28.5,66,6.12,438.1,26.5,22.2,Mungbean
10,6.9,41.5,30,66,6.34,403.7,30.2,34.7,Mungbean
18.1,20.7,38.7,30.3,69.1,6.57,465.6,28.9,38.6,Mungbean
21.2,3,32.7,30.1,69.4,6.89,537,25,37.6,Mungbean
38,7.2,28.6,25,76.1,6.33,432,30.2,25.9,Mungbean
5,8.6,41.3,27.8,63.9,6.17,375.1,27.6,27.4,Mungbean
24,8,14.5,27.4,58.6,6.4,474.3,28.7,45.2,Mungbean
8.7,12.3,22.2,31,71.1,6.74,479.2,25,48.3,Mungbean
33.1,18.3,27.8,31.3,79.3,6.9,498.4,25,35.2,Mungbean
16.7,3,22.5,26.6,75.2,6.89,455.1,32.5,24.6,Mungbean
14.3,5,16.9,26.1,71.7,6.65,530.5,31,29.9,Mungbean
26.2,3.6,47,31.9,69,6,386.9,30.1,34.6,Mungbean
18.3,10.1,33.4,30.3,75.1,6.81,374.1,28.2,30.1,Mungbean
9.4,4.4,48.5,28.3,73.4,6.73,421.7,29.8,39.1,Mungbean
7.8,7.4,28,27.1,73.1,6.25,524.1,27.1,10,Mungbean
27.9,14.4,32.3,28.1,72.6,6.47,509.9,27.7,35,Mungbean
10,18.2,41,27.9,57.3,6.76,462.9,29.8,24.8,Mungbean
23.2,7,35.2,35,51,6.58,470.2,25.8,28.4,Mungbean
20,3,28.5,31.3,77,6.26,460.3,29.6,41.9,Mungbean
5.7,9.4,28.3,32.3,58.3,6.19,409.7,30.2,60,Mungbean
25.5,7.8,27.3,31.4,71.9,6.44,452.7,27.8,37.2,Mungbean
31.6,5.4,25.6,25.7,62.5,6.76,484.4,31.6,24.5,Mungbean
27.1,10.2,32.3,30.1,68.7,6.64,487.7,29,29.7,Mungbean
24.5,8.5,35.8,29.2,50,6,456.8,27.4,25.1,Mungbean
33.5,17.2,32.5,28,73.7,6.73,548.3,28.8,43.4,Mungbean
18.6,14.3,30.1,29.2,70,6,458.6,29.2,40.5,Mungbean
34.5,6.2,28.6,26.4,72.3,6.88,381,26.3,31.3,Mungbean
13.6,5.1,41.8,35,57.8,7.18,429.5,29.8,25.5,Mungbean
30.3,5.2,27.1,25.3,70.4,6.75,459.9,32.5,34,Mungbean
48,4.5,33.8,32.1,60.1,6.91,495.3,28.9,22.9,Mungbean
33.6,9.2,42.2,30.2,72,6.09,479.8,25,20,Mungbean
44.4,14.5,35.8,25,70,6.46,515.3,28.2,40.6,Mungbean
19.9,17.5,27.7,28.1,79.5,6.97,366,32.4,20.2,Mungbean
17.7,12.2,21.9,29.2,56.2,6.45,394,27.5,13.7,Mungbean
22.5,3.2,22.6,30.4,88.9,7.01,423.9,31,23.4,Mungbean
5,11.6,45,27.1,87.8,6.52,448.1,26.1,20,Mungbean
21.8,9.2,29.6,35,71.1,6.5,467.8,28.9,30,Mungbean
39.2,18.6,36.9,31.4,71.2,6.04,454.6,30.6,25.4,Mungbean
25.7,10.3,32.5,26,70.5,6.31,467.6,25,31.4,Mungbean
22.1,16.3,19.5,31.9,58.4,6.38,372.8,27.9,19.4,Mungbean
15.4,12.1,26.6,25.6,62.7,6.37,381.2,30.3,24,Mungbean
12.5,3,22.9,28.5,74.1,6.71,386.9,28.9,29.2,Mungbean
25.4,12.2,36.9,35,50,6.68,467.8,31.1,24.1,Mungbean
5,5.7,28.9,25,90,6.51,483.4,29.5,28,Mungbean
18.9,12.8,29.5,28.6,75.2,6.58,464.9,29.9,47,Mungbean
25.6,8,28.2,35,81.6,6.69,381.8,27.6,31.6,Mungbean
15,5.6,70,28,68.3,6.64,489.1,25,16.8,Mungbean
29.4,7.4,30.3,35,60,6.7,475,25,13,Mungbean
10.4,12.2,31.1,30.2,54.9,7.24,521.4,25.7,42.7,Mungbean
10.9,11.7,23.5,25,78.1,6.2,393.7,26.4,27.8,Mungbean
27.9,9.7,34.9,34.9,65.7,6,456.9,25.4,41,Mungbean
23.9,11.8,28.3,28.5,66.4,6.62,483,28.4,42.6,Mungbean
28.1,4.4,24.7,32.3,79.7,6.8,395.2,27.1,23.8,Mungbean
32.2,3,31.3,28.7,64,6.25,408.6,26.7,25.4,Mungbean
27.2,3,20.4,30.3,88.4,6.77,486.9,32.9,38.6,Mungbean
15.7,8.6,26.9,31.8,72.2,6.14,413.4,26,22.6,Mungbean
38.2,10.4,33.6,27.6,56.1,6.9,523.4,27,40.3,Mungbean
15.6,12.2,37,33.1,59.1,7.08,463.8,30,15.3,Mungbean
5,5,26.9,35,70.9,6.8,545.8,31.1,29.7,Mungbean
5,11.2,30.4,31.5,71,6.83,438.6,35,10,Mungbean
22,5.1,22.5,28.4,79.1,6.4,382.8,29.9,29.1,Mungbean
33.5,8.4,44.4,30,71,6.33,541.5,27.8,40.1,Mungbean
5,3,27.6,32.1,58.8,6.42,506.8,30.3,36.6,Mungbean
22.4,7.6,41,26.5,74.9,6.02,431.3,26.7,23.4,Mungbean
21.8,16.1,26.4,35,71.1,6.68,475.6,31.4,27.9,Mungbean
13,3,28.8,25,56.9,6.32,600,28.7,10,Mungbean
11.5,13.1,28.9,26.9,90,7.03,445.2,25,27.2,Mungbean
24.9,5.8,24.2,30.6,64.3,6.79,492,32.2,37.3,Mungbean
23.7,6.9,24.4,35,80.3,6.75,472.5,35,40.8,Mungbean
29.9,11.4,31.1,33.1,67,6.18,433.8,32.4,23.8,Mungbean
9.4,10.8,30.1,29.5,53.7,6.38,442.9,25,24.3,Blackgram
15.6,9.7,13.4,34.3,90,6.37,476.5,25,32.4,Blackgram
27.1,3.6,29.6,26.7,60.4,6.11,505.5,25.9,21.9,Blackgram
5,6.8,23.9,29.4,78.3,6.73,357.3,28.1,23,Blackgram
19.3,17.5,35.2,28.6,53.3,6.48,518.1,26.7,40.5,Blackgram
17.1,6.4,16,26.1,75.4,6.63,550,28.3,22.3,Blackgram
18.2,12.1,28,31.8,70.2,6.71,433.7,26.5,28.3,Blackgram
28.1,16.6,38.3,30.5,78.8,6.13,386.7,30.1,43.4,Blackgram
19.4,8.5,28.4,31,77.5,6.47,385.7,35,24.7,Blackgram
20.6,7.3,35.6,25.8,77.9,7.27,456.3,31.2,57.2,Blackgram
11.3,6.9,26,30,90,6.69,491.5,27.4,23.3,Blackgram
19.3,12.8,24,30.8,58.3,6,455.7,25,10,Blackgram
25.6,9.9,27.6,30.3,71.8,6.66,449.8,27,28.9,Blackgram
12.7,11.3,22.8,28.4,50.6,6.55,441.1,31.9,35.1,Blackgram
27.3,16.1,44.7,34.7,69.2,7.07,401,27.7,29.4,Blackgram
9.9,9.1,24.1,27.3,73.2,6.72,509.6,27.3,37.6,Blackgram
5,3.1,27.8,30.1,76.6,6.15,512.2,25.7,27.1,Blackgram
15.2,8,51.1,30.8,72,6.55,493.4,29.6,26.6,Blackgram
12,6.5,16.2,33.4,71,6.28,404.6,29.7,41.6,Blackgram
13.9,14.1,25.8,31.9,73.8,6.28,465.2,31.9,42.7,Blackgram
22.8,10,14,30.5,50,6.53,442.1,30,52.9,Blackgram
22.8,4.6,45.7,31,50,6.86,473.1,28.2,29.9,Blackgram
38.1,15,24.7,25,50,6.28,480.3,25.2,34.8,Blackgram
32.1,7.3,39.8,28.9,69.2,6.69,501.5,30.7,28.4,Blackgram
6.8,9.8,32.2,35,76.7,6.29,391.8,32.2,27.1,Blackgram
25,14.4,36.7,35,77.6,6.44,453,27.9,26.3,Blackgram
15.9,12.4,39.2,34.5,72.6,6.36,411.9,30.2,32.3,Blackgram
5,15,15.7,32.5,59.7,6.27,489.5,26.5,29.7,Blackgram
7.6,9.6,34.6,30.6,78.1,6.19,394.7,27.5,40.7,Blackgram
31.6,3,20.3,29.8,83.7,6.54,366.8,25,19.2,Blackgram
14,11.5,37.6,29.9,73,6.61,441.2,26.4,33.3,Blackgram
24.9,5.5,38.4,29.8,71.3,6.28,600,31.3,45.6,Blackgram
13.2,6,32.9,25.5,73.6,6.31,480.4,27.5,36.1,Blackgram
25.1,3,18.2,29.8,67,6.31,572.8,31.7,23.7,Blackgram
17.5,10.8,35.4,31.4,65.2,6.42,449.7,27.4,10,Blackgram
16.2,7.6,38.7,27.6,67,6.97,451,29,38.7,Blackgram
18.5,6.2,28,25,56.4,6.48,452.7,28.7,33.2,Blackgram
22,7.4,29.9,35,71.8,6.32,434.8,27.7,23.7,Blackgram
13.4,13.3,24.7,34.2,77.7,6.57,440.2,30.1,33.6,Blackgram
22.2,4.3,45.8,31.9,54.3,6.55,387.2,27.6,32.7,Blackgram
20.4,10.3,21.8,33.1,61.2,6,428.8,32.9,26.8,Blackgram
8.3,13.8,39.5,31.5,81.1,6.5,498.5,29.9,35.7,Blackgram
20.8,8.1,37.7,35,66.5,6.19,474.8,29.4,26.1,Blackgram
31.7,18.2,40.9,28.9,70,6.16,407.2,25,22.1,Blackgram
5,9.7,27,35,70.3,6.09,444.2,30.6,22.2,Blackgram
16.7,9,37.7,25,67.6,6.21,505.1,26.6,44.6,Blackgram
15,13.4,30.3,34.7,60.4,7.5,544.2,25,13.2,Blackgram
21,17.7,48.4,32.5,73.2,6,410.9,25,18,Blackgram
22.6,15.1,36.2,26.6,77.6,6.58,466.9,25,42.7,Blackgram
16.4,11.4,34.8,29.5,86,6.57,560.2,28.3,33.1,Blackgram
28.6,12.6,40.4,25,67.9,6.48,469.9,32.1,33.4,Blackgram
26.6,9.1,29.1,29.3,72.2,6.58,367,33,45.5,Blackgram
26.4,4.1,27.3,32.4,69.5,6.18,412.4,31,43.3,Blackgram
25,9.6,39.7,32.7,71.6,6.61,381.8,25.7,35.4,Blackgram
19.8,3,49.2,30.6,81.2,7.11,475.7,34.2,35.1,Blackgram
16.1,12.5,51.2,32.9,56.9,6.34,497.5,30.7,39.4,Blackgram
26,3,23,29.1,67.9,6.76,467.8,28.8,51.3,Blackgram
8.5,12.8,28,29.5,75.7,6.62,467.7,31.4,36.1,Blackgram
24.2,6.9,19.8,31.7,69.7,6.31,431.3,31.2,35.8,Blackgram
5.2,16.2,41.6,29.1,75.9,7.21,479.9,25,35.1,Blackgram
40.3,12.4,20.6,27.2,87.6,6.24,386.3,25,41.8,Blackgram
10.4,6,36,28.4,62.6,6.38,481.8,26.2,36.3,Blackgram
6.8,8,12.2,31.6,64.4,6.08,555.2,27.7,21.1,Blackgram
5.8,6.8,46.4,33.4,62.3,7.06,459.5,28.3,19.5,Blackgram
44.3,11.9,28.5,32.2,79,7.13,422.8,26.9,34.1,Blackgram
17.5,10.7,23,27.4,80.1,6.77,451.4,31.7,23.6,Blackgram
34.5,5.4,25.1,30.5,64.9,6.43,398.5,28.8,39.5,Blackgram
26.9,13.1,24,29.7,65.2,6.6,494.5,27.8,16,Blackgram
13.5,8.3,27,31,74.5,6.7,466.6,30,27.9,Blackgram
23.9,7,30.7,26.5,73.9,6.51,440.5,32.3,22.4,Blackgram
11.3,7,24.7,28.4,79.1,6.63,337.1,26.5,58.5,Blackgram
15.8,14.9,24.7,32.3,54.7,6.25,433.8,28.1,43.8,Blackgram
11.3,14,49.6,26.2,74.7,6,362.7,28.8,41.1,Blackgram
23.3,12.9,44.8,34.2,67.6,6.61,516.5,27.3,30.4,Blackgram
13.2,3,21.2,32.3,66.5,6.57,402.2,25,20.3,Blackgram
16.1,17.5,10,29.3,63,6.27,367.1,25.1,36,Blackgram
21.5,13.1,25,30,66.4,6.36,383.5,27.5,32.3,Blackgram
5,11.5,26.5,35,72.2,6.74,402.4,28.8,20.6,Blackgram
29.3,12.2,44.2,27.7,80,7.09,442.9,29.6,41.6,Blackgram
15.6,9.9,26.5,33.8,84.2,6.53,394.3,30.5,19.1,Blackgram
16.4,16,23.1,35,75.8,6.39,454,29,43.6,Blackgram
7.7,3,21.2,29.6,59.1,6,415.7,31.7,19.5,Blackgram
25.4,17.3,35.9,32.4,62,6.81,412.7,25,48.7,Blackgram
16,5.6,25.9,25,76.9,6.55,482.2,28.8,32.4,Blackgram
5.6,15.3,27.4,25,69.4,6.85,520.8,26.7,26.4,Blackgram
19.5,16.6,43.8,33.1,61.8,6.42,452.4,25,16.6,Blackgram
16.5,13.1,22.3,31.5,79.7,6.2,456.8,30.5,33.4,Blackgram
20.8,4.8,44.8,32.1,71.8,6.64,429.5,26.8,36.5,Blackgram
30.7,13.1,24.4,32.5,50,6.95,387.9,33.1,39.7,Blackgram
14.9,10.8,10,33.1,90,6.4,438.7,34.9,40.1,Blackgram
22.9,13.4,25.1,26.7,75.3,6.47,525.9,28.7,47,Blackgram
10.4,8.6,19.3,28.8,60.1,6.61,457.7,29,36,Blackgram
11.2,10.5,23.8,28.6,66.9,6.73,550.9,27.1,38.2,Blackgram
35.3,16.6,36.8,33.8,76.3,6.4,495.6,25,31,Blackgram
6,8.2,33.8,33.6,64.7,6.82,473.3,25,49.9,Blackgram
40.4,6.9,38.4,29.1,69,6.39,409.3,25.7,41.2,Blackgram
27.1,11.7,20.4,29.8,69.8,6.92,507.3,28.8,40.3,Blackgram
12.3,4.6,29.5,25,70,6.31,513.9,30.1,25.7,Blackgram
9,15.7,31.7,34,79.8,6.57,481.4,27.2,35.5,Blackgram
30.3,11.3,24.7,30.7,57.3,6.29,479.5,27.6,38.5,Blackgram
5,11.2,29.9,25.6,71.3,6.93,475.3,27.6,31.3,Blackgram
16.2,12.6,20.8,28.3,57.5,6.38,411.2,27.7,29.1,Blackgram
23.7,18.7,39.7,30.9,62,6.31,499.8,30.1,32.6,Blackgram
10.1,3,19.9,28.8,72.1,6.43,416.6,35,38.5,Blackgram
12.3,11.3,31.6,30.1,66.1,6.49,492.3,26.9,26,Blackgram
18.1,18,42.3,33,64.9,6.36,373.2,35,25.8,Blackgram
28.5,5.7,41.6,31.2,78.5,6.46,464.8,29.2,25.2,Blackgram
9.4,13.4,22.3,26.6,77.2,6.1,405.9,29.5,29.1,Blackgram
10.5,13.6,27.1,30.2,81.2,6.4,444.7,25,29.2,Blackgram
10,4.9,21.8,31.7,72.3,6.4,468.4,25.8,45.8,Blackgram
18.8,12,32.5,35,63.1,6.34,462.3,32.1,19.4,Blackgram
13.4,7.1,28.2,33.1,69.4,6.2,461.1,28.9,36.7,Blackgram
22.8,12.2,38.8,33.8,75.4,6.91,474.8,29,47.2,Blackgram
18.3,6.2,42.3,27.9,77.1,6.23,544.2,26.9,30.5,Blackgram
23.1,12.7,43.1,35,83.3,6.91,461.4,27.3,41.7,Blackgram
31.4,13.7,10.2,31.5,56.9,6.15,349.4,25,40.8,Blackgram
12.8,9.6,36.6,29.1,79.4,6.74,435.3,29.7,36.6,Blackgram
20.1,14.2,19,27.1,68.9,6.38,413,34.2,24.6,Blackgram
14.7,13.4,38.6,26.7,74.2,6.78,343.2,28.6,16.1,Blackgram
14.2,15,39.4,27.8,90,6.51,371.4,33.4,31.6,Blackgram
8.1,17.7,36.4,25,73.1,6.49,519.5,30.7,29.1,Blackgram
26,13,35.2,28.5,82,6.52,308.3,27.3,18.5,Blackgram
6.4,12.9,24.1,32.3,63.1,6.11,516.3,34.5,39.8,Blackgram
27.4,12,33.8,29.5,68,6.91,535.7,35,28,Blackgram
40.8,6.9,69.4,30.3,61.6,6.69,351.9,25,30.7,Blackgram
17.9,3.5,17.9,32.1,67.8,6.46,532.9,27.7,25.5,Blackgram
16.9,3,34.9,26.2,66.3,6.48,438.8,28.5,59.2,Blackgram
6.3,3,10,29.9,71.4,6.5,449.3,27.8,30.9,Blackgram
24.1,4,31.2,33,73.4,6.26,417.4,28.6,21.3,Blackgram
16.6,3,41,26.9,69.4,6.48,463.2,27.4,11.8,Blackgram
24.3,12.9,28.2,25,62.9,6.39,514,29.1,36.7,Blackgram
9,7.9,32.9,33.4,79.9,6,533.6,25.7,50.7,Blackgram
13,8.7,32.6,30,62.9,7.49,471.5,28,29.4,Blackgram
26.8,8.5,35.6,29.4,70.2,6.11,425.3,25,34.9,Blackgram
11.3,7.6,25,32,86,6,555.5,26.5,29.1,Blackgram
20.7,8.7,25.6,29.7,73.6,6.3,522.2,30.8,17.9,Blackgram
31.9,6,31.9,25,73.1,6.36,461,25,21.2,Blackgram
9.3,16,26.1,32.1,90,6.55,300,32.8,22.2,Blackgram
16.6,14.9,36.5,30.7,56.9,6.38,326.5,30.3,41.3,Blackgram
26.3,10.4,36,26.4,66.4,6.44,465.1,25,27.5,Blackgram
15.1,11.9,11.6,32.3,68.2,6.4,473.8,31.8,23.8,Blackgram
14.9,8,23,29.2,79.7,6.32,403.1,25,24.5,Blackgram
23,3,19,29.2,68.9,6.59,446.9,29.1,26.6,Blackgram
17.9,12.2,27.7,28.9,65.3,6.81,525.8,29.2,36.9,Blackgram
10.8,14.8,28,30.8,63.4,6.3,446.5,30.6,30.8,Blackgram
5,15.6,36.2,28.9,77.3,6.7,403.2,30.6,20.6,Blackgram
8.9,8.3,18.8,29.3,73.8,6.63,456.2,26.7,33.4,Blackgram
12.8,12.4,48.3,29.2,80.3,6.67,526.7,27.6,24.7,Blackgram
19.1,11.4,25.6,30.7,61.9,6.47,461.8,25.5,38.9,Blackgram
5,10.7,35.6,28.6,70.1,6.89,430.2,26.4,12.3,Blackgram
30.8,15.1,18.6,31.4,67.4,6.97,402.2,29.4,51.8,Blackgram
21.3,3,30.1,27.7,75.1,6.5,464.6,29.9,31.7,Blackgram
21.9,6.6,58.6,35,82.2,6.49,337.3,28.6,32.7,Blackgram
24.4,7,29.4,27.4,62.7,6.39,492.5,28.9,26.4,Blackgram
20.3,3,28.7,26.5,73.2,6.84,415.4,30.7,22.5,Blackgram
50,10.6,30.8,29.6,76.8,6.79,414.5,28.7,22.6,Blackgram
5,9.6,30.1,25.1,82.5,7.01,522,25,25.1,Blackgram
25,20.5,24.7,32.4,81.7,6.37,360,30.1,27.9,Blackgram
27.1,7.8,19.9,27.9,68.7,6.87,397,25.5,28.1,Blackgram
11.3,10.7,14.6,28.9,74,6.92,419.3,30.6,33.4,Blackgram
20.3,18.1,35.2,34.3,90,6,492.5,27.7,22.8,Blackgram
6.3,7.7,52.2,31.1,77.5,6.11,447.7,28.5,32,Blackgram
33.5,14.3,12.4,31.1,64.3,6.6,489.9,31.6,28.3,Blackgram
22.6,12.3,39.8,29.9,77.9,6.47,504.9,28.7,39,Blackgram
7.5,11.8,14.7,27,53.1,6.18,443.3,26.6,11.7,Blackgram
23.6,5.2,30.4,32.5,79.4,6.26,451.1,28.8,35.8,Blackgram
11.3,13,37.3,33.9,66.7,6.37,431.6,29,26.2,Blackgram
28.9,17.3,39.7,29.9,53.2,6.37,447.2,25,16.8,Blackgram
24.3,13,46.3,25.7,68.4,6.79,504.6,26.5,36.7,Blackgram
24.3,6.9,29.2,34.1,71.9,6.6,410.4,31,39.6,Blackgram
32.5,6,30.3,34.1,69.4,7.22,475.5,27.5,38.7,Blackgram
33.1,17.4,26.6,26.4,71.7,6.65,496.2,26.1,33.4,Blackgram
5,19.3,16.9,26.9,68.3,6.67,429.9,35,39.7,Blackgram
12.6,14.7,19.8,30.3,68.9,6.09,413.7,27.2,44.2,Blackgram
32.6,9.8,22.3,33,74.5,6.79,453.7,27.4,36.9,Blackgram
24.5,21,11.8,30.8,60.2,6,490.5,35,21.9,Blackgram
13.1,14.1,28.5,28.4,90,6.43,382.2,25,47,Blackgram
22.7,3,27.1,26,76.8,6.45,471.8,25.3,54.4,Blackgram
14.6,12,19.6,29.6,62.4,6.38,510.9,29.3,30.4,Blackgram
19.4,11.6,22.6,33.2,65.5,6.15,442.4,28.8,34,Blackgram
31.1,7.7,38.2,29,63.5,6.82,388.5,32.7,35.9,Blackgram
5,12.2,19.8,30.8,53.5,6.74,537.9,25.5,30.7,Blackgram
15.4,9.5,33.8,31.2,69.5,6.62,429.2,31,31,Blackgram
5,9.2,28.1,26.9,61.1,6.71,496.2,29.2,42.1,Blackgram
25.6,11.7,20.9,29.9,67.1,6.1,454.5,25,10.7,Blackgram
21,7.3,22.6,32.1,88,6.27,420.2,25,14,Blackgram
24.3,10.3,34.5,33.4,62.9,6.8,536.5,32.7,41.1,Blackgram
17.1,5.4,29.6,34.6,65.2,6.9,350.8,26.2,42.9,Blackgram
28,8.9,46.2,31.2,70.8,6.85,476.6,25.3,28,Blackgram
23.4,15.4,22.8,35,69.9,7.08,401.9,26.7,26.4,Blackgram
25.4,13.7,27.3,26.8,57.7,6.5,450.9,26.5,31.2,Blackgram
44,3,23.7,27.1,76.1,7.45,418.4,27.9,37.7,Blackgram
39.5,6.5,36.6,33.5,55.2,6.56,499.8,32.5,16.5,Blackgram
9.5,8.8,25.2,27.1,72.3,6.25,456.4,29,31.8,Blackgram
28.1,5.6,47.9,29.7,61.1,6.22,479.3,26.4,49.2,Blackgram
14.2,7.1,37.2,32.5,65.6,6.75,568.7,30.3,17.6,Blackgram
48.3,20.2,29.4,33.4,69.5,6.35,379.2,27.9,10,Blackgram
5,8.4,16.2,35,71.1,6.39,402.3,25.4,16.9,Blackgram
23.7,15.2,35.9,25,90,6.38,441.2,28.5,28.6,Blackgram
12.8,15.5,15.3,25.3,55.4,6.35,448.3,32.6,30.9,Blackgram
26.4,6.5,10.9,30,60.5,6,451.9,25,43.9,Blackgram
33.2,15.5,31.7,34.2,65.5,6.16,421.1,28.9,42.3,Blackgram
39.5,3.9,40.9,32.5,83.3,6.97,432.1,25,12.8,Blackgram
17.7,16.1,24.9,30.5,66.3,6,433.2,27.4,26.9,Blackgram
29,13.5,18.2,31.5,50,6.1,506.3,28.1,26.8,Blackgram
25,5.4,35.2,27.1,68,6.37,600,25.2,20.9,Blackgram
24.5,11.5,41.6,33.7,70.4,6.53,451.5,28,13.9,Blackgram
23.8,3,26.1,29.6,54.6,6.64,446,25,35.4,Blackgram
34.8,9.8,54.8,35,63.7,7.14,520.1,25.3,24.9,Blackgram
35.5,11,45.9,34.6,67.4,6.46,525,25,40.8,Blackgram
27.1,9.6,20.9,34.3,81.7,6.45,479.2,30.7,26.4,Blackgram
14.4,15.7,31.9,26.7,62.8,6.62,462.2,27.6,38.9,Blackgram
5,11.6,37.8,25,68.8,6.17,522.9,27.8,22.8,Blackgram
24.6,9.1,26.4,34.9,59.9,6.2,600,32,13.1,Blackgram
29.8,23.5,18.5,26.5,68.6,6.89,485.6,25,21.6,Blackgram
25.6,18.2,36.2,28.8,72.6,6.43,464.5,32.4,27.3,Blackgram
13.6,11.4,30.8,30.7,64.6,6.39,464.3,28.2,31.7,Blackgram
30.4,4.9,44.5,27.6,77.1,6.72,450.9,30.3,38.7,Blackgram
11.6,17.1,27,29.1,57.5,6.35,392.8,31.6,34.9,Blackgram
16.1,7.2,40.3,27.1,72.4,6.92,478.2,30.7,42.2,Blackgram
28.8,3,40.3,33.4,66.4,6.65,556.1,29.7,34.6,Blackgram
27.8,12.6,29.2,25,53.6,6,477.3,27.2,36.5,Blackgram
14.8,17.1,48.5,31.6,74.1,6.5,440.7,30.8,23.3,Blackgram
16.1,10,31.3,32.3,77.5,6.55,592.2,27.7,40.1,Blackgram
9.9,17.6,20.1,29.8,55.8,6.54,396.5,30.1,37.1,Blackgram
24.7,12,29.3,30.6,86.3,6.36,456.3,26,10,Blackgram
16.5,5.9,17,25.1,88.2,6.33,395.5,27.9,38.2,Blackgram
7.8,15.8,25.1,33.2,59.2,6.97,436,27.5,42.3,Blackgram
20,14.9,21.5,29.5,64.1,6.74,494,25,42.6,Blackgram
16.3,11.3,23.8,30,85.1,6.24,475.6,29.1,19,Blackgram
14.6,6.4,25.7,31.5,64.5,6.4,420.4,27.5,40,Blackgram
13.2,12.8,38,30.8,86.5,6.63,398.7,29.9,17.3,Blackgram
30.7,4.4,25.6,31.8,59.1,6.62,388.5,25.1,18.5,Blackgram
30.4,11.4,35.6,29.5,76.7,6.83,476.7,28.2,37.5,Blackgram
30.1,9.5,23.3,25.6,76.4,6.83,410.7,28.9,18.4,Blackgram
15.9,8.1,32.9,29.7,51.2,6.84,526,29,42.6,Blackgram
7.3,7.4,21.4,33.5,50,6.74,386.1,31.4,34.9,Blackgram
17.8,5.6,23.7,32.8,68.7,6.33,429.7,28.3,22.5,Blackgram
15.2,6.8,47,29.2,56.7,6.07,436.5,25,32.6,Blackgram
19.2,12.4,31.8,33.3,66.9,6.32,488.6,26.7,32.3,Blackgram
17.7,8.9,32.2,28.5,62.1,6.34,514.5,25.5,34,Blackgram
31.9,7.1,25.9,30.1,78.2,6,514,30.1,28.7,Blackgram
50,15.5,22.6,32.2,66.9,6.81,411.1,26.7,37.7,Blackgram
22.8,6.8,36.3,27.5,68.1,6,432.2,30.4,46.9,Blackgram
18.1,15.8,16.4,32.1,57.5,6.51,450,31.5,28.8,Blackgram
42.3,12.1,36.4,35,68.4,6.13,417.6,30.1,39.6,Blackgram
24.1,16.6,28.5,33.3,60.4,6.68,356.8,25,39.9,Blackgram
23.6,8.3,25.7,32.6,76.8,6.45,431.5,31.5,12.9,Blackgram
25.4,5.9,10,28,79.1,6.54,457,30.7,41.4,Blackgram
16.1,10,41,28.7,76.6,6.49,424.6,30.6,39.4,Blackgram
26.3,11.8,44,34.4,81.9,6.29,368.2,25.2,27.8,Blackgram
19.4,13.5,34.7,30.2,71.3,6.61,515,33,18.9,Blackgram
26.9,10.7,10,29.7,66.8,6.67,475.9,27.8,31.4,Blackgram
25.9,14.6,23.7,25,57.1,6.54,390.4,31.9,39,Blackgram
24.8,8,31.1,27.5,74.1,6.28,519.6,31.9,45.1,Blackgram
28.2,4.3,31.2,35,72.3,6.49,444.8,31.4,23.6,Blackgram
5,11.7,30.7,30,70.3,6,445.2,25,31.3,Blackgram
33.1,12,28.6,30.4,65.6,6.48,374.1,35,17.2,Blackgram
5.5,12.7,28.1,33.1,58.3,6.32,450,31.9,37.3,Blackgram
15.1,6.4,36,25,64.2,6.86,446.8,27.9,25.6,Blackgram
7.3,8.6,18.8,35,84.5,6.78,435.7,27.5,45.9,Blackgram
8.5,10.5,37.1,32.4,89.2,6.37,451.9,28,24.5,Blackgram
16.4,19.9,29.4,29.3,65.6,6.16,360.7,29.7,15.9,Blackgram
31,10.2,43.5,29,90,6.74,477,29.9,28.1,Blackgram
5,15.5,19.3,25.2,73.5,6.37,451.6,25,38.2,Blackgram
35.6,20.1,41.2,30.4,69.2,6.11,421.4,27.1,36.2,Blackgram
27.4,4.8,33.4,27.3,80,6.21,433.4,25,31.8,Blackgram
22.5,6,19.1,28,78.6,6.55,470.5,34.2,24,Blackgram
5.3,4.7,41.3,34,68.6,6.55,417.7,26.9,24.1,Blackgram
37.4,8.4,28.3,33.3,75.4,6.73,434,28.6,27.7,Blackgram
13.7,5.1,49,28.3,86.9,6.42,395.2,30.2,18.3,Blackgram
15.6,9.5,35,33.6,69.7,6.46,571.4,30.8,40,Blackgram
5,8.8,33.5,33.2,54.1,6.36,536.3,31.2,45.5,Blackgram
27.3,15.6,25.9,32.4,67.8,6.35,493.7,34.8,45.7,Blackgram
19.4,6,14.7,28.1,88.3,6.18,487.5,30.8,10,Blackgram
24.5,14.4,32.6,28.5,72.9,6.28,505.1,29.1,19.9,Blackgram
29.1,14.7,38.3,28.3,65.4,6.47,527.9,26.9,39.8,Blackgram
24.2,9.6,21,25.6,61.6,6.79,466.9,30.6,25.3,Blackgram
18.5,8.1,23.2,27.7,69.6,6.08,449.4,29,42.4,Blackgram
26.1,8.9,20.3,26.2,90,6.57,405.4,31.2,28.5,Blackgram
21,10.6,35.9,32.6,81.2,6.34,416.1,27.2,36.4,Blackgram
20.2,6.1,46.9,30.9,78.8,7.03,429.6,25.6,24,Blackgram
40.6,5.7,15.8,34.7,70,6.8,492.4,29.5,26.5,Blackgram
20.7,11.4,51,25,63.2,6.93,434.6,25.8,54.3,Blackgram
24.3,11.4,48.3,35,81.6,6.31,496.3,30,17.7,Blackgram
14.8,6.3,25.9,30.5,78,6.2,349,29.6,21.9,Blackgram
23.6,9.8,45,28.5,50,6.38,376.4,25,28.4,Blackgram
14.7,5.9,19.2,26.9,76.6,6.72,440.2,30.2,19.2,Blackgram
17.6,9.8,10,35,67.4,6.14,508.5,25,12,Blackgram
14.4,30,19.9,31.9,63.9,6,391.4,31.9,23.4,Blackgram
18.5,17.3,19.8,28.1,71.6,6.24,412.4,26.8,21.7,Blackgram
23.5,7.3,24.5,29.3,50,6.91,421.6,27.1,10,Blackgram
17.3,16.4,28.2,31.4,69.6,6.74,552.2,30.9,24,Blackgram
12.4,7.2,21.8,30.8,77.3,6.59,443.6,25.6,24.9,Blackgram
5.2,12.9,32.3,29.9,74.3,6.2,496.3,25,30,Blackgram
29.2,14,25.5,26.6,68.9,6.58,463,31.1,39.1,Blackgram
10.8,13.9,33.8,26.7,76.3,6.5,391.3,29.1,12.5,Blackgram
20.6,11.8,25.2,29,72.7,6.54,414.9,29,47,Blackgram
24.1,5.2,32.1,32.1,69,7.03,467.7,28.1,20.3,Blackgram
21.1,10.1,18.5,25,67.9,6.54,393.4,25,50.1,Blackgram
33.4,3,29.6,32.6,72.6,6.22,489.4,27.5,25.1,Blackgram
34.5,13.6,33.5,25,77.1,6.7,570.7,25,54.2,Blackgram
10.9,17.2,22.9,31.8,72.4,6.5,498.5,28.3,35.1,Blackgram
32.7,15,28.9,31.1,90,6.68,507.4,28.1,15.7,Blackgram
20.7,6.5,32.9,33,78.5,6.37,365.6,25,41.1,Blackgram
39.1,6.7,14.3,28.6,73.2,6.58,458.2,28.2,23.8,Blackgram
13.3,17.5,12.2,27.2,73.5,6.85,435.1,31.2,30.3,Blackgram
17,14.7,26.2,32,71.2,6.2,480.2,35,13,Blackgram
50,3,23.3,31.2,70.7,6.9,413.9,33.4,25.2,Blackgram
12.2,5,23.2,27.7,90,6,549.9,27.4,39.4,Blackgram
9.5,3.7,15.5,28.6,68.1,6.2,452.2,29.8,57.1,Blackgram
13.8,13.7,70,29.5,67.4,6.74,361.2,29.5,20.9,Blackgram
23.6,15.7,18.3,31.9,74.5,6.54,495,25.2,37.3,Blackgram
27.5,3.1,28.8,27.5,79.1,6.3,491.3,25,37.7,Blackgram
7.2,8.1,10,29,59.4,6.16,505.8,27.9,33.8,Blackgram
17.5,7.8,28.6,30.3,74.6,6.45,455.1,25,25.7,Blackgram
15.3,6.9,10,27.8,50,6.63,392.6,27.1,10,Blackgram
26.5,25.8,38.8,27.2,65.5,6.79,423.6,26.4,26.8,Blackgram
15.6,3,40.6,27.3,67,6.63,423.9,25.7,34.3,Blackgram
21.5,3,30.7,32.3,75.2,6.45,461.7,29,14.1,Blackgram
29.8,22,41.3,25.9,74.3,6.73,383.8,25,37.5,Blackgram
23.6,8,21,34.9,83.3,6.39,503.6,25.9,15.6,Blackgram
17.8,15.6,39.4,27.6,64.6,6.24,544.8,25.8,31.4,Blackgram
18.8,7,18.7,32.4,57.4,6.38,453.8,27.9,38.1,Blackgram
14.2,15.5,23.6,25,64.1,6.55,474.7,26.1,48.1,Blackgram
15.6,5.8,22.3,35,69.6,6.17,391.7,30.2,13.4,Blackgram
23.6,15.3,43.5,33.8,73.2,6.37,452.8,28.1,30.8,Blackgram
25.9,5.5,20.7,32.6,69.2,6.24,423.3,32.1,26.8,Blackgram
10.2,8.5,25.6,27.9,60.7,6.1,564,29.8,18,Blackgram
9.7,20.1,25.5,29.4,82.1,6,487.2,27.7,28.2,Blackgram
22.4,17.9,23.2,28.1,77.6,6.41,419,25,18,Blackgram
31.3,11.6,25.7,32.3,50,6.59,430.9,28.7,28.4,Blackgram
11.4,4.2,38.1,31.7,76.6,6.49,454.8,28,31.5,Blackgram
43.2,13.5,12,29.2,79.9,6.72,360.1,30,47.7,Blackgram
5,10.2,22.5,26,63.3,6.77,427.7,30.4,35.2,Blackgram
30.9,7.4,34.9,28.2,82.2,6.38,552.3,27.7,35.7,Blackgram
27.8,3,43.7,29.4,72.4,6.97,423.5,27.7,47.4,Blackgram
30.6,9.8,32.1,31.5,74.6,6.68,359.7,26.2,45.8,Blackgram
22.4,5.8,34.3,27.5,53.4,6.95,482.7,28.8,39.7,Blackgram
31.7,8.4,24.6,29,66.4,6.32,435.3,25,31,Blackgram
29.1,6.8,15.4,27,70.8,6.71,423.4,31.4,18,Blackgram
20,9.4,38.2,30.6,56.4,6,446.2,25.6,25.6,Blackgram
25.2,6.3,30.1,35,78,6.08,462.7,25.1,26.8,Blackgram
28.8,8.1,13.4,26.7,75.5,6.18,332.3,29.9,25.3,Blackgram
30,8.9,32.1,27.6,81.8,6.88,497.1,27.4,30.9,Blackgram
26.9,10.4,38,28.7,82.2,6.63,481.7,31.2,10,Blackgram
38.8,8.2,22.4,32.8,64.5,7,573.5,25.1,13.2,Blackgram
50,17.9,27.3,25.8,74.2,6.59,460.6,31.2,36.4,Blackgram
33.2,13.5,41,31.8,68.4,6.64,519.9,33.9,39.9,Blackgram
12.4,16.2,30.8,35,59,6.31,414.4,30.2,10,Blackgram
10.3,11.5,42,30.4,67.3,6.19,504,25.8,37.7,Blackgram
23.9,13.5,26,31.5,73.9,6.2,441.5,29.1,38.6,Blackgram
18.2,9.3,28.4,32.3,81.8,6.95,401.8,26.9,14.8,Blackgram
29.1,9,43,32.2,69.6,6.49,445,29.2,30.9,Blackgram
16,13.6,31.1,27.2,85.6,6.06,592.8,34.8,60,Blackgram
28.1,7.4,30.1,29.2,71.1,6.72,535.9,25,34.5,Blackgram
18.6,4,33.8,27.7,75.9,6,418,25.3,31,Blackgram
34.2,12,36.2,32.1,77,6.66,476.3,25,21,Blackgram
34.4,12,30.6,29.1,56.3,6.7,528.3,28.1,27.6,Blackgram
7.7,8.6,35.1,29.7,68.4,6.46,437.9,28.2,38,Blackgram
7.6,15.7,34.4,33.9,64.3,6.12,388.2,25,47.8,Blackgram
26.2,13.7,29.5,29.8,69.4,6.26,478.4,28.9,26.3,Blackgram
19.4,3,34.5,32.2,56.6,6.5,523.6,29.1,38.7,Blackgram
8.8,9,22.6,33.7,57.5,6.73,436.4,32.4,43.1,Blackgram
14.1,3,32.8,30.1,76,6.54,394.3,32.6,24.3,Blackgram
5,13,11.2,31.1,51.3,6.8,536.2,25,20.5,Blackgram
15.7,18.3,45.6,30.7,75.8,7.5,395,30.7,37.2,Blackgram
29.9,8.1,36.1,26.4,72.4,6.78,444.9,31.8,38.3,Blackgram
30.9,14.8,30.7,26.8,57.8,6,468,29.2,43.8,Blackgram
17.4,9.8,27.2,34.3,76.6,6.18,429.5,25.9,30.5,Blackgram
50,12.2,49,35,80.9,6.23,424.6,33.5,36,Blackgram
28.3,6.4,30.5,25.3,57.7,6.25,449.4,31,40.8,Blackgram
24.4,7.9,39.1,32.1,66.6,6.22,502.8,26.1,38.4,Blackgram
17.3,10.4,22.6,32.2,83.5,6.75,452.8,27.3,37.1,Blackgram
13.1,10.3,30,35,87.2,6.64,434,33.1,31,Blackgram
36.8,7.1,26.6,26.9,59.6,6.3,483.6,29.2,26.5,Blackgram
34.3,10.9,32.3,27.6,78.8,6.15,441.3,31.6,23.8,Blackgram
28.4,14.4,47.8,29.9,86.4,6.37,441.7,31,35.1,Blackgram
23.7,14.8,46.1,35,71,6.39,485.1,30.5,49.5,Blackgram
22.5,7.6,34.3,33.9,64.6,6.32,562.9,25.1,19.7,Blackgram
14.3,12.6,70,35,55.8,6.6,517,27.8,36.8,Blackgram
5,12.4,20.4,31,84,6.4,476.2,27.5,41.6,Blackgram
7.8,10.5,32,29.4,77,6.35,393.4,29.6,28.2,Blackgram
32.5,8.9,29.3,34.8,50,6.53,504.7,31.6,16.4,Blackgram
5,17.2,38.8,25,78.9,6.25,426.3,28.8,11,Blackgram
16.5,9.4,29.2,27.5,74.4,7.17,454,29.3,31.7,Blackgram
6.8,6.2,29.2,25,73.5,6.68,406.1,31.7,40.3,Blackgram
22.3,11.8,28.1,30.9,61.9,7.12,465.7,30.9,37.5,Blackgram
17.9,3,22.9,25,56.5,6.47,428.2,25.6,19.2,Blackgram
15.8,16.9,38.6,25,62.1,6.77,466.3,25.3,29.3,Blackgram
14.2,10.8,35.2,31.6,83.6,6.96,495.2,25.9,24.5,Blackgram
15.7,14.1,48.1,26.3,60.2,6.36,600,25.6,26,Blackgram
31.7,13.4,40.6,25,75.8,6.35,502.9,26.8,26.6,Blackgram
12.2,9.2,44.1,28.1,56.1,6.71,485.9,29.7,26.6,Blackgram
5,3,29.8,34.4,62.3,6.9,382.8,25,13.2,Blackgram
24.3,5.2,38.3,31.1,85.3,6.55,466.6,25.6,42.9,Blackgram
25.7,11.4,36.3,34.9,57.3,6.48,496,32.6,37.9,Blackgram
16,9.1,25.3,28.7,84.8,7.01,429.9,25,32.2,Blackgram
23.9,9.2,21.7,35,78.5,6.46,464,31.5,26.3,Blackgram
21.9,9.8,50.8,32,67.3,6.45,449.5,32.1,13.7,Blackgram
18.5,3.3,34.7,32.5,67.2,6.34,399.9,27.1,13.1,Blackgram
28.7,13.5,27.8,30,78,6.07,388.5,29.2,45.3,Blackgram
14.1,18.5,40.2,26.6,62.6,6.23,503.5,25.8,29.2,Blackgram
31.6,5,29.6,29.1,78,6.18,468.4,31.3,25,Blackgram
6.7,3,23,30.4,84.7,6,388,26.2,38.6,Blackgram
17.3,23.3,29.8,35,84.3,6.23,403,25,38.5,Blackgram
33.6,19.1,41.4,34,72.1,6.17,421.4,25.1,23.9,Blackgram
10.5,8,29.2,34.1,68.8,6.23,451,28.4,25,Blackgram
35.4,10,35.8,35,90,6.63,421.3,25,29.1,Blackgram
17.5,3,34.8,31.3,75,6.55,409,27.9,25.9,Blackgram
5,3,41.8,26.9,84.7,6.15,527,30.6,43.7,Blackgram
5,7.4,35.4,28.3,78.7,6.49,411.2,25.8,38.6,Blackgram
19.6,6,24,35,63.8,6.33,463.4,26.4,16.4,Blackgram
25.3,14,24.5,32,65.1,6.4,456.3,29.7,25.7,Blackgram
16.7,7.9,16.8,35,71.3,6.25,436.7,25.7,36.1,Blackgram
27.3,9.2,10.3,29.8,84.8,6.41,314.7,30.5,23.7,Blackgram
35.9,12.7,46.4,27.6,76.6,6.9,457.2,30,25.4,Blackgram
22.1,17.9,35.8,28.5,64.6,6.79,461.4,27.3,27.2,Blackgram
24,4,37.3,29.1,64,6.78,416.1,25.6,25.8,Blackgram
14.6,7.1,14.4,25,72.7,6.7,459.6,29.5,22.2,Blackgram
44.4,11.3,19.8,25.6,69.3,6.83,426,28.1,12.6,Blackgram
18,10.5,27,31.9,58.2,6.96,482.5,25.5,25.1,Blackgram
27.2,7.5,38.3,29.2,67.3,6.71,432.1,30.3,31.4,Blackgram
17.8,10,41,30.9,70.3,6.49,497.1,27.9,12.1,Blackgram
22.9,14.8,21.6,35,58.4,6.46,445.4,30.6,45,Blackgram
20.1,5,23.6,27.6,73.8,6.85,512.3,28.7,33.2,Blackgram
24.8,4.1,35.5,26.7,83.1,6.41,487.9,25,27,Blackgram
46.1,3,27.1,35,72.8,6.83,488.3,26.4,31.6,Blackgram
25.7,5.4,44.8,31.2,62.6,6.51,470.7,25.2,16.3,Blackgram
37.4,10.6,30.6,26.4,71.4,6.32,487.6,25,33.5,Blackgram
14.2,6.7,28,31.5,61.9,6.71,383.4,26.2,28,Blackgram
7.6,4.2,42.6,29.4,66.3,6.04,445,27.6,35.4,Blackgram
14.4,20.6,21.6,27.5,77,6.96,438.6,28.1,35.6,Blackgram
39,16,31.4,32,75.2,6.55,447.7,26.4,29.6,Blackgram
18.7,3,23.2,31.7,69.5,6.43,405.8,29.3,15.5,Blackgram
5,9.9,27.4,32.4,85,6.89,428.3,25,31.9,Blackgram
22.8,6.6,20.6,33,62.9,6.41,448.8,29.8,37.1,Blackgram
6.4,6.8,42.6,31.3,67.8,6.46,435.5,25.4,15.7,Blackgram
6.8,20.3,49,25,75.3,6.1,455,25.5,21.5,Blackgram
40,4.4,37,32.6,66.3,6.35,476.7,26.9,30.2,Blackgram
37.5,20.4,30.4,30.7,51.5,6.38,425.8,29.6,44.5,Blackgram
18.9,12.2,17.9,32.2,77,6.21,423.7,29.1,44.6,Blackgram
14.5,10.1,21.4,27,76.2,6.77,424.5,30,23.6,Blackgram
12.1,11,32,28.7,56.5,6.31,440.6,25,24.1,Blackgram
24.4,14.8,13.4,30.9,56.7,6.78,418.2,26.9,32,Blackgram
6.9,17.1,10,28.3,86.9,6.29,332.2,35,38.5,Blackgram
23.7,8.7,22.7,30.3,62.2,6.43,373.4,30.7,35.8,Blackgram
27.1,3,34.2,29.3,79.3,6.6,417.7,30.8,33.3,Blackgram
8.3,5.6,46.3,34.7,87,6.68,491,25,38.7,Blackgram
10.2,8.7,25.1,29.5,89,6.52,420.1,29.5,23.3,Blackgram
12.9,3,17.4,31.5,66.3,6.59,533.6,29.9,45.1,Blackgram
20.9,10.7,10.9,29.6,81.5,6.44,353.9,26.9,35.2,Blackgram
41.2,4.1,28.7,27.7,90,7.5,517.6,30.9,30.9,Blackgram
12.2,30,23.7,33.1,78.7,6.27,532.3,31.8,37.2,Blackgram
13.2,6.2,23.5,28,72.7,6.86,445.8,25,18.8,Blackgram
24.2,10.6,23.6,18.8,52.8,6.13,179.1,30,44.4,Lentil
26.2,15,37.7,24,47.3,6.14,158.4,16.9,33.8,Lentil
15.9,12.3,52.3,24.9,44.9,6.5,164.5,21.9,36.6,Lentil
23.3,15,37.5,23,48.1,6.09,141.4,23.8,20.5,Lentil
25.6,11.4,54.5,14.3,46.9,6.57,122.2,18.7,37,Lentil
31.7,17.8,53.9,13.7,48.7,6,234.1,17.3,33.2,Lentil
20.8,15.7,30.7,16.2,54,6.83,231.9,17.2,29.8,Lentil
30.4,27.6,39.1,20.7,56.4,6.32,197.8,16.5,19.2,Lentil
32.4,16.1,48.8,16.2,61.7,6.97,262.5,12.6,39.1,Lentil
34.7,11.4,31.5,22.4,52.2,6.62,185.9,18.3,12.3,Lentil
31.6,11.3,47.4,18.3,59.2,6,258.9,14.3,23.8,Lentil
25.9,12.8,34.3,23.5,49.5,6.38,253.8,15.7,38.6,Lentil
33.9,11.5,41.4,17.7,70,6.04,123.3,17.6,30.5,Lentil
31.2,10.5,43.7,17.6,65.4,7.68,225.5,17,42.1,Lentil
24.8,24.6,22.5,25,43,6.53,191.6,16,30.5,Lentil
12.9,8.7,58.9,16.9,36.1,6,166.5,16.4,38.5,Lentil
27.4,12.9,38,26.9,46.1,7.26,172.5,18.8,31.8,Lentil
35.7,10.9,37.4,13.9,47.5,7.29,191.3,21.2,33.3,Lentil
24.7,21.1,19.2,18,33,6,195.1,17.6,35.4,Lentil
8.7,11.4,42.4,17.5,61.1,8,243.4,13.9,40,Lentil
32.4,16.2,29.6,20.6,46.2,6.03,168.1,14.6,39,Lentil
28.2,17.1,37,25,47.5,6.88,213.5,19.8,27,Lentil
6.8,17,37.4,17,39.8,6,178.3,20.4,15.7,Lentil
35.9,31.3,33.3,21.2,56.3,7.54,164.3,20.7,49.7,Lentil
18.6,10.1,45.2,21.6,49,6.37,188.2,16.6,50,Lentil
31.5,20.2,45.2,26.1,32.3,6.3,183.9,18.4,45.9,Lentil
5,11.5,52.2,16.8,52.4,6.37,241.6,11.8,26.8,Lentil
21.6,6.9,53.1,17.3,30,6.06,287.1,16.7,23.4,Lentil
14.2,22.2,52.9,16.1,52.8,6.16,152.7,19.8,31.8,Lentil
27.6,15.3,30.3,19.6,48.2,6.67,218.4,17.1,31.4,Lentil
30.8,16.4,39.3,17.8,37.8,6.24,233.7,18.6,36.4,Lentil
56.7,13.4,50.2,20.4,34.6,6,100,16,40.6,Lentil
24.4,18.8,39.8,15.1,44,6.8,100,24.3,19.2,Lentil
27.9,12.9,45.2,24,59.4,7.5,147.2,14.2,20.9,Lentil
14,17.4,48,18.1,30,6,247.5,19.6,11.4,Lentil
19.9,18.8,29.8,20.6,30,6.53,166.3,22.2,42.3,Lentil
14.3,19.1,38.2,17.1,61.5,6,100,17.9,10,Lentil
31.6,19.1,34.5,19.6,55.8,6.87,219.2,17.7,16.5,Lentil
42.1,27.8,44.4,17.1,51.5,6.98,251.6,21.3,21.3,Lentil
27.7,25.4,42.5,15.7,48.1,6,228.9,12,39.2,Lentil
20.3,16.1,31,19,56.4,6.15,204.8,24.2,18.5,Lentil
24.3,25.3,23.8,15.2,41.2,6.42,170,22,26.6,Lentil
47.5,13.2,37.4,23.6,42.2,6.3,176.1,16.5,34,Lentil
24.5,12.7,58.5,22.3,51.7,6.42,249.8,18.1,34.8,Lentil
19.5,12.9,31.6,18.7,56.8,6.7,119.4,30,35.8,Lentil
22.8,26.6,45.6,18.4,49.4,6.89,300,16.3,26.6,Lentil
22.7,22,41.9,19,31.3,6.17,203.5,17.8,38.3,Lentil
21.8,19.5,31.9,19.6,35.5,6.38,151.8,22.4,31.6,Lentil
22.5,13.7,23.7,21,60,6,250.3,17.8,39.5,Lentil
21.8,20.9,43.8,17.2,46.9,6.4,203.5,14.6,37.7,Lentil
16,15.9,28.5,15.4,57.4,6.55,193.8,17.3,25.8,Lentil
27,13.6,25.1,18.3,51.2,6.25,228.1,14.9,29.6,Lentil
35.9,11.1,22.3,15.8,53.7,6.43,213.8,18.4,36.6,Lentil
25.4,23.9,53.3,19.7,58.8,6.31,188.5,17.8,10,Lentil
12.5,9.5,41.5,20.2,49.1,6.61,177.1,22.2,38.8,Lentil
33.7,20.6,39.2,15.9,44.5,7.18,201.6,18.3,30.6,Lentil
24.9,12.3,43,10.3,48.7,6.63,139.1,18.2,38.3,Lentil
25.7,11.1,24.9,21.4,39.5,6,216.4,14.7,46.4,Lentil
27.4,15.3,32.7,16,46.1,7.07,190.4,16.1,33.4,Lentil
36.4,19.3,38,25.4,41.2,6.86,245.3,21.1,28.6,Lentil
27,12.7,46.7,21.3,49,6.54,293.1,18.6,25.1,Lentil
12.3,19.6,32.7,22,70,7.11,221.7,17.1,21.5,Lentil
21.9,10.1,38.8,24.9,45.4,7.13,187.7,15.7,36,Lentil
16.2,20.6,44.6,28.4,39.9,6.5,236.2,15.5,41,Lentil
19.3,14.4,39.7,17.1,54.5,7.42,196.3,19.4,16.5,Lentil
30.7,20.3,49.4,17.6,39.7,6.2,200,17.1,32.3,Lentil
33.9,17.1,46.1,18.1,41.4,7.23,185.8,15.8,37.5,Lentil
18.8,12.9,25.2,18.6,45.8,6.11,100,19.2,36.2,Lentil
51,26.1,22.4,21.7,55.4,6.78,161.6,14.3,35.2,Lentil
17,16.3,44,17.1,47.4,6,158.5,15.2,31.9,Lentil
38.6,11.3,45.6,23.9,31.7,6.95,183.5,18,23,Lentil
19.2,17.3,38.1,16.4,49.6,6.94,240,14.8,39.3,Lentil
21.7,15,38.9,22.2,54.3,6.85,244.3,20.9,16.7,Lentil
14.6,19.5,56.1,20.9,39.3,7.43,188.2,19.4,32.9,Lentil
17.6,10.5,12,17.2,46.1,6.16,193,16.6,35.9,Lentil
18.1,14.8,30.3,19.8,57.4,6.11,100,13.7,18.4,Lentil
26.7,10.9,59.5,17.7,47.5,7.41,108.1,23.4,32.7,Lentil
31.5,8.9,36.3,22,30,7.2,267.1,20.6,30,Lentil
24.9,14,25.5,20.4,60.6,6,231.7,16.8,38.4,Lentil
18.4,21.6,37.3,22.3,57.7,6.44,137.3,18.9,33.9,Lentil
41.2,11.9,42.4,19.5,54,7.34,186.2,19.6,39.4,Lentil
37.7,12.8,44.7,18.7,67.9,6.31,100,17.6,37.5,Lentil
38.5,11.2,51.9,19.5,57.9,6.29,114.4,10.4,20.1,Lentil
25.4,14.8,24.3,20.7,45.6,6.06,180,13.8,30.9,Lentil
19.6,18.9,37.2,18.1,49.7,6.55,176.4,19.4,24.9,Lentil
18.2,27.9,26.4,17.1,48.6,6.39,166.8,21.9,42.7,Lentil
16.2,16.5,45.9,18,40.2,6.52,236.3,18.3,28.2,Lentil
26.8,14.1,42.4,22,52.6,6.74,189.4,19.5,28,Lentil
30,17.3,23.4,25.1,69,6,270,13.3,33.1,Lentil
32.4,13.9,48.5,17.1,55,8,184.4,21,29.6,Lentil
15.4,11.2,24.6,21.5,58.8,6.85,199.5,17.2,11.4,Lentil
20.3,9.9,41.9,21.5,58.1,6,212.1,15.2,16.3,Lentil
22.7,17,32.2,15.1,62.4,6.83,196.1,16.9,44.7,Lentil
34.9,10.6,47,14.4,53.6,6,293.2,17.4,28.1,Lentil
38.3,14.9,35.7,23.9,46,6.52,110.8,29.3,16.6,Lentil
20.7,15.8,29.1,18.6,49.4,6.51,233.4,15.2,27.4,Lentil
5,12.8,33.2,24.5,52.9,6.66,191.6,16.5,45.7,Lentil
29.9,7.9,40.6,24.6,56.8,6,191.6,16.6,16.2,Lentil
22.1,17.3,40,20.6,60.8,7.64,274,16.3,22,Lentil
33.9,14.6,62.4,22.6,30,6.09,181.3,11.8,23.9,Lentil
11.1,28.6,33.8,22.8,45,6.98,129,16.9,29.7,Lentil
24.5,16,44.2,21.6,51.2,6.07,181.9,20.4,32.9,Lentil
18.4,21.7,43.3,17.3,58.9,6.86,131.6,16.4,41.7,Lentil
5,17.2,39.7,17.2,56.9,6.73,218.5,18.4,32.5,Lentil
26,26.4,27.4,20.4,45.7,6.86,263.7,18.4,38.1,Lentil
6.6,10.8,41.3,18.4,67.4,7.61,202.7,14.3,34.5,Lentil
14.9,17.2,39,20.4,60.4,6.18,163.3,20.4,21.7,Lentil
23.2,9.8,51.5,16.3,57.9,6,195.2,22.7,41,Lentil
26.2,21.1,32,21.4,56.9,6.45,222.2,17.1,45.7,Lentil
25.7,14.1,42.1,21.5,52.8,7.16,225.3,22.5,30.5,Lentil
24.7,20.4,52.8,18.7,38.8,6.93,215.7,23.7,38.1,Lentil
29.2,16.5,47.1,18.2,45.1,6.99,116.6,17.5,12,Lentil
14,13,40.5,17.6,49.1,7.84,104.4,23.6,19.9,Lentil
11.7,7.6,59.8,21.3,45.6,6,283.5,18,42.6,Lentil
37.4,17.8,45.7,16.4,48.5,7.34,194.7,13.9,40,Lentil
29.5,18.8,23.3,23.7,63.1,7.25,232.5,18.2,15,Lentil
29.7,15.3,26.4,18.5,41.6,6.58,119.8,12.4,32,Lentil
20,22.2,45.5,21.1,38.4,6.69,232.4,17.6,16.5,Lentil
27,14.6,41.4,15.7,31.1,8,247.5,18.8,36.9,Lentil
43.1,17.8,39.3,18.8,56.7,6.52,237.3,21.9,33.2,Lentil
21.9,21.1,37.2,20.2,34.4,6.07,150.1,13.1,31.9,Lentil
14.9,21.3,42.8,25.7,54.1,6,211.2,17.3,24.7,Lentil
10.3,7.7,43.7,16.8,30,7.27,203.3,22.4,36.8,Lentil
24.9,7.5,51.2,23.1,44.5,6.64,177.8,23.3,50,Lentil
33,21.3,57.5,21.8,43.8,6.44,159,16.2,35.4,Lentil
29.4,15.7,36.4,22.2,48.3,6.99,216.4,19.4,28.9,Lentil
29.2,7.4,51.1,18.9,57.4,6.28,216.5,16.6,33.9,Lentil
28.8,23.2,33.3,20,34.1,6,112.2,20.1,16.7,Lentil
26.1,20.1,44.4,18.6,50,6,100,16.7,17.2,Lentil
52.1,7.4,47.7,19.6,66.1,7.08,277.8,12.8,38.5,Lentil
19.6,14.8,33.9,21.8,67.9,6.39,217.3,21.9,49.7,Lentil
16.9,19.7,25.2,19.9,49.6,6.33,234.1,17.9,26.1,Lentil
19.6,10,23.2,18.5,63.3,6.96,193.1,14.1,41.8,Lentil
27.6,18.4,54.3,19.6,51.5,6.1,139.8,10,26.1,Lentil
28.4,14.9,48.9,19.8,61,6.46,231.5,24.9,37.1,Lentil
5,12.6,41.5,17.3,61.3,6.12,173.9,15.8,36.6,Lentil
11.7,16.6,30.1,21,56.7,6.33,175.7,21.4,25.9,Lentil
16.4,11.8,39.5,16.6,42.7,6.64,209.9,20.2,19.1,Lentil
35.5,11.1,49.2,18.4,49.8,6.04,200.8,16.5,24.6,Lentil
22.5,12.3,53.7,17.3,52.9,6.24,230.8,18.3,15.2,Lentil
21.3,16,40.4,20.2,45.8,6.46,190.4,16.9,33.1,Lentil
13.7,5,48.7,20.3,66.8,8,192.4,19.1,14.5,Lentil
34.5,12.2,52,20.1,64.7,7.13,203,17.4,31.3,Lentil
19.4,12.4,58.8,20.2,43.7,7.01,278.6,16.3,46.7,Lentil
37,15,38.9,22.6,52.9,7.68,213.7,17.4,33.4,Lentil
27.4,14.1,34.2,16.5,52.5,7.46,185.5,22.6,36.9,Lentil
35.8,20.6,54.5,23.2,52.4,6.97,197.7,15.5,18.4,Lentil
19.4,20.4,40.4,21,56.7,6.29,299,18.2,25.5,Lentil
40.1,8.5,45.4,15.2,44.9,6.38,141.3,12.7,28.7,Lentil
28.3,14.5,35.1,19.3,62.7,6.12,161.4,15.2,29.9,Lentil
15.9,20.7,37.3,23.8,41,6.18,192.7,18,11.7,Lentil
22.9,17.1,37.9,30,41.7,6.84,218.4,15.6,15.7,Lentil
28.8,12.6,52.4,18.6,45.8,6.6,113.7,19.4,12.2,Lentil
28.6,15,41.5,18.7,43.2,6.88,219.1,18.9,15.8,Lentil
35,13.6,32.5,19.9,51.2,6.97,220.9,19.7,39.6,Lentil
10.1,7.9,63,24.1,67.2,7.09,177.5,13.3,22.4,Lentil
27.3,15.5,40.5,24.3,31.1,6.75,124.5,21,15.3,Lentil
9.2,5.9,64.5,19.2,49.9,6.58,100,14.9,26.4,Lentil
12.2,22.1,43.7,22.6,48,6.09,266,19.2,33.2,Lentil
31,18.3,38.2,18.3,44.4,6,205.6,20.4,26.8,Lentil
25.9,14.5,32.4,18.4,52.3,6.58,243,16.2,31.2,Lentil
11.7,14.7,54,18.9,61.4,6,205.4,15.1,13.1,Lentil
27.3,16.4,38.1,20.9,52.6,6.46,162.5,14.8,31.7,Lentil
30.5,19.8,43.3,18,53.3,6.53,173.3,16.9,17.1,Lentil
21.2,17.8,44,19.4,32.6,6,224.8,22.5,40.4,Lentil
30.7,26.8,37.5,30,64.1,6.21,255.9,17.1,34.8,Lentil
18.5,18.4,49.5,22.5,61.4,6.4,214.4,21,33.3,Lentil
9.9,14.9,41.9,15.7,30,6.8,226.9,15.9,34.3,Lentil
20,22.3,58.3,18.2,41.8,6,161.1,24,37,Lentil
27.5,20.1,28.4,24.3,48.9,6.4,260.3,19.1,14,Lentil
24.7,5,32.7,24.1,57.2,6.83,300,15.3,22.5,Lentil
17.5,11.5,35.7,16.4,70,6.61,231.2,18.3,18.3,Lentil
19.9,16.2,26,22.6,66.7,6.49,246.9,18.5,29,Lentil
20.5,13.9,35.7,18.8,53.7,7.13,193.3,17.1,14.1,Lentil
20.6,14.5,42.3,20.1,44.4,6,168.4,12,34.6,Lentil
20.6,33.6,33,20.9,30,6.82,120.7,17.3,36.2,Lentil
25.3,15.8,52.1,23.4,35.4,6.78,157.9,18.9,38,Lentil
24.5,16.3,14.8,22.1,50.9,6.62,190.3,20.1,26.4,Lentil
27.8,10.3,38.3,18.2,34.9,6,151.1,19.4,43.4,Lentil
29.1,14.6,40.2,24.5,61.8,6.6,191.9,19,36.8,Lentil
29.6,16.7,37.6,15.3,64.4,6.71,266.5,14.1,27,Lentil
19.1,26.4,43.3,19.3,30,6.27,228.2,16.6,29.2,Lentil
29.3,18,51,21.3,33.3,7.17,201.3,13.1,32.1,Lentil
22.4,13.1,44.1,18.4,44.3,6.28,142.4,17.3,30.8,Lentil
35.5,6.2,40.2,20,46.8,6.09,192.9,20.2,47.6,Lentil
23.6,12.8,54.5,19,50.4,7.38,183.4,14.2,43,Lentil
30.1,20.6,60.6,17.6,50,6.95,297,21.2,17.7,Lentil
5,8.5,28.6,22.7,50.9,7.18,202.9,20.2,44.7,Lentil
32.5,14.3,43.9,20.6,46.8,6,235.3,21,48.6,Lentil
28.9,17.8,60.8,17.9,41.8,6.94,234.5,15.4,36.1,Lentil
30.9,11.5,23.5,21.7,52.2,6.41,207.3,19.5,42.8,Lentil
19.4,11.1,30.4,21.6,58.2,6.56,159.6,17.4,29.6,Lentil
36.1,7.7,36.6,21.8,56.9,6.46,288.2,20.9,37.1,Lentil
37.3,18,52.2,18.4,59.2,7.74,288.8,14.5,34.1,Lentil
21.9,15.7,57.6,21.2,58.1,7.01,263.4,16.6,37.9,Lentil
18.6,16.7,48.6,18.5,63.1,6.14,287.1,17.4,19.2,Lentil
22,15.2,42.5,19,64,7.13,146.6,15.8,34.8,Lentil
22.9,23,48.8,19.2,59.5,6,268.6,19.7,44.4,Lentil
17.2,14.1,43.6,17.5,57.3,6.14,193.8,21.5,45,Lentil
34.6,20.7,37.5,24.4,64.6,7.19,117.9,15,33.1,Lentil
18.5,25,46.5,20.9,46.1,6.3,163.4,16.3,41,Lentil
28.4,15,47.8,17.9,38.3,6.51,260.6,16.3,36.8,Lentil
29.1,8.9,34.8,17.1,48.9,6.97,247.3,13.8,32.4,Lentil
29.3,19.7,39.5,15.3,47.8,7.33,161.6,16.3,20.4,Lentil
18,23.4,39.1,17.9,47.7,6.07,228.8,16.8,23,Lentil
36.7,13.7,34.4,16.2,48.1,6.93,193.2,17.1,30.4,Lentil
20.4,14.4,50.7,15.5,59.6,6.11,186.1,16.5,10,Lentil
26.7,12.4,37.9,20.9,41.5,6.28,144.9,15.7,40.3,Lentil
29.1,22.9,24.7,19.2,55.5,6.21,300,16.4,14.9,Lentil
48.3,18.1,60.6,16.4,37.9,6,116.3,19.1,50,Lentil
19.2,7.2,42.9,12.9,48.5,6,247.3,19.5,41.4,Lentil
37,5,42.3,24.9,51.4,7.19,300,17.7,25.1,Lentil
19.6,22.4,37,15.5,49.3,6.48,159.6,17.4,40.8,Lentil
15.5,19.6,33.4,21.3,30.4,6.2,100,17.1,10,Lentil
7.8,16.8,48,22.6,60.6,6.05,244.5,30,30,Lentil
33.4,17.1,41.8,20.8,45.5,6,300,14,24.5,Lentil
21.6,17.1,46.8,20.5,54.1,6.85,100,16.9,22.4,Lentil
31.9,19.2,35.8,24.8,57,6.61,175.8,12.5,24,Lentil
15,16.8,38.9,19,30,6,197.3,18.1,33.8,Lentil
29.9,18,43,23.1,46,7.74,180.5,14,26.1,Lentil
42,14.2,37.7,22.2,46.7,6.52,145.5,15.5,29.2,Lentil
19.4,5,37.5,19.5,64.7,6.87,191.8,23.7,32.4,Lentil
18.8,16.8,43.9,23.1,43.9,6,254.7,12.5,43.4,Lentil
8.2,13.2,21.8,18.5,48.3,6.09,225.3,24.6,37.2,Lentil
14.7,16.8,42.3,27.1,43.6,8,221.7,11.9,27.6,Lentil
33.5,5,55.3,15.6,38.4,6.24,225.8,19.6,28.2,Lentil
17.8,14.1,46.7,25.6,59.9,6.09,100,20.2,27.7,Lentil
17.6,11.6,44.7,17.1,57.1,7.13,300,14.1,18.5,Lentil
17.9,13,45.2,19.2,48.4,6.67,114.8,18.1,25.5,Lentil
26.6,27.3,31.3,23,46.2,6.24,157.8,20.6,31.7,Lentil
40.4,17.8,23.4,19.8,30,7.18,119,16.6,22,Lentil
24.1,9.6,31.5,16.1,56.7,6.59,136.6,21.8,27,Lentil
39.9,16.1,29.6,16.6,62.8,6.02,245.3,14.8,21.4,Lentil
11.3,12.3,55.8,15.6,52.3,6.94,197.1,18.4,43.2,Lentil
24.3,13.2,28,22.6,55.8,6.83,216.7,20.4,31.9,Lentil
18.7,9.2,95,19,35.9,6,127.9,27.6,33.5,Lentil
5,14.7,26.9,19.7,62.6,6.21,198.6,13.4,50,Lentil
5,5.3,46.6,14.5,43.9,6.45,179.5,17.3,23.4,Lentil
36.1,17.8,37.2,21.2,30,6,248.1,17.5,32.6,Lentil
29.2,15.1,46.3,20,55.2,7.2,171.2,17.6,19.6,Lentil
28.3,7.2,55.9,20.8,62.8,6.05,126.9,17.7,33.6,Lentil
42.7,18.5,34.2,18.8,31.4,6.28,293.2,17.8,42.4,Lentil
37.4,18.4,30.3,18.7,67.2,6.24,118.2,20.4,36.1,Lentil
19.1,5.2,33.1,21.9,55.9,6.28,171.1,13.9,28.2,Lentil
27.1,22.5,24.1,16.9,70,6.05,231.8,18.5,22.4,Lentil
21.8,21,57.3,21.4,47.1,6,272.5,10,50,Lentil
25.7,19.4,32.2,19.9,54,6,214.5,15.9,23.7,Lentil
25.5,10.8,20.1,22.4,50.2,6,133.8,22.1,38,Lentil
7.1,13.7,44.1,23.1,47.4,6.72,173.5,17.2,50,Lentil
32.4,13.6,20.6,21.3,53.3,6.13,227.6,14.5,40.2,Lentil
38.7,19.7,36.4,21,47.6,6.94,232.9,18.4,31.9,Lentil
34.4,7.5,30.3,23.5,54,6.49,187.8,21.4,37.2,Lentil
17.9,15.1,36.8,14.8,62.1,6.79,195,20.1,20.8,Lentil
34.4,15.9,34.5,15.7,46.5,6.42,207.3,21.9,34,Lentil
13.3,9.9,41.9,18.6,55.3,6.01,290,18,37.9,Lentil
34.3,20.9,39.6,20,52.5,6.75,219,17.2,14.9,Lentil
20.1,17,48.3,21.2,54.4,6.76,226.9,20.9,45.7,Lentil
15,15.1,52.4,18.4,58.6,6.91,149.1,15.2,17.6,Lentil
13.1,17.5,43.7,24.7,63.7,6.88,239.3,19.6,19.9,Lentil
18.3,15.4,40.8,22.3,43.8,6.41,197.7,13.9,36.9,Lentil
31.3,9.2,39.6,14.2,56.3,6.3,224.3,19.4,10,Lentil
24.1,15.8,42,22.7,53.5,7.16,245,20.7,24.7,Lentil
20.3,10.2,41,15.7,41.1,6.43,100,10,22.3,Lentil
37.7,14.2,35.5,18,46.6,6.53,224.6,18.2,20,Lentil
16.6,16.1,44.4,18.5,62.6,6.46,186.3,17.2,14.4,Lentil
28.2,22.2,44.3,21.2,53.7,6.09,293.1,13.7,33.3,Lentil
13.1,12.8,48.4,17.6,48.6,7.03,110.4,26.2,50,Lentil
25.4,15.3,42.6,19.2,49.2,7.09,157.9,19.4,28.8,Lentil
5,23.3,47.7,23.3,44.2,6.93,148.2,14.6,16.2,Lentil
21.2,11.5,49.6,18,44,6,166.8,17.1,38.7,Lentil
9.9,17.8,22.3,20.7,43.7,6.44,181.1,15.8,27.2,Lentil
16.8,14.1,57.8,16.6,52.6,6,104.1,21.1,36.7,Lentil
6.3,17.7,41.5,22.8,41.9,6.73,212.9,23.4,18,Lentil
26.4,15.4,35.2,20.7,50.9,6,121.6,17.4,20.9,Lentil
38.9,15.5,49.4,22.7,46.3,6.52,294.9,22.5,28.3,Lentil
9.7,17.5,43.6,23.6,64.9,6.39,219.6,18.7,44.2,Lentil
25.7,7.3,10,21.7,43.2,6.97,127,15.3,17.4,Lentil
43.7,17.2,51.2,19.4,52.9,6.55,291.1,17.5,31.6,Lentil
30.8,16.1,39.9,20.6,62.4,6.98,211.8,13.3,23.9,Lentil
18.7,20.3,33.8,22,67.1,7.42,279.3,16.4,24.5,Lentil
23,15.9,42.5,20.8,40.6,6.4,202.1,19.7,28.3,Lentil
45,16.1,48,18.1,48.1,6.27,280.4,13.7,27.9,Lentil
40.3,12.8,48.2,16.4,67.5,6.26,187.2,17.3,41.4,Lentil
37.5,11.8,42.4,18.9,45.7,6,295.3,17.7,45.1,Lentil
25.9,19.5,44.4,19.6,54.1,8,232.7,13.3,24.2,Lentil
19.9,20.2,45.8,26,65.3,6,299.8,20.9,50,Lentil
13.2,27.9,30.4,20.4,30.4,6.71,285.6,15.2,28.6,Lentil
30.7,11.7,30.5,16.4,39.7,6.82,254.6,14.3,30.4,Lentil
9.7,18.3,37.3,24.6,44.3,6.29,116.7,19,35,Lentil
48.4,15.4,36.8,16.8,53.2,7.6,158.1,16.3,23.2,Lentil
35.9,8.6,56.8,20.3,50,6.53,154.4,21.5,29.6,Lentil
27.6,18.3,32.9,20.4,42.9,6.99,196.1,14,13.7,Lentil
37,11.6,50.6,18.2,55.7,6.25,100,13.7,50,Lentil
23.1,17.6,31.7,17.4,53,6.81,195.2,23.6,16,Lentil
32.8,7.5,26,18.8,50.9,6.35,164.9,20.1,27.3,Lentil
16.3,14.9,29.7,19.7,43.3,6,216.6,18.4,26.6,Lentil
12.7,11.5,18.4,17.3,40.6,6.76,289,22,23.6,Lentil
19.6,18.4,46,21.9,47.6,6.73,266,21.8,36.9,Lentil
27.8,5,54,18,32.5,6.74,300,20.8,35,Lentil
28.3,16.5,30.2,20.3,53.5,6.55,195.2,15.7,34.8,Lentil
8.8,26.8,24.8,18.4,53.8,6,172.4,23,25.3,Lentil
20.6,16.1,24.6,19.5,33.1,6,208.4,13.2,33.7,Lentil
14.8,13.6,31.2,13.6,54.5,6.56,300,15.9,13.6,Lentil
22.4,21.9,37.8,22,59.4,6.79,230.9,12.5,17.9,Lentil
27.5,13.5,44.8,16.4,44.2,6.76,190.2,17,16.9,Lentil
19.2,18.1,43.1,21.2,33.5,6,300,21,50,Lentil
35.7,19.9,43.6,23.2,62.1,7.08,197.5,17.2,16.9,Lentil
16.2,5,18.3,17.2,57.5,6.74,239.3,19.4,50,Lentil
22.7,15.8,35.2,17.5,65.3,7.18,176.9,21.9,40.3,Lentil
32.3,11,38.8,13.9,44.2,6.37,206.7,18.5,10,Lentil
21.6,10.7,33.9,14.6,36.7,6.34,170.3,20.4,29,Lentil
45,10.6,39.6,18.2,49.5,6.49,226.1,13.2,36,Lentil
21.7,20,33.2,18.1,44,6.11,198.9,14.9,32.4,Lentil
14.2,7.6,42.7,25.9,40.8,6.46,156,20.6,42.4,Lentil
30.1,15.4,59,16.7,51.9,6,219.7,21.1,22.5,Lentil
30.8,21.7,25.4,16.7,45.2,6.64,220.6,24.4,43.5,Lentil
22.1,15.7,67,17.1,59.7,6.98,176.7,17.8,31.1,Lentil
14.4,13.7,50.4,16.8,49.9,6.56,100,15.1,13,Lentil
31.7,22.3,28.5,19.1,50.6,6.06,188.9,18.5,36.8,Lentil
19.1,12.7,27.3,16.3,47.9,6.23,250.6,17.8,17.1,Lentil
29.5,20.2,39.3,18.7,56.3,6.2,223.3,19.1,37.8,Lentil
42.8,14.1,14.1,20.5,68.9,6,165.2,17.3,25.7,Lentil
25.9,10.6,41.2,21.4,57.4,7.01,190.8,13.9,37.3,Lentil
21.3,16.7,36.3,21.4,58.1,6.27,144.9,18.4,20.9,Lentil
13.7,11.7,54,16.5,35.6,6.32,239,19.4,23.9,Lentil
19.4,11.1,37.5,18.6,31.1,6,181.8,16,23.2,Lentil
34.7,18.1,47.5,15.3,50.6,6.44,123.1,18,40.7,Lentil
21.6,18.2,65.6,18.7,58.8,6.3,182.6,19.6,31.3,Lentil
34.9,20.8,25.5,21.3,32.7,6.27,176.8,20.1,35.2,Lentil
35.6,10.9,35.5,22.1,53.7,6.06,231.2,20.2,38.3,Lentil
48,10.8,55.8,20.1,61.8,6.37,234.6,16.9,27.1,Lentil
29.8,13.4,28.4,21.8,40,6.29,239.4,14.5,16.6,Lentil
32.9,13.8,49,16.4,52.8,6.14,157.9,17.9,10,Lentil
9.3,23.2,26.9,19.2,34.1,6.95,232.8,22.5,31.8,Lentil
28.7,16.5,47.9,13.1,44.3,6.26,169.6,18.4,29.9,Lentil
10.4,15.8,48.8,17.9,30,6.74,239.6,15.8,14.3,Lentil
5,5,39.3,18,53.8,6.38,155.5,23.5,23.1,Lentil
6.1,18.4,27.2,21.5,51,6.75,158.9,14.8,32.6,Lentil
25.9,22.4,36.6,23.1,59.4,6,210.8,14.8,24.4,Lentil
25.7,13.8,60.5,18.7,41.3,6.74,216.7,22.7,50,Lentil
27.2,15.1,49.9,18.8,45.9,6.76,143.6,28.7,30.8,Lentil
19.8,16.1,48.5,24.7,36.5,6,300,23.8,43.1,Lentil
32.1,11.4,35.4,15.3,53.3,6,242,15.7,43.7,Lentil
23.9,5.6,56.2,22.9,47.6,7.11,179.5,16.7,50,Lentil
35.3,23.1,43.7,21.7,44.7,6.97,187,21.9,30,Lentil
9.3,15.3,29.3,16.9,52.9,6.52,188.6,13.5,50,Lentil
17,15.2,38.2,19.2,37.7,6.25,120.5,14.7,31.1,Lentil
20.5,18.3,46.3,23.6,43.9,6,232.9,17.4,50,Lentil
19.5,12.1,35.9,25.7,48.7,6.46,175.7,14.7,30.6,Lentil
37.7,14.7,39.6,23.5,52.1,6.62,199.1,14.6,24.2,Lentil
25,16.5,49.6,16.3,42.7,6.84,164,24.4,34.7,Lentil
28.4,17.5,51.7,24.9,43.9,6.55,212.1,15.4,10.9,Lentil
12.6,9.9,41,16.6,35.8,6.17,204,15.9,36.6,Lentil
5,5,24,11.1,54.4,6.01,140.1,21.2,28.6,Lentil
30,16.4,55.5,20.5,37.5,7.14,224.2,15.4,35.6,Lentil
28.2,24.2,52.6,29.4,43.1,6.62,222.6,23.3,33.2,Lentil
13.1,17.3,36.8,19.1,44.5,6.22,239.3,18.3,24.9,Lentil
21.8,17.7,45.5,22.2,53,7.49,123,14.6,24.2,Lentil
12,5,27.4,17.1,63.2,6,267.9,18.6,21,Lentil
24,22.2,46.4,23.2,66.1,6.6,298.4,25.2,34.4,Lentil
41.2,15.8,45.5,24.5,60.9,6.48,300,23.6,41.3,Lentil
24.5,12.3,39.1,21.3,45.1,6.72,168.8,15.9,24.1,Lentil
19.6,16.9,41.9,15.7,53.3,6.77,225.3,23,41,Lentil
60,12.5,39,20.4,56,6.57,145.9,15.1,35.4,Lentil
35.5,8.9,36.2,20,46.8,6.46,195.5,21.2,33.6,Lentil
24.5,23,57.4,21.8,43,8,100,18.8,23.5,Lentil
21.4,23.2,30.7,25.6,45.6,6,152.8,16.4,22.5,Lentil
19.7,23.3,26.8,19.7,50.7,7.01,228.5,26.4,29.2,Lentil
35.7,19.5,29.4,18.5,43.7,6.47,160.9,11.1,40.7,Lentil
31.9,8.4,53,20.2,37.7,6,185.5,21.7,30.1,Lentil
27.8,9.9,56.8,20.9,45.3,6.16,228.5,19.2,30,Lentil
27,18,32,18,60.3,6.21,230.8,15.1,15.6,Lentil
41,13.2,51.1,21.4,60.4,6.4,127.7,12.6,26.3,Lentil
41,15.9,39.2,25.1,70,7.41,222.6,20.5,39,Lentil
23.9,5,39.2,30,70,7.01,171.2,21.4,33.5,Lentil
8.3,7.8,36.6,19,38.9,6,180.6,16.3,28.3,Lentil
14.6,19.1,19.6,20.8,49.3,6.11,192.4,18.9,50,Lentil
29.5,17.8,50.4,24.2,53.6,7.16,259.1,16.6,24.6,Lentil
15.6,16.6,42.5,20.5,57.8,6.36,217,21.7,13.6,Lentil
45,14.1,36.2,23,50.9,6.75,265.6,11.9,22,Lentil
20.7,26.7,47.9,18,50.8,6,183.8,12.8,38.4,Lentil
21.4,19.8,42.3,21.3,66.6,6.23,174.1,16.7,36.1,Lentil
21.8,17,53.3,19.2,40.7,7.09,290.3,18.7,38.2,Lentil
29.7,13.4,34,22.9,34.4,6.76,220.4,17,10,Lentil
29,13.2,29.8,23.4,43.5,7.25,154,22.8,40.1,Lentil
5,23,27.9,17.2,45.2,6.59,117.3,17.3,32.4,Lentil
32.2,14.7,53.9,22.4,33.9,7.01,144.1,20.8,34.7,Lentil
32.8,17.8,26.7,21.4,55.9,7.06,250.6,15.5,34.4,Lentil
20.9,5,44.6,18.3,53.2,6,227.9,18,29.2,Lentil
7.2,24.8,59.4,21.5,45.1,6.69,211.7,20.5,29.8,Lentil
9.5,14.3,27.1,23.6,44.8,6.74,192.5,15.2,24.7,Lentil
12.7,11.7,35.5,18.2,55.1,6.43,172.5,15.9,32.4,Lentil
17.3,19.8,41.1,17.6,49.9,7,151.2,19.4,34.7,Lentil
35.1,16.2,57.8,22.4,32.6,6.51,159.1,22.2,26.9,Lentil
42.1,28.6,55.9,21.8,62.2,6.53,222.4,18,15.9,Lentil
40.5,16.4,25.1,19.1,52.5,6.37,272.6,18.1,14.7,Lentil
17.8,20.4,38.6,19.4,56.7,6.48,214.2,16.8,12.2,Lentil
21.2,24.2,31.2,20.7,43.1,6.42,214.6,17.2,28.2,Lentil
36.5,11.4,56.8,17.9,64.3,6.81,200.7,18,19.8,Lentil
30,19.3,38,21.1,36.1,6.92,282.6,16,50,Lentil
33.1,21.7,28.5,16.7,42,6,236.8,19.9,39.4,Lentil
41.3,8.9,56.2,20.7,46.5,6.46,186.7,18.3,36.1,Lentil
38.4,7.6,37.5,21.8,52.8,6.94,179.7,20.2,23.5,Lentil
19.6,14,20.1,22.2,46.4,6.46,141.2,21.6,40.7,Lentil
27.3,18.8,32.1,19.7,67.4,6.79,174.6,24.8,26.4,Lentil
26.7,10.2,40.4,21.5,47.9,6.27,258,17.2,34.8,Lentil
25.2,23.9,40.8,21,41.2,6.11,260,17.7,32.9,Lentil
32.2,25.4,55,17.5,63.3,6.4,236.4,18.4,10,Lentil
40,11.5,56.2,21.9,48.8,6.52,100,19.4,36.3,Lentil
24.9,19.9,54,15.7,68.4,7.27,202.1,15.6,33.9,Lentil
23.7,14.8,46.5,19.1,58.3,6,274.6,23.4,21.3,Lentil
14,16.2,54.2,19.9,43.6,7.12,152.3,21,30.7,Lentil
32.3,21.8,29.4,18,31.6,6.8,128.3,17.4,10,Lentil
28.1,11.9,38.4,16.8,30,6.45,211.8,12.9,35.8,Lentil
15,11,46.8,26.4,30,6.42,198.7,20.3,19.9,Lentil
10.3,10.1,40.4,25.2,60.9,6.16,219.4,20.6,24.6,Lentil
35.1,14.6,43.3,17.7,64.1,6.48,235.8,17.7,19.5,Lentil
21.9,19.6,48.6,26.3,40.9,6.63,166.7,20.8,20.7,Lentil
5,15.9,42.3,18.4,41.3,6.65,166.6,20.3,35.9,Lentil
28.5,11.6,43.3,21.5,48.2,6.42,213.4,18.9,29.1,Lentil
16.6,20.4,34.5,20.7,53.7,6,256,21.1,32.9,Lentil
39.3,12.5,50.3,20.8,54.9,6.05,126.4,21,37.7,Lentil
24.5,5.3,31.5,21.8,38.2,6.15,282.3,21.1,20.9,Lentil
41.3,16.8,38.9,21.7,54.9,6.09,204,13.7,17.6,Lentil
30.6,13,33.6,30,41.9,6.76,253.3,18.5,45.3,Lentil
28.3,18.5,31.9,14.5,59,6.18,157.3,17.6,37.2,Lentil
27.1,12.2,26.1,19.1,58.3,6.45,223.8,20.7,28.4,Lentil
29.1,9.4,36.7,23.4,38.8,6,166.6,13.7,37.2,Lentil
13.8,13.2,54.2,19.4,38.9,6,167.2,18.8,35.6,Lentil
43.5,30,54.3,19.9,45.4,8,230.7,14.8,30.7,Lentil
17.7,8.5,49.1,16.1,46.8,6.16,252.5,20.5,21.6,Lentil
21.7,9.9,32,30,37.8,6.13,105.3,20.2,44.5,Lentil
21,10.2,39,23.9,32.6,6.23,187.4,14.4,18.6,Lentil
38,11,44.7,19.8,55.9,6.59,164.3,15.9,43.3,Lentil
6.1,11.7,33.3,23.4,54.6,7.78,226.4,12.9,37.7,Lentil
25.7,12.4,74.4,16.5,40.1,6.98,111.2,23,26.6,Lentil
24.2,29.7,37.4,23.2,57.3,6.83,224.1,19.1,10,Lentil
6.8,22.8,38.9,25.3,52.7,6.74,211.2,16.9,16.2,Lentil
13.3,18.3,45.6,18.2,53.8,6.83,213.9,17.6,19.4,Lentil
28.2,18,51.1,13.2,50,6.85,260.5,15.8,50,Lentil
15.8,20.7,43.1,20.1,38.3,7.98,284.8,21.3,13.7,Lentil
18.5,13.5,35.4,20.8,43.8,6.21,204.9,19,40.6,Lentil
19.2,19.6,45.8,23.4,49.1,6,200.4,16.6,22.5,Lentil
44.5,14.8,23,19.4,56.2,6.97,189.1,17.4,38.1,Lentil
32.2,8,52.6,19.4,54.2,6.59,191.8,12.4,40.7,Lentil
28.3,10.9,59.2,22.4,70,6.79,232.7,24.6,32.1,Lentil
29.4,12.7,41.6,19.5,48.9,7.26,173.6,17.4,28.1,Lentil
23.4,11.6,55.9,15.6,36.8,6.74,116.7,21.4,18.9,Lentil
28.8,5.3,53.4,16.3,64.5,6,282.2,16,36.8,Lentil
36.6,18.2,48.5,19.8,65.3,6.97,213.5,18.6,17.1,Lentil
13.7,5,46,20.1,64.1,6,158.9,17.9,34.4,Lentil
10.3,13.6,29.1,20.3,61.9,6.28,218,15.6,16.3,Lentil
5.3,22.5,50.5,24.7,60.8,7.22,236.1,16,21.5,Lentil
18.2,21.2,47.8,17.4,45.8,6.9,199,23.8,28.3,Lentil
17.1,18.3,44.1,19.7,63.8,6.62,177.5,13.3,38.9,Lentil
55,31.6,39.1,36.6,42.3,6.23,574.4,33.5,56.2,Pomegranate
26.1,38,86.7,34.4,63.4,6.41,499.4,33.5,34.4,Pomegranate
42.6,28.3,79.3,35.4,46,6.58,534.8,29.7,29.3,Pomegranate
77.9,31.3,54.1,34.6,45.5,6.41,741,27.5,30.4,Pomegranate
23,6.8,57.9,32.5,42.7,6.62,561.5,36.8,24.1,Pomegranate
54.6,17.3,70.1,32.4,48.8,6.05,323.3,40,40.2,Pomegranate
65.7,30.4,34.2,35,59.4,6,479.1,30.2,24.4,Pomegranate
58.7,48.1,78,36.6,54.6,6,551.2,25,22.9,Pomegranate
57.7,28.7,82.8,36.1,49.5,6.94,431.8,26.9,34.8,Pomegranate
85.8,11.2,40.8,33.7,44.2,6.74,502,27.8,19.3,Pomegranate
33.2,29.6,78.8,40,45.1,6.26,497.7,37.7,21.5,Pomegranate
70.7,43,64.3,31.6,38.4,6.58,522.5,30.4,33.3,Pomegranate
10,16.1,63.8,37.7,43,6.13,482.7,31.9,27.8,Pomegranate
58.4,26.5,64.2,38.7,55,6.41,736.8,27.4,24.4,Pomegranate
67.5,31.9,54.3,40,54.9,6.32,459.4,25,17.2,Pomegranate
32,31.7,54.1,33,50.6,6.07,614,28,18.9,Pomegranate
27.8,44.3,71.1,37.7,30,6,635.6,29.2,10,Pomegranate
45.8,51,95.1,37.3,46,6.7,435.7,36.6,33.6,Pomegranate
39.8,37.2,52.8,33.3,53.4,6.22,587.6,30.5,24.8,Pomegranate
10,27.7,81.8,38.3,51.8,6.85,300,31,34.8,Pomegranate
48.2,30.2,78,32.5,61.6,6.61,604.9,25,12,Pomegranate
63.7,19.7,53.5,38,41.3,6.62,675.5,25,36.1,Pomegranate
48.1,30.5,118.6,36.1,47.8,6.89,500,25,31.6,Pomegranate
56.5,37.7,62.3,34.7,30,6.51,411.7,36.6,28.5,Pomegranate
61.3,40,54.1,33.3,50.6,6.32,438.7,33.5,31.4,Pomegranate
72.9,27.2,44.8,37,38.7,6.98,620.2,27,32.6,Pomegranate
91.2,29.7,61,34.9,51.1,6.62,483.6,30.6,24.5,Pomegranate
85,25.3,64.9,40,67.3,6.34,514,35.8,22.5,Pomegranate
48.3,35.5,23.7,36.5,55.5,7,386.3,32.9,28.1,Pomegranate
23.8,31.2,58.3,36.6,42.4,6.61,508.3,33.4,24.8,Pomegranate
47.2,24,72.3,35.9,45.1,6.58,512.3,29.5,35.8,Pomegranate
47.2,27.9,71.2,33.8,52.8,6.36,540.5,33.8,44.8,Pomegranate
77.7,23.1,20,34.6,51.8,6.98,602.9,28.7,15.7,Pomegranate
47.2,43.6,75.4,40,53.3,6.38,668.2,28.8,45.2,Pomegranate
100,12.2,54.5,37.2,49.2,6.36,593.8,29.2,15.3,Pomegranate
72.2,39.5,36.7,34.5,70,6.55,631.8,31.8,35.9,Pomegranate
76.9,28,34,32.8,65.9,7,483.5,27.3,10.9,Pomegranate
18.3,24.6,41.3,35.3,55.8,6.08,454,32.5,29.4,Pomegranate
57,38.7,77.6,33.4,52.7,6.59,640.9,33,33.4,Pomegranate
38.6,32.8,51,38.5,47.2,6.16,435.6,36.8,47.1,Pomegranate
39.6,26.7,78.5,32.8,44.9,6.59,330.9,26.8,28.6,Pomegranate
32,26.3,80.9,32.7,31.3,6.53,558.4,30.3,41.6,Pomegranate
75.8,28.6,83.3,32.4,54.6,6.14,514.6,31.3,24.3,Pomegranate
26,19.4,94.9,35.7,47.2,6.53,430.5,38.1,34.4,Pomegranate
78.1,30.7,33.4,38,32.9,6.52,466.1,37.2,25.3,Pomegranate
100,25.1,49.8,38.4,49,6.29,485.6,35.3,32,Pomegranate
67.5,43.9,72.3,36.6,55.9,6.24,567.3,32.9,38.8,Pomegranate
57.4,39.2,82.1,37.1,53.7,6.13,474.3,40,35.1,Pomegranate
51,28.5,53.2,36.4,36.1,7,685.4,29.4,25.4,Pomegranate
61.3,30.2,66.8,34.6,38.1,6.69,516.7,35.6,37.6,Pomegranate
45.3,10.3,81.5,37.5,44.8,6.74,374.1,31.1,19.8,Pomegranate
36.9,49.4,79,31.7,44.7,6.85,521.6,27.7,59.7,Pomegranate
40.6,32.2,48,35.3,52.7,6.22,566,30.1,13.6,Pomegranate
59.3,40.9,26.9,33.4,66.3,6.27,542.1,34,34.2,Pomegranate
52.3,26.2,79.9,36.1,39.7,6.78,507.7,28.4,19.4,Pomegranate
64.5,30.3,60.9,32.7,52.3,6.68,404.2,30.1,46.8,Pomegranate
10.8,28.5,39,25,47.4,6.61,405.5,27.5,29,Pomegranate
62.7,37.8,55.2,34.2,49.1,6.45,495.3,31.4,10,Pomegranate
32.2,30.5,76.5,36.2,47,6.53,476.4,32.9,29.4,Pomegranate
69.1,11.7,66.4,33,70,6.74,428.8,34.2,35.9,Pomegranate
66.8,43,36.8,31.4,54.8,6.23,467,30,33.5,Pomegranate
62.9,27.9,44.9,38.2,33.1,6.35,396.7,32.5,13.1,Pomegranate
42.9,28.4,46.9,36.9,62.9,6,385.7,25,31.7,Pomegranate
79,35.4,50.7,38.5,59.9,6,698.2,26.7,35.8,Pomegranate
37.6,26.8,58.7,30.7,50.9,6.85,800,33.8,32.1,Pomegranate
62.7,13.2,63.3,36.9,58.6,6.81,759.3,34.4,19.5,Pomegranate
67.6,20,53.1,39.1,40.1,6.98,300,25,31.2,Pomegranate
81.4,24.7,49.2,32.8,63.7,7,570.4,31.7,49.2,Pomegranate
66.5,26.9,61.5,35.4,63.3,6.12,544.6,34.6,30.2,Pomegranate
39.5,40.6,57.3,35.1,51.6,6.12,453,26.2,51.2,Pomegranate
85.6,57.7,55.7,39.8,60.9,6.73,691.7,25,30.5,Pomegranate
74,15.5,53.6,31.5,57.3,6.36,640,33.8,35.5,Pomegranate
31.4,12.9,68,33.2,59,6.55,579.5,30.2,35.2,Pomegranate
28.6,36.4,31.1,36.4,53.1,6.48,626.2,26,23.2,Pomegranate
68.7,19.9,126.7,30.6,42.1,6.92,398.7,27.3,10.5,Pomegranate
56.8,21.1,60.9,40,45.2,6.51,300,30.4,25.3,Pomegranate
82.3,37,25,36.5,58,6,304.7,34.5,18.3,Pomegranate
44.2,40.6,68.2,31.4,44.6,6.3,531.5,27.1,31.5,Pomegranate
10.3,34.6,95.7,31,39.1,6.47,454.8,30.5,17.7,Pomegranate
52.1,23.2,66.7,36.9,58.5,6.18,616.7,28.9,42.3,Pomegranate
31.8,30.5,43.2,38.8,37.8,6.25,509,35.6,39.1,Pomegranate
10,34.5,45.8,31.5,49.7,6.57,574.3,29,32.6,Pomegranate
48.5,42.8,35.4,37.6,70,6.56,357.2,27.4,22.8,Pomegranate
55.1,34.8,55.1,34.4,45.8,6.16,476.3,29.2,26.3,Pomegranate
66.2,22,59.8,34,32.4,7,536.7,33.6,24.5,Pomegranate
68.7,30.6,35.5,33.9,55.7,6.51,617.4,31.5,33.9,Pomegranate
65.5,24,37.1,32.3,44.2,6.86,618,32,27.4,Pomegranate
39.6,31.6,38.3,30.6,69.3,6.71,323,25.7,16.7,Pomegranate
37.9,29.7,20,35.5,44.5,6.31,516.3,36.4,21.1,Pomegranate
42.5,28.1,87.4,32.3,58.3,6.95,553,27.4,20.2,Pomegranate
41.4,28,68.7,31.5,38.3,6.48,455.2,32.3,23.6,Pomegranate
77.3,36.9,76.3,39.4,68.1,6.38,453.7,31.9,36.7,Pomegranate
41,25.3,29.2,37.1,51,7,470.1,32,33.9,Pomegranate
10.9,26.7,48.9,37.5,53.6,6.77,585.7,25,29.9,Pomegranate
58.5,39.3,66.9,34.6,43,6.17,528.9,31.7,43.4,Pomegranate
48,36.7,44.2,37.3,46.1,6.63,462.7,30.2,18.7,Pomegranate
62.2,35.1,90.5,28.1,36.9,6.86,531.3,36.5,26.2,Pomegranate
44.4,17.7,81.7,36.7,49,6,524.2,27.4,27.5,Pomegranate
65.6,25,65.9,37.5,55.4,6.2,490.3,35.4,43.8,Pomegranate
54.3,27.9,73.6,31.8,53.9,6.4,421.2,26,37,Pomegranate
49.9,39.3,46.7,33.8,51.1,6.75,300,27.8,28.6,Pomegranate
90,36.8,70.3,36.1,57.5,6.39,661.4,27.5,27.7,Pomegranate
49.7,18.6,74.3,33.9,40.1,6,434.6,26.3,42.7,Pomegranate
29.1,34.4,73.5,34.8,58.2,6.74,460.3,31.3,40.9,Pomegranate
50.8,39.2,53,34,55.3,6.62,549.6,25,21.5,Pomegranate
48.2,15.9,97.4,30.5,30,6.5,529.5,33.8,39.9,Pomegranate
55.5,22.1,61.8,32.8,43.7,6,515.5,28.5,26.2,Pomegranate
86.5,35,87.2,34.1,37.6,6.38,300,29.3,10,Pomegranate
51.3,25.2,87.5,36.1,54.2,7,591.3,25,23.4,Pomegranate
50,19.9,50,35.1,38.9,6.13,378.9,25,10,Pomegranate
82.3,18.6,20,35.1,45,7,480.8,31,28.5,Pomegranate
38.7,13.5,60.3,34.9,59.8,6.26,380.1,30.9,49,Pomegranate
40.7,38.9,60.6,37.7,42,6.79,773,31.9,39.6,Pomegranate
53.2,25.2,58.7,37,30,6.47,412.8,31.7,33.5,Pomegranate
41.5,9.5,71.7,35.7,48.6,6.3,512.8,25,20.5,Pomegranate
37.1,31.6,47.8,38.9,52.7,7,702.2,37.3,34.8,Pomegranate
53.7,23,66.4,37.5,42.6,6.97,436.8,30.8,35.3,Pomegranate
52.6,23.7,31.9,38,31.5,6.33,694.2,32.7,39.3,Pomegranate
43.9,21.8,25.3,31.3,30,6.69,552.6,28.4,23.9,Pomegranate
84.8,17.6,32.6,36.9,50.6,6.74,304.4,36.2,27.7,Pomegranate
37.7,42.2,61.9,35.3,59,6.2,524.4,28.6,23.2,Pomegranate
16.7,42.2,64,40,55.7,6.7,608.6,25,35.9,Pomegranate
44.6,42.2,36.1,36,54.8,6.2,477.5,28.9,24,Pomegranate
48.9,31.1,58.5,36.8,43.5,6.06,564.5,29.9,10,Pomegranate
60.1,32.1,62,30.5,62.7,6.2,574.8,35.5,30,Pomegranate
34.9,30.7,64.9,32.2,38.8,6.52,510.5,32.1,37.6,Pomegranate
43.8,29,48.9,36.4,31.7,6.58,577.6,31.8,27,Pomegranate
92.9,37.9,73.4,39.8,61.2,6.66,502.7,26.7,11.7,Pomegranate
20.6,45.1,57.9,34.3,31.4,7,482.9,27.4,32.4,Pomegranate
60.3,34.8,44.3,40,38.3,6.23,331.9,37.4,35.3,Pomegranate
58.5,45.9,69.2,36.3,47.9,6.79,800,40,38.1,Pomegranate
57.9,22.4,111.9,40,37.5,6.2,398.1,38.6,25.7,Pomegranate
68.9,55.9,46.5,33.3,45.9,6.44,684.8,37.3,37,Pomegranate
56.1,25,47,35.3,59.9,6.11,474.9,38,12,Pomegranate
45.1,14.6,63.4,34.9,48.7,6.23,375.8,30.3,33.7,Pomegranate
47.5,16.3,39.1,34.1,39.8,6.75,481,28.2,38.5,Pomegranate
16,24.2,58,35.4,57.4,6,513,27.6,48.4,Pomegranate
57.2,29.1,84.5,29.8,37.5,6.6,499.2,27.6,30.1,Pomegranate
17.3,20.5,53.9,33.6,37.7,6.84,517.2,25,51.6,Pomegranate
47,37.6,87.1,37,52.5,6.44,371.8,36.9,10.8,Pomegranate
38.1,22.5,47.1,32.6,46.8,6.57,438.4,33.4,31.1,Pomegranate
51.4,37.2,44.6,35.9,36.3,6.54,389.8,29.7,22.2,Pomegranate
79.2,23.3,34.9,32.8,44.6,6.03,451.3,28.6,39.3,Pomegranate
40.5,27.5,75.4,30.5,70,6.2,425.6,28.3,37.5,Pomegranate
59.7,33.8,64.7,34.1,51.4,6.12,677.1,27.4,30.5,Pomegranate
79,28.5,48.3,29.6,43.9,6.89,497.9,33,22,Pomegranate
47.9,35,103,36,40.4,6.59,679.2,30.4,17.6,Pomegranate
10,17.9,39.3,33.5,44,7,567.6,32.2,35.1,Pomegranate
13.5,53.7,28.8,32.2,47.3,6.54,710.9,29.3,29.7,Pomegranate
45.6,26.1,64.8,34.1,50.7,7,370.4,32,28.6,Pomegranate
84.2,46.6,87.3,37.9,37.2,6.17,733.5,29.7,35.3,Pomegranate
56.1,35.7,39.8,31.7,40,6.59,381.2,30.5,43.8,Pomegranate
33,30.1,47.6,38.4,51.9,7,495.8,30.7,37.3,Pomegranate
28,38.3,56.9,40,46.1,6,469,37.6,26.1,Pomegranate
38,48.7,85.2,30,43.3,6.36,693.1,31.1,50.7,Pomegranate
50.7,32.3,20,37.9,56.4,6.61,500.9,30.7,44.9,Pomegranate
10,48.2,100.1,34.5,49.3,6.33,457.3,40,44.3,Pomegranate
65.1,9.2,21.1,31.6,56.6,6.13,735.5,25,46.7,Pomegranate
56.4,29.6,53,33.2,56.8,6.87,591,25,16.5,Pomegranate
47.9,39.2,53.3,34.2,58.8,6.38,572.4,27,34.1,Pomegranate
13.3,28.6,39.4,36,44.6,6.6,584,25,23.4,Pomegranate
90,31,80.5,40,34.7,6.45,478.7,30.9,45.4,Pomegranate
58.6,20.8,51.4,38.3,43.2,6.79,542,32.3,38.8,Pomegranate
55.5,22.8,70.4,31.7,53.9,6,309.9,30.2,21.7,Pomegranate
36.8,36.2,75.8,32.9,51.5,6.23,633.2,29.2,37,Pomegranate
24,25.4,56.5,37.7,31.3,6.87,397.9,34.3,19.9,Pomegranate
55.9,20.7,48.3,34.5,68.8,6.32,489.7,31.6,34.6,Pomegranate
43.9,36.6,42.2,38.2,49.7,6.81,642.6,35,45,Pomegranate
16.9,25,45.9,34.7,47.2,6.34,540.4,29.9,29.5,Pomegranate
65.9,39.9,55.1,38,49.6,6.31,435.3,31.9,39.9,Pomegranate
41.6,18.7,66.6,34.7,40,6.62,528.4,37.9,35.1,Pomegranate
42,28.8,41.7,37.3,58.5,6.63,429.9,25,26.6,Pomegranate
29.8,43.2,68.2,31.6,54.5,6.28,561.5,31.7,19.1,Pomegranate
69.7,28.2,52.9,34.6,47.8,7,539,25.8,30.6,Pomegranate
55.9,14,62.9,37.7,48.4,6.49,389.7,37.3,25,Pomegranate
23.9,28.3,81.3,32.2,70,6.11,451.2,26.3,47.1,Pomegranate
38.3,25.1,53.8,35.1,70,6.14,572.3,30.3,21.9,Pomegranate
20.1,18.9,55,35.4,52,6.69,358.1,35.8,24.4,Pomegranate
13.4,24.4,54.3,31.2,45.8,6.39,324.9,29.5,52.7,Pomegranate
21.3,46.4,92,40,62.6,6.43,650.9,32.5,33,Pomegranate
61.7,66.8,78,35.8,52.9,6.4,669.4,26.9,12.7,Pomegranate
42.9,34.8,72.4,40,52,6.13,567.2,30.4,27.8,Pomegranate
55.4,23.5,26.8,37.1,54.2,6.54,591.1,34.4,10,Pomegranate
35.9,33.3,80,40,40.8,6.58,300,32.5,21.4,Pomegranate
46.5,29.7,50,37.2,37,6.61,467,25,19.2,Pomegranate
79.9,27.9,87.3,33.4,42.9,6.33,516.1,29.5,31,Pomegranate
62,25.9,55.5,31.5,52.9,6.53,341.6,36.5,25,Pomegranate
48.3,34.2,75.7,39,49.2,6,487.1,25.8,44.6,Pomegranate
64.7,12.4,82,36.8,62.4,6.71,566.7,28.6,34.7,Pomegranate
47.3,28.2,20,35.3,53.3,6.27,310.2,29.7,21.5,Pomegranate
10.5,27.5,31.3,31.6,44.2,6.26,529.8,31.7,26.1,Pomegranate
65.7,17.4,85.4,38.7,44.7,6.39,580.5,31.6,29.5,Pomegranate
96.8,28.7,77.6,33.9,43.6,6.51,378.9,25.8,29.4,Pomegranate
85,44.1,58.3,33.9,38.8,6.55,629,30.4,27.9,Pomegranate
44.1,28.4,55.8,36.4,53.2,6.4,561,40,44.6,Pomegranate
66.8,50,67.1,34.4,55,6.58,552.1,25,27.7,Pomegranate
43,27.4,61,39.8,69.5,6.98,679,28,38.9,Pomegranate
16,41.8,50.7,33.6,48.4,6.79,659.3,31.8,32,Pomegranate
34.5,26.9,66.4,36.3,47.1,6.2,561.8,29.6,17.4,Pomegranate
22.8,46,20,33,61.9,6.37,800,28.6,43.7,Pomegranate
66.5,31.7,68.9,40,57.6,6.88,648.9,33.8,27.1,Pomegranate
38.3,40.9,68.8,31.3,59.3,6.28,782.4,31.1,29.5,Pomegranate
56.8,31.1,60.1,40,54.9,6.73,667.8,32.9,11.5,Pomegranate
82.3,34.6,71,36.8,50,6.89,492.3,33.4,26.6,Pomegranate
35.1,28.3,64.4,34.8,59.8,6.67,573.3,40,48,Pomegranate
16.3,44.5,47.4,36.7,62.2,6.26,300,25,36.8,Pomegranate
27.7,47.9,33.4,36.3,49.5,6.53,749.6,28.2,12.4,Pomegranate
57.5,67.1,71.4,34.2,70,6.09,480.4,26.3,36.4,Pomegranate
61.4,27.6,84.5,33.9,70,6.62,519.5,30.7,24.7,Pomegranate
37.5,27.3,46,32.5,49.3,6.82,504.1,34.2,26,Pomegranate
58.3,23.7,82,39.4,48,6.39,373.6,25,39,Pomegranate
52.6,43.2,41.9,28.9,60.9,6.02,546.1,25,15.8,Pomegranate
60.4,31.6,48.7,33.8,50.7,6.26,577.9,30.8,38.5,Pomegranate
28.8,29.8,104.7,30.4,56.2,6.57,469.3,27.1,40.8,Pomegranate
44,28.3,40.6,35.7,43.1,6.85,445,27.5,22.5,Pomegranate
69.2,40.5,34.7,35.1,35.9,6.8,566.9,28.3,24.8,Pomegranate
10,37,38,39.8,42.1,7,613.8,30.3,13.3,Pomegranate
89.3,9.3,40.6,35.6,58,6.06,513.3,38.2,57.8,Pomegranate
36.4,24.5,71.9,36.1,50.3,6.5,474.2,29.4,32.2,Pomegranate
47.4,35.2,57.3,39.7,58.6,7,618.7,25,31.7,Pomegranate
32,33.5,57.4,33.2,41.5,6.81,556.2,33.8,17.3,Pomegranate
34.6,30.9,64.2,31.3,42.3,6.59,800,37.1,38.4,Pomegranate
28.9,35.8,68.6,38.6,53.2,6.49,662.2,32.8,25.8,Pomegranate
64.8,29.2,65,31.7,69.2,6.67,508.8,33.4,20.7,Pomegranate
39.9,40.8,75.2,37.5,40.3,7,563.7,34.9,11.9,Pomegranate
52.4,32.1,42.2,35.7,37.7,6,646.6,34.2,32.1,Pomegranate
40.4,16.4,82.5,39.8,59.1,6.5,629.4,29.5,10,Pomegranate
55.8,32.3,64.3,36.2,41.9,6.88,487.4,31.1,44.3,Pomegranate
59.3,36,104.7,32.6,64.2,6.95,422.8,34.9,15.1,Pomegranate
79.7,6.8,40.5,40,70,6.61,561.9,25.6,22.1,Pomegranate
67.1,33.6,73.3,31.7,40.4,6.7,395.3,26.4,16.9,Pomegranate
43.4,31.4,74.6,30.4,48.9,6.22,414,30,23.4,Pomegranate
47.3,28.5,64.6,39.8,52.2,6.3,374.2,30.6,30.9,Pomegranate
58.8,23.5,42.6,38.6,30,6.24,433.8,31.9,50.5,Pomegranate
77.9,15.4,60.6,30,57.8,6.42,551,25.8,22.2,Pomegranate
49.7,29.5,20,30.6,44.2,6.57,385.7,26.2,29.2,Pomegranate
100,37.4,72.8,39.2,54,6.88,581,32.2,34.9,Pomegranate
45,29.2,50.7,36.8,44.2,6.82,419,25.2,25.6,Pomegranate
39.8,53.5,79.9,40,56,6.55,505,30,25.3,Pomegranate
31.9,52.8,76,40,63.7,6.31,300,30.5,43.2,Pomegranate
67.3,13.9,60.9,37.4,44.2,6.51,425.3,26.4,32,Pomegranate
45.8,22.9,66.1,35.5,30.2,6.46,300,32.3,46.1,Pomegranate
80.2,14.5,81.9,36.1,46.1,6.55,661,28.2,37.4,Pomegranate
65.4,18.1,73.1,36.7,51.3,6.23,515.1,25,28.6,Pomegranate
43.8,15.7,58.4,40,44.6,6,429.3,27.6,29.5,Pomegranate
42.4,32.6,62.9,32.6,61.1,6.81,534.5,26.9,26,Pomegranate
20.1,17.7,61.9,39.1,63.2,6.32,522.1,29.7,11.9,Pomegranate
70,50.1,103.4,38.4,54.7,6.24,452.9,33.6,21.7,Pomegranate
15.5,21.8,50.5,40,63.5,6.01,463.5,25.2,11.3,Pomegranate
45.7,27.3,58,36.9,52.9,6.16,438.8,30.7,28,Pomegranate
60.6,20.9,60.5,32.7,65.9,6.61,635.2,29.8,33.7,Pomegranate
55.4,47.5,21.2,36.2,41.7,6.74,513,25,40.3,Pomegranate
51.9,34,67.7,35.3,45.5,6.53,537.8,27,33.1,Pomegranate
54.6,21.1,34.8,38,52.9,6,596.5,25,25.9,Pomegranate
77.3,15.3,72.1,31.6,46.1,6.79,690,40,29.8,Pomegranate
53.5,30.8,36.6,30.1,55.6,6.21,300,34.6,35.4,Pomegranate
10,15.1,38.8,40,64.9,6.79,456.1,40,10.6,Pomegranate
44.8,17.6,86.1,37.5,61.6,6.52,647.2,33.4,21.9,Pomegranate
29.7,33.7,68.5,38.2,36.3,6.21,378.3,30.7,29.5,Pomegranate
41.9,19.6,57.3,32.2,70,6.34,461,28.5,23.5,Pomegranate
30,25.4,55.1,36.9,41.6,6.44,600.3,26.1,31,Pomegranate
36.9,33.4,64.5,35.4,47.3,7,502.8,30.2,56.3,Pomegranate
62.4,38.4,69.8,36.8,50.9,6.57,555.7,32.4,34.8,Pomegranate
53.1,24.4,93.9,34.1,41.6,6.73,470.6,29.4,10,Pomegranate
68.8,36.6,79,33.9,44.4,6.69,514.9,36.1,51,Pomegranate
10,28.8,98.8,32.5,47.2,6,443.3,37.4,25.3,Pomegranate
21.9,39.1,41.2,33.5,60.9,6.23,454.5,38.9,33,Pomegranate
74.9,14,90.5,39.3,59.7,7,458.9,29.3,51.6,Pomegranate
48.9,36.5,49.8,36.7,40.1,6.69,581,30.1,13.9,Pomegranate
72.4,32.8,84.3,35,49.7,6.99,514.1,25.5,22.8,Pomegranate
59.5,28.8,79.3,40,69.1,6.72,341.5,25,28.1,Pomegranate
58,21,75.8,36.6,36.5,6.44,782,28.2,30.7,Pomegranate
63.7,46.9,60.1,35.9,50.4,6.44,800,33.2,28.8,Pomegranate
71.3,5.9,54.4,36.7,62.9,6.37,567.1,32.2,26.1,Pomegranate
66.7,24.1,51.5,34.5,44.7,6.26,631,37.1,50.1,Pomegranate
61.6,27.1,77.7,32,52.5,6.3,429,30.2,23.8,Pomegranate
86.1,32.5,69.2,35.8,57.9,6.76,304,34,10,Pomegranate
83.3,41.8,34.3,29.5,68,6.58,495.2,31.8,43,Pomegranate
48.5,23.4,47.6,30.7,57.2,6.51,509.7,25.8,51.5,Pomegranate
56.7,5,38.4,34.1,51,6.6,410.2,37.5,31.5,Pomegranate
36.3,40.8,28.4,32.9,58.2,6.73,766,29,30,Pomegranate
60.4,32.5,51.2,32.3,46.8,6.61,538.7,38.9,42,Pomegranate
24.7,47,89.2,31.5,60.4,6.3,595,33.7,36.9,Pomegranate
88.9,25.8,62.7,38.6,43.5,6.31,433.1,25,37.2,Pomegranate
80.8,48,78.6,35.8,49.7,6.75,416.9,37.4,24,Pomegranate
47.1,31.3,53.1,33,49.9,6.19,425.4,31.2,10,Pomegranate
31.8,34.2,73,35.1,39.1,6.39,439.2,31.3,47.9,Pomegranate
43.6,29.9,62,38,53,6.25,344,27.5,22.9,Pomegranate
28.3,33.3,60.6,34.9,60.7,7,679.2,36.3,43.9,Pomegranate
52.1,45.6,20,35.9,46.6,6.46,487,25,19.9,Pomegranate
50,16.4,28.7,33.4,34.4,6.37,532.9,25.1,28.7,Pomegranate
82.7,23.9,69.8,36,37.7,6.5,395.6,39.6,20,Pomegranate
62.8,23,71.6,36.6,39.9,6.97,541.4,28.7,20.2,Pomegranate
59.3,16.2,75.6,38.2,64.4,6.53,499.5,37.6,10,Pomegranate
62.7,38.3,57.9,35.7,64.8,7,470.7,36.6,13.1,Pomegranate
36.6,34,78.1,35.6,59.3,6.24,394.3,33.2,40,Pomegranate
30.8,28.7,20,37.1,41.4,6.63,556,28.6,48.6,Pomegranate
31.5,31.5,67.3,33.2,43.9,6.27,388.7,28.8,32.7,Pomegranate
59,23.7,113.2,34.1,49.3,6.72,523.4,31.7,21.3,Pomegranate
45.6,31.5,50.8,38.8,36.1,6.89,665.1,30.6,39.6,Pomegranate
49.9,22.9,86.5,34.3,56,6.48,365.1,26.9,11.1,Pomegranate
28.3,30,54.5,29.4,60.2,6.88,536,28.7,22.2,Pomegranate
10.6,25.9,62.6,32.8,48.6,6.58,529.6,28.5,46.5,Pomegranate
46,35.4,76.6,34.5,64.7,6.78,359.9,32.1,27.5,Pomegranate
84.4,41.8,49.8,35.2,37.8,6.18,510.4,25,31.2,Pomegranate
49.1,25.1,68.2,37.8,47.4,7,494.6,33.7,29.4,Pomegranate
51.5,25,53.6,35.2,35.4,6.19,501.7,27.2,36.3,Pomegranate
92.7,48,59.3,37.3,48,6.9,341.9,32.7,31.7,Pomegranate
43.6,31.1,65,31.8,55.7,6.62,431.3,25.6,32.7,Pomegranate
46.6,27.3,66.6,33.2,58.7,6.23,484.7,25,25.7,Pomegranate
47.3,31.2,42.1,39.2,50.1,6.31,614.2,36.7,19.2,Pomegranate
62.9,31.1,41.4,35.4,60.3,6.41,523,30.6,31.1,Pomegranate
73.5,22.6,77.2,32.7,70,6.27,489.6,35.4,41.7,Pomegranate
47.3,31.2,68.3,37.8,30.4,6.87,470.9,37.6,36.3,Pomegranate
10,17.4,84.3,38.8,53.3,6.02,573.2,30.6,27.2,Pomegranate
43.5,26,91,37.1,34.3,6.74,610.3,30.1,33.7,Pomegranate
48.8,35.4,43.7,36.4,59.7,6.41,300,29.3,23,Pomegranate
80.8,14.6,80.8,35.5,30,6.73,461.3,32.3,30.2,Pomegranate
63.3,29.6,96.4,31.3,44.8,6.43,583.4,27.3,10,Pomegranate
11.2,18.2,103.2,40,40.5,6.68,686.9,31.2,31.9,Pomegranate
49.8,50,53.7,32.7,44.3,6.24,389.7,33.3,31.2,Pomegranate
48.3,40,79.3,34.7,70,6.46,448.2,26.2,21.4,Pomegranate
63.8,22.7,42.4,37,62.4,7,374.5,28.5,35.6,Pomegranate
45.4,19.5,79.4,35.2,54.3,6.36,489,33.5,32.4,Pomegranate
53.9,33.7,85.4,36.8,48,6.87,509.8,29.4,40.5,Pomegranate
26.1,32,58.7,29.6,45.5,6.56,606.6,27.4,37.2,Pomegranate
56.4,34,81.3,30.8,42.9,6.74,437.1,40,25.8,Pomegranate
59.1,12.7,59,31.9,50.1,6.27,709.6,30.3,37.1,Pomegranate
79.7,28,20,33.4,37.3,6.48,398.8,25,51.8,Pomegranate
35.9,20.7,95.6,37,54.6,6.26,300,25,26.6,Pomegranate
22.5,24.2,27.2,34.1,40.6,6.53,529.9,30.7,32.8,Pomegranate
46.5,16.8,51,33.2,51.8,6.37,404.2,40,28.3,Pomegranate
29.5,40.9,54.1,31.6,53.6,6.41,515.4,32.9,23.3,Pomegranate
52,35,63.8,34,50.3,6.57,587.8,32.7,33.7,Pomegranate
29,27,40.1,36.4,44.4,6.56,491.7,29.4,42.9,Pomegranate
50.7,28.6,22.7,25,48.3,6.27,638.6,25,26.2,Pomegranate
74.5,33.5,46.8,32.9,70,6.6,410.7,30.2,20.1,Pomegranate
60.3,41.9,59.7,31.7,53.7,6.63,348.6,40,32.4,Pomegranate
26.2,31,24.6,33.5,43.3,6.45,717.7,26.5,31.4,Pomegranate
57.3,36.5,72.5,37.6,30,7,300,33,53,Pomegranate
83.1,29,85.2,31.5,43.1,6.6,514.8,27.8,26.9,Pomegranate
25.3,45.5,64.9,37.8,49.9,6.87,453.3,30.3,33.2,Pomegranate
46,35.1,24,33.9,36.7,6.3,540.5,29.8,22.4,Pomegranate
10,23.9,77.2,32,47.2,6.91,378.3,34.7,38.3,Pomegranate
10.2,50.2,24.1,36.2,48.6,6.86,624,27.8,18.8,Pomegranate
51.7,50.9,41.5,33.2,50.2,6.73,609.5,27.8,30.8,Pomegranate
82.1,20.3,86.2,37.2,55.9,6.79,300,25,33.5,Pomegranate
30.9,39.4,81.3,37.1,41.9,6.4,446,32.6,41.5,Pomegranate
43.4,26.9,40.2,40,50.5,6.5,620.8,33.7,33.2,Pomegranate
67.2,22.2,62,34.9,57.4,6.18,396.2,35,10,Pomegranate
86.7,21.1,99.2,36.9,44.4,6.05,410.8,27.7,29.5,Pomegranate
61.7,29.7,50,33.5,43.7,6.54,469.3,30.9,17.5,Pomegranate
28.4,42.2,62.3,29.5,47,6.67,517.1,30.2,22,Pomegranate
58.2,34.7,51.2,31.8,64,6.7,673.5,30,38.8,Pomegranate
58,21.9,45.3,32.4,43.3,6,683,25,36.2,Pomegranate
74.1,34.4,59.5,35.1,66,6.53,614.8,25,34.2,Pomegranate
68.4,31,44.9,36.3,38,6.31,554.9,28.3,19.3,Pomegranate
79.1,49.5,70.6,36.8,59.3,6.57,444.3,37.9,31.4,Pomegranate
49.6,26.2,73.9,37.6,48.7,6.37,490.9,36,13.6,Pomegranate
37.7,34.7,68.6,33.1,60.3,6.71,568.4,27.5,18.7,Pomegranate
59.5,28,35.7,35.2,61.1,6.42,554.7,31.5,39.4,Pomegranate
64.5,17.9,65.8,38.3,38.3,6.36,613.5,25,40.9,Pomegranate
54.9,20.6,76.8,35.1,55.7,6.48,525.6,30.1,30.2,Pomegranate
39.4,14.5,51.9,34.6,44.8,6.68,354.6,25,29.8,Pomegranate
46.5,40.7,53.4,34.4,44.7,6.93,489.3,34.4,48.1,Pomegranate
48.1,12.6,37.9,35.1,70,6.33,384.2,28,36.2,Pomegranate
28.6,45.6,65.2,34.9,52.3,6,534.4,32,43.2,Pomegranate
58,13.6,60.1,37,63.6,6.54,400.2,26.7,27.2,Pomegranate
58,28.2,52.4,36.8,37.3,6,421.2,30.9,31.9,Pomegranate
82.8,45.9,71.3,36.6,55.1,6.96,659,26.9,18,Pomegranate
49,29.2,78,39.4,55.4,6.37,532.7,30.1,14.8,Pomegranate
52.1,42.3,79.2,32.6,49,6.29,326.9,30.4,47.3,Pomegranate
30.3,19.7,54.2,32.5,30,6.37,501.3,29.3,29.1,Pomegranate
47.4,32.7,62.6,38,57,6.81,530.3,25,29.4,Pomegranate
67.6,17.1,65.5,32.6,64.3,6.7,633.1,32.4,60,Pomegranate
31.5,42.2,110.9,34.6,46,6.98,528.3,35.2,27.6,Pomegranate
47,31.3,33.8,30.6,38.1,6.65,534,26.7,29.6,Pomegranate
43.1,33.3,52.3,37.2,66.8,6.71,492,28,34.8,Pomegranate
54.1,43.1,81.6,31.6,69.4,6.53,406.2,40,18.5,Pomegranate
10,38.7,58.1,36.3,44.7,6.62,300,32,28.6,Pomegranate
64.2,38.3,37.7,39.6,48,6.46,406.6,25.6,26,Pomegranate
67.5,26.8,81.4,30.1,39.7,6.43,532.6,34.6,10,Pomegranate
55,34.9,69.9,33.1,49.2,6.47,577.9,40,20.6,Pomegranate
68.1,17.9,60.1,31.7,44.7,6.22,463.6,25,24.2,Pomegranate
42.2,31.2,99.7,36.6,63.5,6.31,413.2,30,53.6,Pomegranate
82.2,23.3,55.1,34.6,41.9,6.98,430.8,25,20.8,Pomegranate
57.9,33,60.9,33.7,48.3,6.11,429.7,29,33,Pomegranate
52.9,49.8,47.3,35.6,63.8,6.44,454.3,28.1,23.6,Pomegranate
33.6,27.5,86.8,40,39.3,6.49,613.3,26.6,47.8,Pomegranate
84.1,17.2,62.2,37,45.8,6.42,527.1,33.8,12,Pomegranate
42.4,19.2,88.1,39.5,54.4,6.57,569.4,27,22.2,Pomegranate
59.8,36.6,24.7,38.5,52.7,6.55,559.9,27,43.8,Pomegranate
42.4,26.3,91.3,35.1,50.4,6.99,417.6,31.9,12.3,Pomegranate
46.4,25.4,66.3,33.7,51.2,6.02,758.4,30.6,60,Pomegranate
37.1,13.9,103,33.7,47.9,6.22,344.9,25,20.8,Pomegranate
23,34,58.5,28.8,38.9,6.25,500.2,32.2,43.4,Pomegranate
57.8,29.2,88,38.8,52.1,6.69,472.1,30,31.8,Pomegranate
66.2,41.1,75,34.1,45,6.49,564.8,25,20.1,Pomegranate
10,25.3,51.6,33.4,36.7,6.11,522.2,32.6,25.4,Pomegranate
54.1,27,53.8,31,41.2,6.7,560.4,27.8,31.1,Pomegranate
10,28.7,57.8,30.6,70,6.38,582.3,36.7,47.7,Pomegranate
31,41.9,36.6,35,58.4,6.54,300,38.2,31.2,Pomegranate
67.4,25.2,81.9,34.6,50.9,6.69,639.5,26.2,31.4,Pomegranate
66.9,7.4,28.2,40,30,6.63,516.1,34.8,34.2,Pomegranate
51.6,41.9,33.2,36,63.1,6.45,300,34.1,21.1,Pomegranate
32,25.8,48.6,34.7,65.1,7,495.2,25.2,38.4,Pomegranate
71.2,40.6,35.4,34.8,61.7,6.26,513.8,35.4,54.7,Pomegranate
31.6,24.1,53.2,35.2,33.9,6.7,474.6,31.6,28.8,Pomegranate
66.7,42.6,57,37.4,39.8,6,800,32.9,31.4,Pomegranate
64.3,27.7,50.6,37.3,40.7,6,462.8,25.8,37.7,Pomegranate
82,51.7,59.7,39.5,38.7,7,506.9,30.8,29.8,Pomegranate
56.9,30.7,58.2,30.2,41.6,6.81,381.4,34.1,18.5,Pomegranate
90.7,18.4,54.1,31.2,57.9,6.48,666.5,34.1,22.6,Pomegranate
26.4,38.8,48.4,36.3,62.7,7,525,28,30.5,Pomegranate
39.5,42.2,26.2,40,39.9,6,544.9,31.3,39.5,Pomegranate
54.3,19.3,101.3,36,46.8,6.07,390.6,31.1,32,Pomegranate
56.1,30.1,74.4,35.8,46,6.36,522.7,28.2,27,Pomegranate
98.9,27.9,66.3,32.1,46.9,6.51,670.6,29.8,55.4,Pomegranate
10,16.7,105.5,33.7,34.1,7,435.2,33.7,33.2,Pomegranate
10,25.4,59,36.7,60.1,6.41,395.5,32.8,33.6,Pomegranate
48,39.7,76.1,32.6,37.5,6.27,596.7,27.6,32.9,Pomegranate
24.9,29.5,50.5,32.4,56.1,6.48,534.8,27.4,41.9,Pomegranate
16.8,33.8,48.6,32.3,59.6,6.9,589.9,25,41.6,Pomegranate
44.3,31.3,55.8,40,62.3,6.56,533.7,27.3,33.9,Pomegranate
36.2,28.4,31.1,35.2,55.2,6.21,565.3,34,31.3,Pomegranate
37.4,29.8,73.3,25,41.1,6.38,411.8,35.3,31.7,Pomegranate
62.7,33.9,42.1,33.3,70,7,587.7,28.8,49.6,Pomegranate
55.3,25.2,67.3,35.3,31.5,6.29,652.2,30.9,22.4,Pomegranate
57.9,26,73.8,31.6,42.5,6.01,534.6,36.8,43.3,Pomegranate
67.6,32.5,38.9,32.6,30,6.12,593.1,33.3,15,Pomegranate
63.5,11.1,50,38,56.2,6.65,563.5,28.4,14.6,Pomegranate
13.2,35.8,114.3,37.2,35.5,6.33,589,28.1,22.9,Pomegranate
19.5,34,120.3,38.8,47.5,6.05,382.7,32.4,16.2,Pomegranate
29.1,37.7,81.4,33.8,37,6.41,626,27.8,17.7,Pomegranate
47.6,35.9,47.2,37.1,70,6.52,392.3,26.6,40.6,Pomegranate
44.5,18.6,79.3,37,38.6,6.17,563.8,29,29.4,Pomegranate
44.1,28.8,91.2,35.1,39.5,6.28,503.2,31.1,40.9,Pomegranate
12.8,34.8,80.5,31.6,70,6,538.3,29.1,36.2,Pomegranate
29.2,28.2,40.8,35.5,66.8,6.04,484.9,25,32.7,Pomegranate
73,44.4,62.7,33.3,44.6,6.67,468,27.6,50.9,Pomegranate
17,18.2,20,39.1,59.3,6.4,559.8,39.2,23.1,Pomegranate
17.7,25.4,69.3,36.5,50,6.32,465.1,26.1,22.8,Pomegranate
64.7,22.8,67,30.8,55.6,6.89,505.3,31.5,10.7,Pomegranate
42.5,41.2,54.8,38.5,58.6,6.51,389.9,25,10,Pomegranate
43,28,46.5,34.4,30,6.65,514.3,37.8,26.3,Pomegranate
58.5,30.8,45.7,33.6,59.7,7,497.9,33.6,15.5,Pomegranate
55.8,27,64.1,34.7,61.9,6.75,517.8,25,38.8,Pomegranate
71.4,13.3,34.6,31.6,59.1,6.54,492.8,36,40.4,Pomegranate
70.4,13.6,43.6,34.6,61.4,6.54,606,32.3,28.6,Pomegranate
53.9,31.4,66.2,31.6,49.9,6.21,452.9,25,26.9,Pomegranate
54.4,24.4,46.4,34.2,39.2,6.59,551,29.1,25.2,Pomegranate
72.1,25.2,39.4,36.1,70,6.34,333,30.7,35.8,Pomegranate
47.5,29.3,76,34.8,58.9,6.82,374.2,28.7,16.4,Pomegranate
22.3,27.9,93.3,38.6,54.4,6.51,471.5,25,16.6,Pomegranate
51.3,23.4,46.6,33.7,51.8,7,536.5,25,10,Pomegranate
374.6,61.6,425.1,25.9,68.6,5.99,1770,25.3,54.5,Banana
272.9,20,391,26.7,71.4,6,2253.3,24,74.5,Banana
311.6,39,419.3,28.4,80.5,5.95,2038.1,18,64.4,Banana
244,37.1,327.8,26.1,62.2,5.63,2180.3,35,52,Banana
269.9,35.5,384.5,23.6,90,5.78,2316.5,27.7,50,Banana
321.8,47.6,429.5,26.4,60,5.69,2587.2,29.6,66.9,Banana
372.8,27.3,452.8,36.3,81.6,6.72,2308,23.8,53.5,Banana
374.5,47,411.5,21.7,76.4,5.83,2463,33.8,46.3,Banana
270.5,38.9,431.8,24.2,74.6,5.78,2038.1,19.7,54.7,Banana
258.6,75.4,397.1,30.6,90,6.17,1789.7,22.5,51.1,Banana
227.5,20.9,420.5,23.8,60,6.36,2009.8,28.9,68.7,Banana
308.3,44.5,391.3,24.3,90,5.61,2351.7,30.7,51.3,Banana
263.1,67.5,422,28.3,84.2,6.14,2023.5,33.2,64.7,Banana
346.2,69.1,396,28.1,60,5.64,1911.1,25.1,57.9,Banana
360.2,25.3,350.9,23.1,90,5.75,2272.6,23.4,69.3,Banana
216,62.5,399.5,25.6,71.9,5.92,1886.6,26.7,77,Banana
295.3,58.3,333.4,23.3,60.6,5.62,2197.5,28.9,62.7,Banana
328.9,35.5,384.5,28.7,65.9,5.95,2422.8,27.9,50.3,Banana
300.1,38.6,398.3,26.4,74.2,6.11,2330.1,24.4,76.5,Banana
241.8,43.9,425.9,27.5,82.9,6.35,2278.4,34.3,57.4,Banana
338,56.9,412.9,30.2,68.4,5.91,2800,26.9,52.5,Banana
296.8,32.6,447.3,29.3,74.5,6.02,2556.7,29.2,66.6,Banana
283.5,53.9,438.8,31.1,84.5,6.31,2267.6,24.4,65.4,Banana
304.7,44.9,473.7,28.1,76.9,6,2478.5,30.3,62.4,Banana
279.7,58.5,494.5,23.3,63.9,6.15,2174.3,30.4,74.3,Banana
286.1,40.4,366.2,27.6,77.3,6.3,2077.6,23.1,55,Banana
240.9,68.5,385.9,25,83.8,5.88,1958.5,23.9,70.4,Banana
379.6,51.1,315.6,28.7,78.5,6.05,2446.7,30.4,50.7,Banana
328.1,43.4,374.2,30.8,74,6.35,2118.5,26,80,Banana
356.8,28.9,452.8,24.9,90,6.29,2315.7,25.9,55.6,Banana
288,49.2,485.2,35.1,75.1,5.81,1964.8,21.9,67.5,Banana
361.2,41.1,486.5,24.5,77.4,5.89,2398.9,24.4,61.1,Banana
287.9,62,351.8,24.6,60,6.05,2473.7,25.1,68.1,Banana
254.4,44.6,460.5,23.5,87.6,6.21,2187.2,26.9,54.6,Banana
273.3,59.1,447.1,28,74.2,5,2319.4,21.6,50.6,Banana
263.8,31.7,204.2,28.8,62.7,5.77,2396.1,23.6,76.5,Banana
338.6,30,345.6,22,60,6.33,1500,25.8,61.3,Banana
328.2,28.2,370.2,22.4,71.7,5.97,2245.4,19.7,35.7,Banana
250.5,20,431.2,38,72.3,5.51,2219.5,21.3,47.4,Banana
296.5,50,500,24.3,73,6.37,1874.7,23.7,60.1,Banana
271,50.5,422.7,26.9,60,6.29,2173.9,22.4,58.7,Banana
344.5,54.7,423.5,28.7,67.8,5.66,2236.9,23.2,63.4,Banana
304.3,40.8,418.6,21.6,85.2,5.92,2140.9,22.2,52.8,Banana
351.4,53.6,434.3,26.6,73.2,6.28,2288,18.1,48.3,Banana
284.4,80,373.4,29.3,74.8,6,2142,32.5,51.3,Banana
366,33.1,456.8,24.8,62.3,6.15,1969.9,33.3,63.5,Banana
361.2,38,429,26.6,68,6.01,2087.8,20.4,74.4,Banana
290.1,68.8,480.5,24.2,61.8,5.85,2439,27.7,54.8,Banana
357.6,59.1,329.8,31.2,76,5.4,2091.2,27.4,65,Banana
332.2,32.8,399.1,25.2,81,6.18,2001.3,24.8,49.2,Banana
265.4,67.5,360.8,24.8,73.8,5,2524.5,18.9,70.4,Banana
242,66.3,341,27.2,71.6,5.63,2393.9,22.4,46.5,Banana
298.8,52,431.1,26.7,68.1,5.69,2026.9,28.6,58.8,Banana
343.2,63.3,353.4,28.3,68.1,6.33,2349,27.8,62.8,Banana
364.5,66.2,475.9,31.3,79.4,5.77,1884.8,21.4,54.6,Banana
335.5,60.2,417.3,24.1,72.3,5.95,2515.2,20.4,71.7,Banana
296.7,64.3,438.6,29.5,86,6.33,2324.3,26.7,49.4,Banana
314,63.8,463.2,27.1,74.1,5.9,2223.7,27.3,53.1,Banana
296.2,51.1,412.6,30.5,73.9,5.98,2111.7,30,60.3,Banana
325.9,52.6,381.4,26.8,79.8,5.56,2598.6,29.9,54.2,Banana
287.5,58,364,16,83.8,6.53,2485.1,25.2,72.1,Banana
354.3,36.1,397.7,25.7,87.8,6.14,2131.9,21.6,68.1,Banana
254.8,51.1,436.1,23.7,85,6.06,2228.6,23.6,78.7,Banana
332.1,76.2,444,31.7,81,6.25,2175.1,23.3,64.3,Banana
269.1,42.6,218.7,29.2,90,5.72,2244.3,27.3,70.4,Banana
309.5,67.4,393.5,29.6,65.5,6.61,2394.7,26.7,63.7,Banana
313.9,52,367.3,28.8,67.7,6.28,2466.2,27.5,33,Banana
332.9,58.8,379.7,25.4,79.9,5.93,2285.3,29.6,53.9,Banana
155.9,47.2,318,29.7,72.7,6.18,2025.6,28.2,64.8,Banana
344.9,30.6,345.2,27.6,90,6.67,2223.9,25.6,63.5,Banana
325.1,69.8,337.9,26.6,71.5,6.49,2228.5,25.9,64.5,Banana
246.3,57.4,358.5,29.6,78.3,5.78,2097,22.5,54.5,Banana
314.5,80,420.5,38,78.9,5.71,1960.2,27.1,68.6,Banana
299.6,52.4,500,32.4,60,5.93,2036.7,25.8,65.9,Banana
315.6,32.3,377.7,29,66.8,5.99,2344.7,30.5,71.6,Banana
294,44.6,434.8,25.6,69,5.8,2511.1,26.3,56.3,Banana
325.5,54.9,408,25.8,62.5,5.78,2035.8,22.6,56.8,Banana
351.6,55.4,457,27.5,86.1,5.3,2240.1,23.6,55.5,Banana
340.2,25.8,469.8,23.4,81.8,5.91,2545.3,27,59,Banana
272.8,55.5,474.5,28.3,60,5.68,1870.4,23.3,52.2,Banana
255.4,55.3,341.8,32.3,66.6,6.28,1664.1,25.9,53.4,Banana
257,67.1,485.1,30.3,89.3,7,2331.5,26.1,49.5,Banana
240.2,55.6,375.3,22.8,62.5,6.52,1500,35,72.4,Banana
312.5,39.3,382.4,22.3,69.4,5.7,2313.2,23.3,62.1,Banana
336.1,38,403.5,24.3,78.2,5.78,2233,22.3,80,Banana
313.6,40.6,450.3,24.2,74.7,6.11,2579.4,20.8,48.6,Banana
267.2,41.2,440.3,29.3,67.2,6.17,2043,18.8,47.1,Banana
361.4,32.6,349.2,29.8,70.7,5.61,1916.5,25.4,49.2,Banana
337.4,54.6,410.3,27.2,60,6.57,2338.7,21.3,56.2,Banana
380.7,43.6,413.9,30.4,68.9,5.73,2183.3,24.4,78.8,Banana
282.7,68,468.4,27.4,80.7,6.17,1975.1,27.3,55.5,Banana
316.3,71.3,429,27.8,86.4,5.83,1884.9,29,51.6,Banana
290.6,69.7,474.7,26.3,90,6.29,2408.8,29.6,48.8,Banana
321.5,65.7,500,28.7,66.5,6.01,2081.9,31.6,73.3,Banana
308.4,43,362.1,23.8,66.9,5.99,2249.7,26.3,51.5,Banana
324.6,32.7,500,32.8,71.3,6.57,1988.1,23.3,48.6,Banana
378,40.2,500,21.8,86.3,6.02,2475.1,19.6,55.4,Banana
367.6,48.4,379.3,27.6,66.5,6,2063.9,27.1,65.2,Banana
253.4,44.8,372.3,21.9,66.9,6.36,2390.4,29.7,58.6,Banana
400,38.4,426,28.6,65.7,6.39,2167.7,28.2,47.8,Banana
325.5,29.8,341.1,27.2,90,6.11,2161.2,20.8,78.7,Banana
207.9,80,336.7,27.1,72.8,6.53,2074.9,35,49.7,Banana
189.1,47.9,401,26.7,89.9,5.87,2392.7,23.7,56,Banana
350.6,62.5,430.7,24.8,78.5,5.61,2112.7,30.3,44.6,Banana
299.4,50.8,413.4,24.4,70.9,5.95,2163.3,33.9,65.7,Banana
287.6,33.7,336.9,29.1,75.5,6.86,2247.8,25.7,57.6,Banana
242.4,45,414.3,27.8,78,6.37,2032.7,31.7,49,Banana
376.4,66.4,379.4,23.5,69.4,5.8,2049.7,32.7,55.9,Banana
254.4,54.4,354,28.9,61.6,5.64,2381,22.5,59.6,Banana
311.2,64.5,373.7,24.9,84.3,5.81,2203.4,27.1,64.8,Banana
271.2,54.1,368.4,28.6,77.5,6.08,1968.2,27,55.3,Banana
275.8,53.1,244.2,25.5,78.1,5.95,1993.9,28.3,60.5,Banana
302.7,80,362.3,31.7,62.5,5.98,2285.9,21.4,62.9,Banana
362.1,32.2,425.6,26.4,71,6.01,2306.2,21.7,69.3,Banana
251.5,54.4,437.1,30.6,60,5.65,2185.6,25.6,65.3,Banana
279.1,80,374.9,28.7,63.8,6.06,2098.3,26.5,60.3,Banana
335.9,21.9,443.3,26.9,81,5.73,2072.5,26.7,56.9,Banana
196.9,46.5,385.2,27.7,79.1,5.72,2062.4,24.3,65.9,Banana
332.5,36.3,409.8,32.8,80.5,5.91,2047.5,27.2,65.5,Banana
362.1,44,374.8,28.1,84.6,5.51,2090.4,21.7,60.1,Banana
274.8,40.6,500,30.6,83.5,5.85,2137.1,30.5,67.8,Banana
259.5,47.9,459.7,26.6,90,5.92,2073.3,28,75.2,Banana
240.8,28.4,322.3,26.1,67.5,5.89,2089.3,28.9,51.4,Banana
284.3,59.1,379.3,30.5,73.2,6.13,2044.3,24.6,67.5,Banana
289.8,20,403.6,21.4,89.3,5.66,2192.3,26.6,50.9,Banana
374.2,21.4,374.1,19.1,85.5,5.49,2195.3,30.8,47.5,Banana
298.6,30.7,378.9,26,82.4,5.95,2133,26,49.7,Banana
288.8,29.5,408,23.4,90,6.34,2085.5,27.4,71.9,Banana
264.2,69.3,417.9,27.6,86.9,5,2046.8,27.3,76.4,Banana
305.5,80,200,24.3,82.5,6.29,1901.1,26.4,70.7,Banana
242.1,60.2,427,38,75.3,6.14,2029.5,18.3,55.8,Banana
244,36.9,376.7,27.9,90,5.96,2058.8,21.4,68,Banana
242.6,40.4,388.3,25.6,76.2,6.3,2204.4,26.6,73.2,Banana
400,37.4,394.4,21.5,64.3,6.72,2335.9,23.3,66.6,Banana
245.5,60.1,423.1,23.9,68.1,6,2138.2,28.4,74.5,Banana
341.7,57.4,438.3,35.5,76.9,6.41,2449.1,33.5,64.9,Banana
307.8,38.7,349.2,26.2,73.6,6.11,2237.3,25,50.1,Banana
307.4,43.6,438.8,26.2,83.1,6.13,2239.8,24.5,43.6,Banana
343,40,310.1,31.6,69.7,5.97,2350,20,62.7,Banana
260.5,38.2,375.7,27.3,88.9,6.28,2299.2,27.5,60.3,Banana
302.6,63.2,310.5,22.6,60,6.61,2001.6,25.7,80,Banana
278.8,30.4,351.6,27.1,75,6.46,1983.5,21.5,57.1,Banana
258.3,40.8,386.3,21.9,90,5.96,2147,25,55.4,Banana
275.6,58.5,407.4,25.2,76.9,5.69,2095.1,25.2,70.9,Banana
400,60,275.6,23.5,72,5.87,2186.8,25.6,63.7,Banana
318.7,28.5,200,27.9,71,5.47,2119.3,27.3,55,Banana
293.3,80,297.8,22.2,87.7,5.51,2293,27.6,55.7,Banana
199.1,59.3,396.3,26.7,72,6.03,2457.6,28.8,37,Banana
368.9,36.6,472.1,25.3,61.5,6.3,2060.7,21.4,62.7,Banana
262.6,60.7,424.4,28.4,82.7,5.85,2074.7,24.6,46.6,Banana
269.6,67.2,376.6,25.4,70,5.68,2220.8,24.8,80,Banana
304.7,39.5,489.5,32.1,77.6,6.17,2472.7,24.1,80,Banana
163.7,55.2,435.3,30.8,73.5,6.09,2387.5,27.2,62.9,Banana
231,57.2,412.1,25.7,69.8,6.19,2196.7,24.1,58.6,Banana
249.6,42.4,498.3,25.4,67.2,6.53,2195.1,24.6,57,Banana
310.2,49.5,425.2,28.3,68.9,6.09,2135.2,23.2,65,Banana
286.1,56.6,316.1,31.5,70,5.97,2391.9,31.8,51.4,Banana
282.9,51.7,443,29.3,74.4,5.8,2407.3,24.5,52.5,Banana
310.8,39.5,471.6,27.6,89.2,5.79,1964.7,21.5,58,Banana
395.9,48.4,266.7,26.1,76.2,5.79,2448.7,27.6,52,Banana
256.5,35.7,377.7,28.6,60,5.99,2062.6,30.4,66.2,Banana
331.9,29.6,431.9,28.6,75.5,6.1,2306.9,24.1,54.8,Banana
359.2,20,368.1,27.8,90,5.78,2097.3,20.2,52.3,Banana
312.6,68.2,427.5,32.3,73.5,5.26,2193.6,23.4,54.9,Banana
343.3,80,347.5,25.4,76.9,6.44,2282.4,20.9,48.6,Banana
232.1,80,334.7,28.9,90,5.41,2110.9,29.6,58.4,Banana
372.1,56.6,445.2,25.1,90,6.01,2103.7,21,72.2,Banana
252.7,38.7,398.8,24.8,86.2,6.08,2127.7,22.2,55.9,Banana
400,69.8,417.6,33.6,88.4,6.05,2096.6,27.5,56.7,Banana
158.3,35.7,349.8,27.3,79.4,6.06,2355.1,25.9,57.7,Banana
295.9,47.6,399.9,23.4,90,5.97,2046.5,27.4,67.4,Banana
298,49.5,417.8,25.3,67.3,5.8,2199.4,24.4,60.1,Banana
286,80,407.9,22.4,70.5,5.92,2216.4,22.4,65.5,Banana
253.8,20,381.1,25.6,77.9,6.02,2129.5,29.9,60.5,Banana
311.5,37.9,324.7,26.5,82.2,5.71,2424.3,28,66.1,Banana
298.6,44,500,30.4,79.1,5.78,2194,24.1,56.4,Banana
314.9,45.4,436.6,26.2,69.8,5.62,2278.9,24.1,51.2,Banana
337.2,53.7,289,27.1,81.2,5.81,2054,27.7,56.4,Banana
252.4,62.8,500,25.7,74.8,6.04,2303.6,24.1,45.1,Banana
340.2,42.1,500,25.6,77.7,5.83,2142.5,24.5,57.6,Banana
308.3,44.3,427.6,29.8,80,5.88,2152.7,22.9,64.5,Banana
319.7,40.6,373,38,73.2,5.79,2069.4,18.3,53.6,Banana
238,63.2,383.1,26.5,78.6,5.98,2199.8,23.8,66.7,Banana
236.3,42.4,394.5,27.7,81.2,5.36,1932,28,66.7,Banana
222.8,44.1,449.9,27.9,77.4,6.12,2421,24,47.7,Banana
318.1,22.9,417.9,27.6,75.5,6.43,2241.2,21.7,67,Banana
306.5,60.4,373,32.3,75.3,6.01,1962.5,28.2,67,Banana
338.9,38.8,344.6,25.8,72.2,5.94,2203.2,27,54.7,Banana
301.2,49.3,380.8,30.7,65.4,5.94,2104.4,18,68.7,Banana
324.4,43.3,411.8,28.8,68.6,5.74,2161.1,27.2,55.5,Banana
245.3,20,437.3,30.7,76.5,6.12,2320.6,31.3,56.9,Banana
260.5,44.7,381.2,29.5,69.7,5.94,2800,29.8,57.2,Banana
350.6,54.3,385.2,23.6,66.3,5.68,2006.8,28.8,54.5,Banana
285.8,36.5,401.5,28.7,85.6,5.67,2205.8,20,63.1,Banana
268.6,28.4,417.2,27.8,69.4,6.07,2205.4,19,80,Banana
275.2,39.9,377.1,21.2,75,5.73,2506.3,19.7,76.3,Banana
210.7,40,402.2,26.7,81.7,6.67,2235.5,24.8,69.5,Banana
284.7,51.7,378.3,28.4,67.7,5.46,2225.4,24.6,54.9,Banana
234.8,46.1,429.1,28.1,74.9,5.88,2145.9,28.6,41.8,Banana
191.8,58.1,393.8,24.8,60,6.13,2222.1,18.9,61.3,Banana
360.3,59.9,397.2,28.7,78.3,6.23,2288.4,26.9,54,Banana
242.9,71.9,424.3,28.1,60.2,6.14,2222.6,20.7,51.9,Banana
210.5,53.9,414.6,29.3,64.4,5.86,2291.3,29.6,46.3,Banana
333.6,52.9,390,28.6,70.2,6.33,1582.2,25.9,80,Banana
358.1,20,394.7,22,64.9,6.47,2310.7,27.4,63.5,Banana
267.6,65.8,292.2,26.2,73.3,5.89,2043.7,25.4,48.3,Banana
280.5,52.1,378,26.9,74.3,6.04,2205.2,20.2,58.9,Banana
298.3,43.4,365.4,26.9,71.7,5.44,2120.4,30.5,58.4,Banana
400,50.7,424.2,27,74.3,6.14,2281.3,24.9,59.1,Banana
320,29.1,491.2,19.7,60,6.05,2209,25.6,54.5,Banana
260.5,32.7,340.2,27.3,90,6.22,2322.2,24.7,57.7,Banana
270.1,60.7,500,29.7,68.3,6.13,2111.5,30.5,60.4,Banana
326.4,64.5,378.9,27.3,85.5,6.22,2327.2,30.5,53.1,Banana
279.6,80,500,23.8,82.1,6.55,2196.9,29.1,49.1,Banana
218.9,59.3,439.2,26,77.4,5.74,2059.4,24.4,61.7,Banana
292.4,56.9,483.1,29.6,83.4,5.67,1807.4,30.3,66.7,Banana
281.9,30.6,434.7,26.5,66.9,5.7,2281,25.9,66.3,Banana
262.2,47.7,406.8,21.6,60,5.11,2300.6,27.5,70.9,Banana
259.1,65.5,353.2,23.6,90,5.93,2387,28.1,53,Banana
370.9,53.1,454.9,25.9,77.4,5.42,1963.4,18.5,48.6,Banana
297.5,47.3,421.9,24.2,87.1,5.81,2104.4,31.6,38.5,Banana
399.3,37.7,440.6,23,90,6.14,2348.4,29,80,Banana
351.3,45.2,358.9,23.8,71.3,6.47,2331.2,27.3,52,Banana
400,43.3,348.3,26.6,87.3,6.04,2315.8,28.7,79.8,Banana
265.8,32.1,346.7,32.5,90,5.77,2707.9,29.9,71.7,Banana
287.6,54,477.9,26.4,79.3,6.59,2262.8,26.3,56.5,Banana
314.9,59.8,432.8,25.2,76.2,6.2,2299.7,35,56.3,Banana
400,48,461.3,26.7,77.8,6.18,2224.2,25.4,67.5,Banana
239.9,60.2,417,31.1,90,6.07,1995,34.1,65.5,Banana
400,39,330.6,31.4,87.9,6.21,1500,26.5,45.9,Banana
304.7,41.8,360.7,24,66.5,5.7,2317.3,25.1,53.1,Banana
352.2,49.6,373.3,26.7,89.6,5.66,2284.1,25.8,43.2,Banana
330.8,51.1,364.2,28.2,72.8,6.26,2362.3,25.3,33.5,Banana
239.3,52.7,414.1,30,66.9,5.86,2311.9,24.6,80,Banana
245.8,69.3,370.9,26.6,63.5,6.06,2284.3,29.7,63.3,Banana
329.4,52.3,379.2,27.1,81.5,5.91,2077.2,28.2,80,Banana
297.1,67.9,374.2,22.4,73.7,5.4,2196.5,21.6,55.4,Banana
338.2,62.7,448.6,26.4,77.6,6.22,2142,26.5,66.8,Banana
332,62.2,500,27.4,74.8,5.6,2121.9,22.8,69,Banana
308,61.6,385.3,25.2,82.9,6.04,2449.7,28.5,60.6,Banana
374.2,55.7,351.7,27.3,73.1,5.82,2271.4,28,67.9,Banana
227,52.4,342.4,24.1,60,5.98,2340.7,31.7,75.5,Banana
259.2,20,341.1,27.1,63.5,6.42,2251.9,18,56.7,Banana
298.7,26,374.6,27.1,78,5.67,2082.3,27.9,49.6,Banana
301.9,55,490.7,26.7,80.3,5.75,2181.6,24.1,57.7,Banana
259.9,52.8,375.8,29.3,66.9,5.62,1835.5,26.7,62.1,Banana
306.6,56.7,435.4,29.4,65.7,5.96,2157.3,26.2,55,Banana
333.5,63.4,389.9,26.4,84.6,6.11,2407.5,22.1,60.7,Banana
306.9,59.5,383.2,29.1,60,5.71,2425.1,28.7,59.1,Banana
336.8,62,301.2,27,67.9,6.18,2284.3,25.4,76,Banana
299.3,44.3,364.6,28,75.7,6.23,1828.4,27.5,48.1,Banana
235.8,25.5,500,26.9,89.2,6.39,2001.5,25.4,50.1,Banana
328.4,20,358.7,27.9,73.2,6.08,1962,34.9,56.7,Banana
264.4,37,361.8,25.1,84.3,6.52,2044.2,25.4,55.1,Banana
231.7,32.8,414.7,26.6,79.6,5.48,2061.8,25.2,50.8,Banana
286.2,42.9,405.5,24.3,69,6.23,2337.6,21,64.4,Banana
347.8,21.1,489,27.4,76.4,5.9,2028.4,28,50.6,Banana
358.5,37,420.4,27.9,77.5,6.14,2257,19.4,73.1,Banana
339.4,67.7,394.4,26.7,66.9,6.06,1985.4,21.8,55.6,Banana
300.8,55.2,387.1,24.7,84.2,6.2,2470.4,24.4,72,Banana
352.6,41.6,388.9,24.3,82.5,5.88,2276.6,27.3,59.9,Banana
356.6,28.1,384.1,25.5,84.9,6.18,2100.6,29.8,80,Banana
315.5,60,498.5,28.5,73,5.21,2134.1,28.6,70.6,Banana
268.4,36.5,455.5,27.4,82,5.35,2098.6,26.4,64.3,Banana
304.1,80,407.6,32.5,60,6,2361.7,31.7,80,Banana
278.7,58,339,23.8,60,5.83,2014.8,31,50.5,Banana
337.6,59.6,377.6,24.7,84.7,5.9,1861.9,24.7,53.2,Banana
330.4,43.3,403.9,25.5,77.8,6.27,2090.6,29.8,71.4,Banana
261.4,52.3,380.9,32.9,88.7,5.93,2174,20.2,42.7,Banana
323,49.7,481.3,27.9,85.4,6.48,2219.8,26.7,73.6,Banana
321.6,37.3,457.6,29.7,61,5.32,2181.5,27.6,61.6,Banana
245,72.4,467.4,23.7,60.2,5.95,2469.4,32.9,66.5,Banana
264.1,44.8,385,26.1,67.2,6.29,2368.1,30.3,63.6,Banana
341.5,25.7,436.3,28.9,67.8,6.09,2214.8,24.7,57.7,Banana
358.6,40.6,431.3,23.3,76.4,5.8,2039,18.3,67.7,Banana
259.7,48.8,493.8,27.2,60,6.1,2800,21.7,77.7,Banana
241.7,66.6,445.9,24.1,78.5,6.3,2449,26.8,40.7,Banana
400,48.8,423.1,27.9,83.2,5.82,2460.3,23.7,51.1,Banana
309.8,64.4,410.4,23.1,71.2,6.11,2312.2,29.5,69.6,Banana
379.1,36.4,480.9,21.8,75.2,6.1,1973.7,24.4,53.1,Banana
255.4,34.1,488.1,24.4,71.4,5.76,2192.2,23.4,69.6,Banana
248.7,40.5,332.3,29.2,87.4,5.9,2175.5,23.6,41.4,Banana
271,56,389.6,23.6,81,5.7,2068.7,28.4,52.1,Banana
282.5,47.1,471,24.7,66.3,6.65,2180.5,29.5,63.2,Banana
239.7,58.7,377.9,22.7,72.8,6.06,2336.5,33.3,69.7,Banana
349,55.9,435.3,25,60,6.12,2277.2,29.9,74.3,Banana
229.6,42.7,395.9,28.2,79.8,5.47,2341,22.7,47.3,Banana
348.2,29.1,478.4,28.3,82.9,6.23,2043.8,23.8,62.1,Banana
379.5,61.7,422.1,18.9,72.6,5.64,2033.4,25.2,68.5,Banana
311.7,51.5,349.2,23.8,68,5.83,1850.8,24.1,50,Banana
279.2,44,361.9,29.1,84.1,6.31,2800,23.8,62,Banana
305.9,55.8,400,25.9,61.3,6.35,2046.2,23.2,49,Banana
301,46.4,386.1,24,76.5,6.32,2173.5,18,57.9,Banana
270.4,77.6,362,27.9,66.9,5.69,2139.3,24.3,67.4,Banana
294.7,62.1,408.6,29,63.7,6.04,2111.8,23.1,57.4,Banana
353.2,50.4,343.8,29.8,66.5,6,2324.7,27.7,63,Banana
355.4,20,488.1,26.4,85.9,6.23,2300.2,20.5,71.7,Banana
317.8,41.8,485.1,29.1,87.8,5.95,2121,26.2,71.8,Banana
295.1,50.4,356.8,21.1,78.3,7,1971,28.5,51.3,Banana
243.2,70.2,374.4,31.2,66.2,6.59,2202.6,18.9,51.2,Banana
232.1,69.3,429.6,32.4,80.3,5.92,2407,35,49.7,Banana
269.6,52.8,390.4,29.4,76.6,5.94,1856.4,24.5,46.9,Banana
201.5,63.4,389.9,26.4,77,5.83,2800,23.1,46.5,Banana
294,59.3,379.4,31.2,65.6,5.44,1872.6,18,59.6,Banana
327.9,62.2,405.5,28.9,80,6.1,1666.7,25.7,59.9,Banana
358.3,63.5,372.3,31.2,86.8,5.89,2402.2,22.6,45.3,Banana
239.5,75.3,376.5,28.2,86,5.58,2266.6,21,80,Banana
346.8,80,394.6,26,68.1,6.5,2159.6,25.1,78.4,Banana
211.6,61,367.3,22,62.7,6.15,2122.1,22.9,66.1,Banana
357.2,53.6,342,25.6,77.5,5.81,2297.9,20.9,66,Banana
287.7,40,446.1,27,73.8,5.95,2066.7,25.4,52.9,Banana
297.3,79.3,418.7,27.5,83.9,6.04,1988.5,33.5,80,Banana
366,58.4,432.4,23.9,63.1,6.46,2338.5,27.5,64.6,Banana
283.9,56.7,396.3,25.1,68.9,6.42,2100.3,29.3,55.1,Banana
213.5,55.8,392.9,31.6,89.4,5.72,2395.3,25.6,50.9,Banana
225.3,58.4,379.4,25.2,61.1,6.22,2197.1,28.6,70.7,Banana
355.4,43.6,444.2,27.3,80.9,6.41,1785.5,30.8,62.5,Banana
288.7,36.7,442.9,28.4,65.7,5.58,2101.5,25.6,54.8,Banana
262.5,51.2,357.9,23.3,61.8,5.74,2213.8,24.1,57.7,Banana
239.3,25.2,362.2,24.1,74.4,5.3,1939.6,25.7,52.6,Banana
291.6,44.4,339.4,26.3,66.1,5.58,1925,28.4,58.6,Banana
257.8,44.8,375.3,33.5,86.6,5.64,2314.9,27.5,47.7,Banana
332.6,31.9,435.2,26.3,85.4,6.3,2250.1,26.2,68,Banana
319.5,55.1,336.2,31,83.8,6.07,2020,34.4,60.4,Banana
317.7,39.2,323.9,29.8,74.7,6.24,2469.8,28.8,58,Banana
291.5,73.4,383.4,26.4,65.9,5.37,2077.6,27.4,64.3,Banana
360.1,32,427,28.4,65,6.31,2021.3,28.1,60.1,Banana
219.6,50.4,399.8,32.1,79.6,6.15,2475.4,18.5,60.9,Banana
226.7,41.9,427.4,30.9,64.6,5.85,2477.1,24.2,60.1,Banana
307.6,20,442.3,29.3,67.8,5.97,2271.8,25.9,49.3,Banana
305.1,57.2,410.9,25.9,71.1,6.04,2159.1,19.1,59,Banana
336.4,37,324,28.7,67,6.08,2106.1,28.4,58.4,Banana
354.5,65.9,450.7,24.3,74.5,5.92,2589.8,30,53.5,Banana
313.5,62.2,462.4,24.4,90,7,2316.5,23.3,67.5,Banana
350.8,47,399.2,20.4,77.7,5.56,2275.8,25.4,52.4,Banana
352.4,68.5,462.4,24,69.6,6.22,2319.6,26.4,73.6,Banana
363,35.5,339.9,21.3,60,5.85,2142.3,28.3,59.9,Banana
191.6,51.4,407,22.1,80.4,6.39,2531.2,27.2,68.7,Banana
346.3,42.5,469.6,26.7,78,5.68,1970.1,25,78.8,Banana
221.5,52.2,372.1,27.8,77.4,5.89,2170.1,34.2,55.9,Banana
299.3,59.6,407.1,23.4,75.9,5.7,2032.7,24.6,69.8,Banana
323.5,52,335.2,32,90,5.96,1877.7,24.6,74.2,Banana
354.3,37.3,453.8,21.7,90,5.82,1887.1,28.4,57.3,Banana
384.3,28,485.1,28.2,90,5.94,2641.7,18.8,66.4,Banana
260.5,34.1,307.7,25.3,85,5.38,2356.2,27.7,68.3,Banana
304,41,371.8,26.2,60,6.16,2403.8,25.1,72.6,Banana
357.3,54.1,441.8,20.8,72.1,5.62,2359.8,35,77.9,Banana
228.8,33.5,344.7,21.6,78,6.13,2221.2,27.7,66.5,Banana
237.3,24.9,415.9,27.2,61.5,6.04,2163.2,26.7,57.3,Banana
316.9,66.2,405.4,27.4,74.8,6.23,2501.6,21.5,50.7,Banana
312.2,51.1,365.7,25.6,60,7,2349.7,25,62.6,Banana
321.1,48.5,316.3,22.1,64,6.03,2077.5,24.6,65.8,Banana
304.1,44.1,453.7,31.1,70,5.41,2218.4,25,68.1,Banana
145.9,46.9,334.6,22.2,72,6.45,2431,23.5,47.4,Banana
287.4,43.4,400,25.5,81.2,5.89,2401.5,31,49.7,Banana
273.9,61.1,363.3,29.9,83.7,6.3,2275,25.4,61.5,Banana
278.1,66.6,391.7,23.5,86.2,6.21,2047.3,28.3,49.5,Banana
191.1,35.7,500,21.8,90,5.9,2204.4,29.6,76.5,Banana
271.3,44.2,359.8,26,76.4,5.96,2430.9,24.2,74.6,Banana
400,44,376.2,37,88.5,6.22,2106,18,55.6,Banana
287.4,49.2,392.4,23.5,79.4,6.06,2088.7,30.9,51.3,Banana
277.6,33.3,421.2,25.8,71.9,6.5,2128.1,23,63.1,Banana
255.1,60.1,331.4,27,78.4,6.37,1970.5,24.9,65.2,Banana
358,44.7,472.2,27.4,70,6.03,2351.8,24.3,55.5,Banana
357.5,38.1,346.2,32.3,86.3,6.07,1984.2,29.2,69.6,Banana
343.5,45.6,406.5,30.6,85,5.45,2080.2,21,64.9,Banana
356.5,75.8,365.5,24.3,60,5.82,2075.8,25.7,52.1,Banana
230.2,44.1,290.9,21.4,60.6,5.46,1837.2,28,59.8,Banana
277.3,62.3,411,30.4,78.6,6.06,2406.5,24.9,74.8,Banana
400,54.6,379.6,28.4,84.6,6.03,2263,19.3,71.8,Banana
268.2,52.7,413.1,24.9,60,6.25,2553.6,20,49.6,Banana
400,28.1,436.4,27.2,69,7,2344.4,27,58.7,Banana
384.4,56.6,371.9,27.4,82.2,5.8,2227,35,50.4,Banana
294.1,48.2,415.3,22.9,62.3,6.12,2800,22.6,56.7,Banana
251.2,42.6,500,38,70.8,5.97,1937.7,21.1,51.6,Banana
314.5,70.7,446.8,24,81,6.33,2167.9,25.1,53.2,Banana
308.2,56.6,500,27.4,86.9,6.11,2327.9,21.8,49.4,Banana
307.9,43.4,500,21.6,79.5,6.4,2800,25.5,76.1,Banana
223.5,60.3,361.2,27.5,90,5.97,2111.9,26.7,80,Banana
256.7,20.1,357.2,28.8,78.6,6.97,2177.6,25.3,47.8,Banana
383.8,35.6,500,24,74.2,6.15,2328.5,24,55.4,Banana
133.2,54.4,385.3,26.1,73.9,6.36,2125.9,24.9,59.4,Banana
213.4,61.7,333,38,75.1,7,2263.8,22.9,64.3,Banana
224.6,42.5,385.3,37.3,71.2,6.22,1959.7,18,65.3,Banana
311.9,36.3,300.5,34.5,65,6.17,1857.5,33.1,52.2,Banana
282.4,50.3,470.4,26.2,81.5,5.98,2319.1,25,63.3,Banana
290.7,53.5,500,25.6,88.9,6.29,2527.6,27.1,58.1,Banana
243.2,51.2,426.7,27.1,80.2,6.19,2571.4,26.2,55.3,Banana
246.7,53,421.3,27.9,77.8,5.49,2233.8,23.5,59.2,Banana
381.3,59,384.4,29.4,87.5,5.66,2360.5,30.1,70.5,Banana
271,70.1,415.1,23.5,71.5,6.33,2252.6,29.9,54.9,Banana
255.7,66.9,438.2,28.6,85.5,5.93,2179.2,25.5,60.8,Banana
248.3,38.8,482.9,16,61.9,5.81,2084.6,22.2,59.5,Banana
148.5,20,407.6,32.6,68.2,5.91,2161.7,25.5,50.3,Banana
275,30.4,372.3,34.2,79.1,5.82,2426.9,29.2,60.5,Banana
329.9,61.2,342.9,23.5,72.7,5.71,2603.2,26.5,64.7,Banana
223,61.7,389.4,27.7,73.8,6.38,2143.6,21.9,44.9,Banana
333.8,51.7,420,27,65.8,5.99,2118.8,25.9,80,Banana
281.5,54,358.9,26.2,90,5.49,2055.8,28.5,58.9,Banana
281.2,63.7,460.8,26.2,60,6.39,2248.1,24.2,56.6,Banana
392.4,80,408.3,25.8,64.9,5.86,2669.7,28.8,63.8,Banana
231.6,50.9,254.6,29.8,70.8,5.99,1979.4,29.8,51.1,Banana
325.6,41,301.7,28.4,89.9,5,2190.8,26.9,58.4,Banana
280.1,41,410.8,29.4,88.6,5.54,2340.3,27.5,79,Banana
293.2,23,389.5,19.9,79.3,6.04,2318.2,23.1,68.3,Banana
248.3,23.7,500,25.1,68.2,6.48,2399.7,31,67.8,Banana
246.4,62.7,428.6,29.2,81.1,6.21,2031.4,23.6,64.6,Banana
267,61.1,391,30.9,86.3,5.83,2262.8,29.6,61.3,Banana
298.7,24.7,388.3,28,75.9,6.16,2132.3,26.2,49.7,Banana
385,66,420.9,24.1,86.3,6.41,2422.9,20.5,57,Banana
303.3,44.9,391.7,24.1,63.1,5.57,2113.7,28.6,71.5,Banana
290.1,26.8,393.8,29.5,74.9,5.76,2010.9,27.2,64.7,Banana
299.5,62.2,370.7,25.9,81.8,6.07,2175.6,22,67.2,Banana
314.3,63.5,327.2,28.5,83.8,5.56,1986,24,70.7,Banana
249.1,53.6,423.4,27.6,74.4,6.19,2379.4,21.5,67.6,Banana
261,29.5,366.2,26.2,71.1,6.12,2432.5,23.9,62.3,Banana
371.8,55.6,397.4,29.3,71.8,6.5,2532.2,32.3,56.4,Banana
297.7,61.6,445,22.9,84.5,6.21,2128.6,29,41.3,Banana
285.8,26.3,397.3,30.2,68,5.84,2392.2,27.8,52.6,Banana
282.5,37.7,428.4,31.2,68.8,5.77,2722.9,27.4,60.2,Banana
277.8,51.7,326.8,25.3,73.9,6.14,2217.4,22,71.8,Banana
240.2,40.9,427.3,24.8,75.7,6.14,2287,28.2,68.7,Banana
275,47.7,371.3,31.8,65.6,5.79,2214.5,29.7,61,Banana
155.7,24.3,335.4,21.5,70.5,6.11,2219.4,20,74,Banana
400,66.4,423.1,29.1,66,6.11,2578.7,28.8,60.7,Banana
288.7,76.1,446.2,31.3,73.5,6.07,1901.5,20.2,55.5,Banana
347.1,74,421.7,23.3,60,6.53,2171.1,27.8,46.6,Banana
228.1,48.1,424.2,27.3,76.9,6.71,2464.1,29.8,43.8,Banana
261.8,54,317.4,28.1,74.3,5.99,1974.3,28,51.2,Banana
380.8,39.9,382.5,32.1,90,5.86,2354.2,25.5,71,Banana
241.2,48.5,445.8,24.1,90,5.67,2142.6,26.2,56.9,Banana
371.3,73.5,332.2,24.4,68.7,6.58,2773,23.5,59.7,Banana
292,33.9,358.4,38,90,5.56,2174.2,27.8,58.2,Banana
325.4,20,385.4,26.8,73.9,6.49,2124.7,24.1,51.7,Banana
319.4,55.3,373.6,27,80.1,5.77,2022.5,18.9,69.8,Banana
389.8,55,437.7,29.7,60,6.07,2197.9,24.6,65.2,Banana
259.8,53.6,388,31.1,62.1,5.86,2372,29.2,53.4,Banana
292.8,51.9,500,23.3,74.3,6.1,2765,20,75.7,Banana
347.7,39.5,500,30.3,71.3,5.31,2253,34.4,60.2,Banana
330,80,307.5,27.5,84.4,5.6,2020.7,29.2,51.5,Banana
239.7,55,373.2,31.4,69.1,5.81,2800,18.9,69.8,Banana
299.6,69.5,365,30.1,86.7,6.24,2602.7,30.3,77.8,Banana
365.4,33.7,437.8,23.9,66.1,5.49,1780.4,30.9,62.2,Banana
348.9,48.6,356.9,24.9,80.8,5.69,2145.2,20.8,63.9,Banana
317,60.8,447.6,27.9,85.7,5.72,2019.7,21,78,Banana
247.1,62.2,220.8,25.4,83,6.1,1957.4,29.1,70.9,Banana
289.9,54.1,364.5,26.3,69.4,6.13,2418.2,35,72.4,Banana
344.3,23.5,398.8,23.9,75.8,6.01,2138.4,27.4,52.9,Banana
337.3,53.3,461.4,30.8,63.5,5.93,2142.3,25.7,57,Banana
314.1,29,383.9,30,79.7,6.28,2036.9,28,58.7,Banana
317.2,53.5,377.7,26,80.2,5.96,2324.6,23.9,43.6,Banana
190.5,46.9,340.5,28.3,76.8,6.06,2158.1,28,57.3,Banana
359.3,66.1,454.5,27.8,67.5,5.94,2329.3,33.1,38.3,Banana
344,38,332.3,28,68.8,6.25,2220.7,22.2,54.2,Banana
222.8,69.1,344.6,25.5,68.4,6.18,1500,20.3,59.4,Banana
70.2,54.2,143.3,30,76.6,7.34,840.7,27.1,33.7,Mango
16.7,40.4,55.1,29.1,86.8,6.25,914.2,32.2,35.8,Mango
81.4,42.4,156,24,81.1,6.05,988.6,32.4,41.9,Mango
24.9,38.5,92.6,29.4,71.4,5.5,1100,28.7,53.3,Mango
37.2,49.6,69.5,30,84,6.51,868.2,29.6,33.1,Mango
46,21.9,118.5,28.5,75.4,6.51,1046,26.7,50,Mango
76.7,39.2,68.6,28.9,81.5,5.5,1066.5,29.5,56.4,Mango
51.4,38.7,148.9,27.1,85.9,6.55,861.1,29,36.8,Mango
65.7,16.6,152.4,29.3,80.7,6.98,905.2,30,54.5,Mango
78.1,46.9,145.9,29.7,82.3,7.21,1026.8,30.3,51.3,Mango
65.6,28.9,121.3,28.5,74.8,6.84,899.2,32.6,34.6,Mango
49.3,39.4,93.8,24.5,82.8,6.7,1019.3,28.4,38.8,Mango
31.7,34.6,147.3,30,75.7,6.06,1018,24.8,39.9,Mango
43.6,30.8,155.6,27.3,86.4,6.29,893.1,32.7,56.2,Mango
20.3,39.7,124.5,24,78.2,5.55,913.6,31.1,49.3,Mango
24.5,36.8,174,25.8,79.2,6.84,929,29.6,54.4,Mango
52.3,41.5,113.2,24,75.3,6.89,846.9,35,67.4,Mango
39.3,47.1,135.4,24,74.2,6.14,1019.8,26.6,57.8,Mango
40.2,72.3,144,25.2,88.6,6.54,999.7,22.9,54.9,Mango
36,37,136,26.4,75.5,7.5,973.3,34,54.2,Mango
46.7,49.7,111.2,27.5,90,6.58,853.2,23.7,32.5,Mango
47.3,35.7,183.5,30,79.6,6.72,989.7,32.6,44.3,Mango
80.4,52.7,128.2,29.8,85.6,6.27,922.6,28,35.6,Mango
39.3,56.9,127.1,30,73.4,6.47,847.8,30.2,43.8,Mango
73.2,44.6,151.8,30,77.5,7.5,1096.5,32.8,47.9,Mango
33.1,32.9,141.8,24.9,81.9,6.29,848.6,30.8,34.4,Mango
35.3,43.4,138.6,26.8,81.5,6.61,1033.8,21.5,44.4,Mango
38.1,43.7,171.2,26.1,73.6,6.17,1017.1,27.2,56.7,Mango
74.2,32.9,126.6,24,79.4,6.27,1035.3,27.4,50.1,Mango
98.8,40.7,98.9,28,84,6.99,897.3,27.6,43,Mango
34.5,21,104,24.2,78.8,6.37,845.1,28.1,35.1,Mango
41.7,42.6,178.9,24,75.8,6.19,883.8,28.3,58.4,Mango
77.8,30.4,186.7,28.1,88.1,7.1,884,21.2,53.8,Mango
32.4,34.8,153,24.5,81.3,6.48,838.6,32,48.5,Mango
36,33.7,139.5,25.9,76.9,5.85,926.2,25.4,55.6,Mango
80.9,53.4,119.7,24.6,83.7,6.58,972.1,27.2,71.5,Mango
43.4,39.4,96.4,25.7,85.2,6.71,920.4,24.2,76.2,Mango
79.1,13.6,140.9,24,76.5,6.59,982.6,35,62.2,Mango
42.6,47.3,89.7,25.7,82.4,6.68,800,27.2,50.6,Mango
39,43.6,134.9,24,80.7,5.74,950.1,30.2,42.3,Mango
33.1,28.5,151.9,24,78.9,7.15,800,29.3,64.2,Mango
34.9,46.8,144.9,26.4,80.2,5.86,930.5,30.7,56.5,Mango
53.2,40.5,161.6,28.2,86.7,5.99,943.6,24.9,63.5,Mango
21,30.5,143.3,29.3,81.4,6.53,800,32.7,47.1,Mango
58.4,32.8,156.6,28.8,80.8,6.97,862.3,28.6,55.6,Mango
29.5,42.6,168.8,24,78.2,6.75,888.1,20,38.1,Mango
27,38.1,156.5,30,79.6,6.28,800,24.8,42.4,Mango
35.8,27.5,147.1,24.5,83.3,7.24,1060.7,30.2,50.5,Mango
63.6,22.9,114.9,24.6,80.5,6.44,1046.7,30.9,55.9,Mango
60.6,38.4,143.3,29.4,77.3,6.3,1067.5,24.5,52.6,Mango
38.8,23.9,128.5,24,80.3,7.21,800,20.2,58.2,Mango
54.5,47.3,169.2,24,77,7.5,840,29.1,48.7,Mango
53.3,50.9,161.5,25.5,82.2,6.64,992.1,29.1,62.7,Mango
32.9,47.4,147.7,29.1,72.5,6.32,956.5,29.3,59.4,Mango
90.3,56.6,126.6,27.1,76.6,5.71,861.5,28.7,58.6,Mango
43.4,43.9,166.6,26.1,80.6,5.76,870.2,24.8,66,Mango
62.3,58,117.4,29.6,76.3,6.37,800,33.1,53.5,Mango
43.3,16.8,195,26.9,80.4,6.21,842.7,33.4,49.9,Mango
24.5,48.1,75.6,28.7,83.5,6.93,846.2,26,56.8,Mango
59.5,33.4,185.3,26.4,90,7.5,1100,26.5,55.3,Mango
57.9,35.9,157.4,30,79.1,5.75,953.5,25.9,55.5,Mango
64.6,37,160.4,29.3,75.4,7.19,869.6,25.6,51.6,Mango
15.6,27.7,162.1,28.6,70,7.23,894.1,29.7,53,Mango
36.6,33.3,96.4,30,71.2,5.99,970.4,31,60.9,Mango
46.7,40.3,76.7,30,84.1,6.31,1031.6,25,47.3,Mango
27.3,23.4,187.5,29.1,74.3,6.12,999,30.8,55,Mango
58.8,55.1,67.5,30,83.4,6.69,932.5,28.1,43,Mango
55.2,41.2,148.3,29.5,81.5,6.51,908.7,25.8,37.7,Mango
49.8,55.2,135.1,30,77.7,5.99,1063.7,33.4,41.8,Mango
41.9,36.6,141.6,30,83,6.24,1100,26.2,50.8,Mango
56.6,54.5,140.1,24.4,71.9,6.57,867.6,24.8,56.3,Mango
36.1,49.1,148.7,24,84.9,6.82,895.7,24.9,51.7,Mango
32.9,33.5,72.9,25.3,73.6,6.71,1025.1,30.5,49.8,Mango
37.1,39.8,117.5,24.4,80.5,6.03,922.1,22.4,57.9,Mango
74.9,64.5,151.1,24.1,88.6,5.8,962.7,35,44.7,Mango
35.6,52.6,145.4,26.8,79.9,6.82,804.1,24.5,43.3,Mango
57.9,38.4,88.6,24,81,6.05,1023.2,20,54.7,Mango
88.9,50.8,115.4,25.5,76.6,5.98,805.9,33.8,30,Mango
59.4,39.3,160.8,24,88.4,5.5,1100,26.5,34.9,Mango
47.6,40.6,75.6,30,81.1,6.49,1027.8,30.6,47.8,Mango
61.4,44,125.1,27.9,77.9,6.08,864.4,20,63,Mango
75.6,49.9,160.9,28.7,86.4,6.72,800,25.9,32.3,Mango
48.1,35.6,149.2,30,81.7,6.93,1008.9,29,51.5,Mango
82,47,95.1,30,84.4,6.42,960.8,27.2,50.9,Mango
47.4,38.3,106.4,24,75.5,6.33,1060.2,29.4,52.3,Mango
57.4,40.3,120.4,24.9,72.1,6.47,800,30.1,30,Mango
50.5,38.3,98.9,26.3,72.2,6.81,941.3,26.5,49.5,Mango
57.7,50.8,134.2,24.8,79,7.03,896.2,31.4,43.8,Mango
61.3,30.8,143.6,30,80.9,5.67,1100,22.7,47.8,Mango
51.4,40.2,100.3,27.2,78.6,5.77,825.3,30.8,60.7,Mango
99.4,32.4,151.7,26.8,77.7,6.55,800,31.4,68.2,Mango
16.6,28.4,163.3,25.5,81.1,7.12,1100,27.9,41.5,Mango
50.2,40,141.1,24.3,87.5,6.15,917.5,26.7,40.7,Mango
65.8,54.7,75.9,24,74.2,5.88,856.5,27.7,57.3,Mango
51.7,31.9,67.6,28.9,78.5,6.46,1081.7,23.5,42.6,Mango
38.3,47.2,135,28,79,6.37,1100,24.5,40.1,Mango
54.5,40.2,142.2,26.8,71.7,7.5,1100,35,44.8,Mango
75.5,31.8,170.4,30,82.9,6.34,1100,29.2,51.5,Mango
61.6,38.4,173.5,27,84,5.82,881.2,24.5,55.5,Mango
36.8,41.6,160.2,24.6,86.4,6.16,800,30.8,41.8,Mango
50.1,16.6,113,29.3,76.6,6.66,969.3,32.7,38.2,Mango
56,58,114.2,26.6,84.5,6.33,1085.9,28.2,54.7,Mango
38.3,44,137.3,24.3,82.7,6.08,956.2,25.8,48.1,Mango
40.9,38.1,126.9,30,86.5,6.85,808.4,32,38.7,Mango
60.8,18,98.1,30,74.7,7.5,1100,27.4,30,Mango
48.8,46.3,132.8,25.4,83.3,6.55,822.9,23.7,44,Mango
43.5,33.6,217.6,25.9,73.5,6.91,869.4,24.7,55.7,Mango
74.6,26.5,140.5,24,75.9,7.46,945.9,31.2,63.4,Mango
44.8,40.4,183.2,24.7,82.5,7.16,947,28.3,51.9,Mango
60.4,34.4,187.1,24,83.6,6.81,800,25.9,60.4,Mango
37.5,42.2,113.1,28.8,74.4,6.55,1022.4,28.4,60.6,Mango
56.5,41,117.3,25.4,82.8,6.31,999,31.4,52.9,Mango
37.2,28.1,75.9,27.3,74.3,6.51,919.4,30,44.4,Mango
68.8,56,182.4,24,79.6,6.56,871.1,23.1,46.2,Mango
54.7,37.9,159,30,80.1,6.11,853.3,29.2,30,Mango
72.6,40.3,167.8,27,80.2,5.5,1019.3,29.1,44.6,Mango
59.4,44.3,86.9,30,82.9,6.7,939.6,35,46.3,Mango
22.7,19.2,120.8,25.6,78.2,6.11,870.8,28.5,51.4,Mango
84.6,45.5,112.5,30,80.6,6.34,987.3,31.6,53.2,Mango
37.6,51,108.2,27.3,71.5,6.34,1079.3,30.5,56.5,Mango
74.7,42.1,155.2,27.2,76.1,7.5,970.5,31,56.9,Mango
28.3,40.5,152.8,24.8,71.8,6.9,977.3,20.3,67.6,Mango
69.8,39.1,120.6,28,76.3,6.76,800,31.9,51.8,Mango
10,43.9,95.3,28.3,72.7,7.22,951.4,20.7,56.8,Mango
65,21.3,300,24,78.8,6.77,913,30.4,48.2,Mango
31.1,32.3,106.8,29.8,85.2,7.42,837.9,22.2,33.9,Mango
48.2,47.7,117.4,27.2,80.8,6.81,1053.4,25.3,56.6,Mango
27.3,17.9,180.2,28.2,78.6,5.88,1058.3,28.1,40.4,Mango
60.6,37.4,162.8,29,90,5.5,1100,30.1,57.5,Mango
79.3,54.7,149,29.6,87.8,6.85,1045.3,23.9,62.1,Mango
21.9,23.9,160.8,29.1,82.4,6.5,974.9,21.6,57.1,Mango
33.1,54.9,167,25.7,75.1,6.47,943.8,28.6,41.9,Mango
61.8,49.6,96.6,24.5,84.2,7.32,1038,26.4,46.2,Mango
56.9,50.6,160.5,26.6,75.6,6.08,984.1,24.4,49.3,Mango
52.2,46.3,187.2,27.8,83.7,6.23,912.5,22.6,30,Mango
51.6,53.3,160.1,24,85.1,5.78,875.2,29.1,39,Mango
83.8,42.8,66.6,30,80.4,5.8,800,25.2,54.4,Mango
27.8,37.5,172,29,78.8,6.22,957.7,27.3,59.3,Mango
61,41.4,156.1,25.4,72.2,6.23,916.8,27.1,36,Mango
38.7,35.2,150.8,30,81.3,6.78,800,31.3,55.4,Mango
100,39,150.1,29.6,86.9,6.6,910.4,29.2,30,Mango
46.2,36.4,153.7,24.5,87.8,6.19,837.4,23.7,61.9,Mango
61.2,43.3,137.5,24,81.5,7.11,978,20.8,51.2,Mango
51.3,38.8,130.7,26.6,82.3,6.73,881,27,39.4,Mango
57.9,38.6,158.2,25.4,84.2,6.39,1085.1,32.4,30,Mango
70.9,32.6,106,25.1,70,6.08,848.6,23.7,50.8,Mango
58.5,38.4,154.7,26.8,80.7,6.32,825.9,26.2,41.1,Mango
57.1,27,144.5,24,73.5,6.8,1093.5,29.6,41.7,Mango
50.7,39.4,164.6,26.7,75.1,7.06,911.6,30.8,37.8,Mango
38.4,44.5,183.3,29.7,80.6,6.25,974,23.1,56,Mango
20.1,39.1,170.9,27.6,84.6,6.43,917.7,27.7,51.7,Mango
79.7,41.9,65.2,24.5,77.4,7.5,970.1,26.7,63.2,Mango
51.5,33.9,128.5,24,90,6.44,1100,32.6,48,Mango
28,32.6,167,28.8,73.5,6.28,853.2,30.6,39.7,Mango
37.2,30.9,91,24,79.7,7.23,1100,35,60.7,Mango
29.6,30.5,180.5,24.9,78.4,5.5,908.9,27.7,50.6,Mango
38.2,47.1,133.7,25.1,76.1,6.37,952.5,28.5,70.3,Mango
65,46.4,135.5,26,78.5,6.21,1009.5,30,41,Mango
44.4,29.5,184.1,24.2,83,6.32,1003.5,25.2,57.9,Mango
53.3,45.3,113.3,27.3,90,6.04,1039.9,29.6,50,Mango
66.1,25.5,154.6,27.2,76.9,6.19,926.2,29.5,48.5,Mango
22.2,29.3,110.6,27.5,73.6,7.42,858.6,34.4,55.9,Mango
79.1,43.7,161.2,25.7,82.9,7.01,961.7,29.5,51.1,Mango
37.8,53.1,140.5,30,79.6,5.59,910.8,30.1,62.7,Mango
62.6,44.9,160.1,24,83.5,7.11,838.3,34.7,39.6,Mango
55.2,27.9,132.8,29.7,75.4,6.15,865.7,33.8,54.2,Mango
61.8,44.7,148.5,27,77.4,7.09,1035.1,20,40.2,Mango
22.3,30.5,150.2,29.3,90,6.88,1051.1,31.9,56.4,Mango
49.7,44.2,150.4,24.7,80.7,7.5,1059.8,30.7,68.2,Mango
86.8,47.3,123.4,26.8,71.8,7.04,994.4,29.8,57,Mango
23.8,38.4,123.7,30,81.9,6.71,1059.7,35,36.6,Mango
81.3,38.2,145.2,30,85.1,6.98,944.8,28.6,47.3,Mango
63.9,49.7,109.4,25.9,81.6,6.34,829.3,35,68,Mango
38.9,53.2,119.2,26,76.6,6.79,900,20.7,52.1,Mango
67.8,19.9,129.9,28.8,78.9,6.77,911.1,34.3,37.6,Mango
67.5,35.4,119,24,81.1,6.93,1048.4,34.4,30,Mango
67.9,58,129.4,28.5,83.7,6.61,961.3,29.4,52.8,Mango
22.3,52.4,183.4,24,70.7,5.59,874.1,25.6,49.5,Mango
57,55.4,120.5,30,79.2,6.1,967.9,20,34.4,Mango
10,40.4,120.2,28.6,78.8,6.88,843.5,25.9,54.6,Mango
25.5,75.2,147.5,27.4,70.8,6.07,808.1,27.8,71.8,Mango
25.7,34.7,143.8,26.4,81.2,6.17,876.4,25.2,64.1,Mango
65.4,36.5,207.5,25.1,80.8,6.53,1031.5,31.2,42.3,Mango
59.8,42.1,144.4,27.3,71.7,6.74,851.5,24,48.2,Mango
56.1,54.3,149.8,24.1,83.8,6.19,1066.3,27.9,39.1,Mango
27.8,39.6,159.8,26.5,77.2,5.99,894.3,28.5,61.4,Mango
46.4,45.9,94.3,24,81.8,6.65,800,33.5,54.5,Mango
70.8,26.8,146.6,24,86.3,7.08,1045.9,24.3,47.3,Mango
59.5,50.6,146.3,28.4,83.2,7.03,990,22.4,65.8,Mango
79.3,36.7,158.1,29.7,72.9,5.81,1074.5,22.5,55,Mango
48.8,44.5,117,26.2,79.7,6.4,914.5,26.3,49.6,Mango
15.3,44.2,167,24,90,6.12,1019.7,32.8,58.9,Mango
43,32.2,85.6,25.1,80,6.45,888.8,32.1,53.8,Mango
46.7,20.6,124.5,24.7,80.7,6.74,830.9,27.2,68.4,Mango
71.2,43,120.3,24.7,90,6.81,883.6,35,48.4,Mango
47.9,28.6,152.3,24,77.3,7.1,985.7,31.7,53.6,Mango
49.9,27.9,149.5,29.3,83.9,6.74,1007.4,27.5,68.7,Mango
21.2,23.5,202.3,24,76.2,6.43,880.6,27,43.6,Mango
100,37.1,109,24,84,6.8,880,29.5,65.3,Mango
63,40.1,203.2,24.3,85,6.37,1100,27.6,49.1,Mango
47.5,36,205.4,25.4,87.8,6.32,1012.9,28.1,64.3,Mango
48.8,25.2,136,25.9,77.9,7.5,868,26.1,46.5,Mango
54.5,56.2,135.4,26.9,76.6,6.47,875.6,35,50.4,Mango
28.9,37.1,132.9,24.2,79.2,6.38,849.4,27.9,36.8,Mango
72.5,43.1,118.1,25.2,81.1,6.61,959.4,32.1,59,Mango
67.7,39.4,113.5,29.8,77.8,6.53,951.9,26.8,48.9,Mango
68.4,45.9,118.9,27.7,70,5.5,1067.8,30.1,46.9,Mango
72.9,27.9,135.1,24.2,82.6,6.54,1054.9,26,48.7,Mango
49.7,56.1,139.8,24,78.3,5.57,1000.2,24.2,42.4,Mango
100,49,147.6,26.4,79.1,6.06,1090.6,26.7,45.4,Mango
25.4,53.7,116.8,30,77.7,6.4,800,31.4,59.2,Mango
52.2,40.3,157.4,25.3,90,6.33,1015.2,27.1,47.6,Mango
70.2,22.8,173.5,27.3,87.2,6.74,800,20,63.3,Mango
35.7,34.5,172.6,29,78.5,7.13,1074.7,26.2,52.9,Mango
66.6,54.9,110.3,27,77.3,6.14,1002,25.7,41.8,Mango
27.7,40.8,135.8,28.8,73.7,6.94,1081.4,26.5,42.3,Mango
55.1,41.1,144.2,26.4,83.5,6.77,1030.8,31.3,52.5,Mango
51.5,49.4,150.7,30,86.8,6.25,1004.3,20,52.5,Mango
34.8,59.2,105.3,29.7,78.3,6.85,1006.1,20,73.6,Mango
87.4,45.4,121.4,30,75.5,7.5,980,27.6,30.8,Mango
32.4,36.2,160.3,27.4,81.3,6.21,913.8,22.3,52.9,Mango
10,58.3,171.9,29.6,83.2,7,887.6,24.4,51.6,Mango
48.5,44.9,135.4,29.6,81.5,6.57,962.2,30.3,51.6,Mango
30.4,42.1,161,30,84.9,7.2,838.9,22.9,52.6,Mango
28.2,24.8,112.8,25,86,5.98,997.4,29.3,55,Mango
72.2,45,148.6,25.3,72.8,7.5,819,27.2,53.3,Mango
64,43.5,157.8,28.3,79.5,6.08,1100,29.6,57.7,Mango
32.2,50.3,162.9,27.8,77.5,6.93,1002.1,24.2,45,Mango
64.8,39.2,168.3,24,87.4,7.09,1003.6,27.2,56.7,Mango
18.4,27.1,95.4,28.8,82.2,5.82,852.7,25.4,40.7,Mango
22.6,52.2,130.9,24,84.7,6.15,977.7,23.4,59.9,Mango
52.8,54.8,171.9,26.4,80,5.64,1002.6,25.8,52.2,Mango
11.5,51.1,139.3,30,86.9,6.35,831.4,24.6,47.3,Mango
40.4,41.5,177.6,24.2,79.4,6.96,800,29.9,42.1,Mango
10,38.5,140.3,24.8,74.3,6.48,912.6,20.8,50.1,Mango
13.8,38.6,157.5,24.3,84.7,6.87,1094.9,26.9,69.4,Mango
49,36.6,185,24,71.9,5.86,997.5,26,55.6,Mango
63,45.8,118,30,73.6,6.63,800,21.3,45.8,Mango
54.4,43.9,168.6,29,78.1,6.4,1100,27.1,51.6,Mango
49.7,26.7,147.5,30,79.4,6.05,866.3,26,66.1,Mango
44.9,47.7,217.3,29.6,86.1,5.75,1036.5,29.9,53.5,Mango
46,62.8,144.2,26.3,83.1,5.71,815.3,22.1,50.9,Mango
24.1,60.8,124.3,24,82.4,5.5,1027.2,26.7,58.4,Mango
42.3,33.5,122.8,26.8,82.8,7.07,827.4,21.1,58.8,Mango
93.3,29.5,152.4,27.6,90,6.79,979.6,26.6,47.2,Mango
60,37.8,154,24,78.6,5.89,923.5,30.2,33.1,Mango
71.6,26,150.3,25.2,70.4,6.88,1059.1,33.5,64.3,Mango
71.8,50.8,129.8,26.1,86,6.63,1036.7,23.9,58.1,Mango
52.3,39.7,118.4,25.4,82,6.77,800,32.2,60.9,Mango
61.6,45.3,222.4,26.8,77.7,6.27,1027.4,27.9,61.5,Mango
37.5,35.1,153.6,27.2,73,6.44,998.1,29.9,42.5,Mango
69.9,55.4,145.8,29.2,81,5.88,1100,25,31.5,Mango
58.7,51.1,116.1,24,90,6.5,994.7,22.7,55,Mango
25.8,41.5,118.5,27.6,73.7,6.69,846.2,22.3,67.2,Mango
38.7,53,120.6,27.7,83.6,6.46,871.5,28.3,52.4,Mango
30.8,33.8,109,29.4,75.1,6.53,912.1,29.4,47.7,Mango
15.3,37.7,161.2,30,78.1,6.87,1100,26.8,45.2,Mango
65.4,30.3,100,24,76.9,6.95,831.6,26.9,52.4,Mango
43.5,35.1,127.6,26.3,74.5,5.66,856.7,31.7,36.2,Mango
50.2,32.5,136.5,25.3,81.7,5.84,917.9,25.5,51.8,Mango
40.8,35.7,50,26.3,81.4,7.23,800,23.1,51.3,Mango
76.4,33.2,119,29.1,83.8,6.52,800,23.5,40.1,Mango
21.5,46.1,192.7,26.2,73.3,6.27,1017.9,31.1,56.2,Mango
57.6,47.6,133.1,28.5,78.7,6.14,1100,23.9,49.6,Mango
38.5,45.3,93.9,25.4,79.8,6.18,836.9,30.8,50.1,Mango
50.6,33.5,135.1,29.8,83.1,7.42,883.7,22.2,39.2,Mango
41.7,47.2,122.4,24,90,6.81,882.3,29.3,60.9,Mango
44.3,52.4,136.3,30,81,6.41,1100,27.8,53,Mango
66.6,53.8,127.5,29.8,88,6.59,909.2,28.1,51.3,Mango
43.5,53.2,116.2,28.3,70,6.49,830.4,24,52.8,Mango
47.5,47.1,207.4,27.1,76.9,6.75,981.1,28.2,48.6,Mango
30.2,48.8,174,26.7,86.6,5.67,829,29.1,34.3,Mango
54.2,35.4,113.5,26.7,83.1,6.68,988,24.5,41.4,Mango
83.8,12.1,120.5,30,83.4,6.74,946.6,20.7,47.3,Mango
12.7,40.1,154.4,24,76.5,6.56,923.4,28.3,40.5,Mango
64.6,31.3,158.2,30,81.1,6.49,838.8,28.3,71.9,Mango
30.3,35.5,109.8,28.7,85.4,6.77,1058.9,23,62.7,Mango
63.3,39.4,117.8,28,75,7.41,1100,25.8,63.6,Mango
56.9,34.8,140.3,25.9,83.4,6.34,800,25,30,Mango
77.3,34.3,109.3,28.4,79,6.48,863,29.9,60.9,Mango
60.4,35.5,108.8,29.4,80.4,6.77,1100,30.7,43.2,Mango
41.2,39,154.9,27.5,72.7,6.05,1094.8,23.7,30,Mango
43.3,38.4,170.7,26.1,80.2,6.33,863,27.9,45.5,Mango
48.7,32.3,182.9,24,79.7,6.66,929.2,28.5,58.5,Mango
31.5,19.5,163.9,24.9,85.8,7.5,909.5,35,30.6,Mango
41.4,48.2,163.2,24,82.5,6.26,955.4,24.3,40,Mango
35.2,37.3,152,24.3,74.7,6.12,1040.9,28.9,57.4,Mango
45.2,45.7,113.2,25.6,79.6,6.6,964.4,26.3,52.2,Mango
10,40.3,158.1,27.5,73.3,7.02,1100,26.3,51.9,Mango
45.8,14.3,151.9,24.9,72.4,6.28,897.4,33.9,54.2,Mango
72.6,80,137.3,30,86.8,6.87,1032.2,27.2,53.3,Mango
49.2,45.6,129,24,85.2,6.09,1056.2,28.8,67.6,Mango
22.3,45,154.8,26.5,78,6.42,870.4,32.4,56.5,Mango
39.6,34.1,144.3,30,89,7.09,857.8,24.7,80,Mango
39.1,39.3,114.7,30,77.3,7.5,1076.6,23.6,45.4,Mango
10,16.6,153.7,29.1,76.4,6.77,1078.5,29.4,34.7,Mango
78.8,36.1,97,24.4,73.3,6.95,1023.8,28.9,60.2,Mango
21.6,45.7,170.6,27.5,79.5,6.23,878.3,29.5,43,Mango
66.9,39.3,157.1,27.7,82.2,6.48,958.5,30,57.2,Mango
31.1,51.8,196.9,24,86.5,7.4,1100,21.2,59,Mango
18.1,46.5,192.2,29.5,79.8,6.53,1075.5,32.6,42.9,Mango
10,38.5,159.7,26.7,80.7,6.9,1073.2,26.2,67.5,Mango
94.7,36.6,93.7,30,74.1,5.63,1029.3,20,47.5,Mango
31.1,41.5,146,30,79.6,6.52,874.9,30.1,43.9,Mango
46.1,53.6,140.1,27.6,78.2,6.73,912.7,26.4,36.2,Mango
28,52.8,128.4,28.6,84.5,5.89,936,27.6,37.8,Mango
66,30.6,83.1,27.2,76.5,6.62,857.6,26.3,50.2,Mango
42.4,49,143.9,26.2,72.5,6.41,1050.2,23.5,42.1,Mango
43.9,67.1,136.8,24,79.8,6.47,954.5,30.9,41.8,Mango
32.6,44.8,109.2,28.3,87.8,6.06,881,22.6,73.5,Mango
55.6,54.2,118.1,30,80.3,6.03,922.7,32.4,50.1,Mango
56.3,57.9,183.4,30,75.8,6.99,806.9,25.7,55.5,Mango
56.7,39.8,152.9,26.3,79.1,6.93,1023.4,28.6,30,Mango
55.7,59.9,121.5,28.3,79.8,5.83,800,32.2,54.7,Mango
50.6,50.6,106.4,25.6,80.6,6.87,1100,27.2,41.6,Mango
25.4,31.4,119.7,27.1,83,5.5,1040.3,20.4,37.1,Mango
40.6,16.4,102.6,24.6,80.8,5.72,830.1,29.6,51.1,Mango
50.8,29.1,134.2,30,73.4,6.38,1043.5,21.6,40.2,Mango
45.8,11.6,104.7,24.1,77.7,6.84,1037.6,32.5,35.8,Mango
43.8,22.9,147.3,26.4,76.4,6.53,932.3,22.9,44.7,Mango
31.8,25.9,147.8,24,81.9,6.36,1092.5,23.8,59,Mango
65.8,42.5,144.2,29.9,75.4,6.69,956.6,27.3,30.9,Mango
46.9,49.9,121.9,24,76.2,5.65,1100,26.3,30,Mango
33.2,45.3,113.5,30,79.6,7.2,860.1,27.1,59.2,Mango
46.8,32.2,160.8,24.2,85.2,6.91,951.9,31.1,30.2,Mango
34.8,45.4,125.6,24.7,90,6.84,932.5,30.3,57.3,Mango
58.5,32.2,230.5,24.6,78.2,7.5,987.8,27,37.4,Mango
44.6,30.7,225.4,25.9,77.2,6.63,889.8,27.9,46.1,Mango
75.4,60.1,128.8,24,81.2,6.58,890.1,30.2,51.3,Mango
35.2,40.3,283.8,24,85.7,6.77,1036.7,35,32.9,Mango
23.2,38.7,194.5,30,82.1,6.51,825.5,30.1,48.3,Mango
59.6,41.5,170.8,28.4,73.6,7.44,1060.4,31.1,47.5,Mango
51.1,41.3,161.1,26.3,83.5,6.54,962.3,29.6,66,Mango
49.5,44.3,181.2,24,73.8,6.29,885.2,30.9,49.5,Mango
74.7,23.3,160.6,24.1,76.1,6.67,996,22.8,52.4,Mango
75.1,26.3,136.5,30,87.9,6.98,813.4,24.4,43.6,Mango
67.4,40.4,134.2,29.2,71.9,6.5,823.1,34.3,30,Mango
41.2,48.5,140.3,29.2,84.3,6.76,800,23.2,50.7,Mango
38.4,56.8,165.9,28.5,73.1,6.33,951.4,24.6,47.3,Mango
39.3,47.7,130.2,27.3,77.3,6.71,1100,31.7,49,Mango
42.4,31.1,98.5,26.3,76.6,6.71,890.3,35,64.2,Mango
50,32.6,118.7,28.6,85,5.86,926.4,26,39,Mango
73,80,145,27.4,77,6.61,966.9,27.3,45.4,Mango
49.1,65,123,26.7,78.6,6.24,1100,33.4,55.3,Mango
23.1,49.8,152.8,26.6,80.9,6.28,836.5,29.2,53.5,Mango
99.6,61.1,112.8,24,80.9,5.5,982.5,20,38,Mango
56,45.7,137.8,27.3,86.8,6.29,1043.1,22.2,57.6,Mango
69,47.4,151.7,24,90,5.5,973,27.8,52.2,Mango
39.8,43.9,102.3,24.8,84.1,6.62,1100,22.2,45,Mango
56.6,32.7,114.3,27.9,79.3,5.77,1012.1,28.2,40.7,Mango
50,48.3,176.4,24.9,82.7,6.79,973.2,34.7,77.8,Mango
39.1,54,164.4,24,84.8,6.47,1027.7,25.4,67.4,Mango
23.7,33.9,141.2,25.1,78.1,5.92,914.7,26.1,37.9,Mango
37,25.9,132.3,24.4,79.7,7.14,927.7,28.8,47.3,Mango
57.2,34.3,191.4,29,78.4,6,945.3,26.7,49.9,Mango
35.8,44.5,144.3,25.1,74.5,6.16,1100,24.6,46.7,Mango
75.9,40.1,148.5,30,73.4,7.3,909.2,31.8,50.7,Mango
57.8,44.3,161.3,29.3,83.4,6.02,997.6,32.4,54.4,Mango
54.9,42.5,169.6,30,82.3,6.35,1063.8,28.2,52.9,Mango
79.9,38.7,91.2,30,90,6.46,1082,22.4,41.3,Mango
30.3,39.2,95.9,24,81.7,6.6,915.8,23.7,72.2,Mango
65.3,38.1,123.5,29.8,79.1,6.53,1045.3,33.2,54.7,Mango
63.3,46.9,73.8,25.5,75.9,7.5,937.3,20,80,Mango
15.7,42.1,118.7,24,82.5,6.64,1005,32.3,65.3,Mango
26.1,30.9,161.6,24,78.8,5.83,837.2,30.1,46.5,Mango
48.5,40.8,197.2,27.8,78.6,6.9,962.7,28.9,43.5,Mango
64.5,28,186.7,27.8,81.7,6.77,987.9,34.2,46.5,Mango
44.9,34.7,158.1,24.1,84,6,1038.5,26.5,30,Mango
59.8,29.7,162.5,26.5,73.5,7.36,911.2,20.6,59.4,Mango
63,35.2,174.1,26.8,85.4,6.31,1026.3,20,45.3,Mango
43.8,59.9,190.1,24,80.5,7.5,942.9,26.2,55.2,Mango
47.8,34.6,125.6,25.5,83.7,6.71,895.3,29.6,72.6,Mango
62.8,32.6,157.7,27.8,80,6.58,832.1,27.5,48.3,Mango
91.9,34.6,157.9,25,84.1,6.09,877.3,31.2,44.5,Mango
30.1,34.6,107.7,24,76.3,6.64,874.8,25.9,51.5,Mango
46,38.3,155,27.1,74,6.97,971.2,30.7,48.6,Mango
51.2,36.7,124.8,28.3,76.9,5.87,800,28.7,45.4,Mango
33.6,43.7,117.3,24,90,6.44,978.9,31.7,37.3,Mango
92.1,36.2,215.8,26.4,80.6,6.05,1100,33.7,49,Mango
41.3,23.9,186.3,26.6,78.8,6.22,800,31,62.5,Mango
44.4,53.6,166,30,76.2,6,911.1,26.6,58.7,Mango
34.1,52.2,129.8,24,74.8,5.83,950,24.2,48.7,Mango
15,36.7,189.3,25.5,82.5,6.22,1023.3,22.1,49.9,Mango
64.6,42.5,160.5,25.4,71.3,6.69,1016.3,31,47.1,Mango
55.9,29.9,99.5,27.6,90,5.6,957.6,24.9,57.7,Mango
95.2,49.9,157.9,30,82,6.51,997.3,29.3,53.6,Mango
94.1,38.7,150.9,26.8,78.1,6.17,971.1,24.2,45.8,Mango
64.7,48.6,115.3,30,71.8,6.73,891.8,20,57.4,Mango
62.9,45.7,78.1,27,78.3,5.99,907.4,21.5,57.9,Mango
40.2,36,91.2,26.9,81.2,6.02,895.2,23.2,41.2,Mango
76.2,43,123.6,26.6,80.3,6.67,1100,31,45.4,Mango
65.5,35.3,150.9,26.4,80.2,6.74,899.1,35,50.9,Mango
54.5,39.6,166.1,26.2,83.1,6.6,912,22.3,33.7,Mango
68.8,45.8,138.4,30,82.2,7.04,1100,30,30,Mango
28.3,53.6,87.5,29.3,72.8,6.96,840.4,27.9,71.4,Mango
30.3,44,94.1,29.7,71,7.3,962.1,29.5,53,Mango
33.6,34.6,143.1,24,71.4,7.03,1100,23,49.6,Mango
39.1,34.2,105.9,30,82.7,7.16,1039.7,32.3,58.8,Mango
35.5,46,133.6,26,70,6.56,896.6,23,74.4,Mango
26.8,47.6,157.2,27.1,71.9,6.04,940.1,31.9,39.8,Mango
72.4,80,135.7,28.2,81.5,5.5,983.5,28.1,57.6,Mango
60.3,39.6,114.7,24.9,84,7.4,973,26.6,37.1,Mango
56.1,44.6,153.4,24.3,78.5,7.05,981.7,31.9,45.8,Mango
62,39.8,184,25.5,86.3,6.44,820.9,23.1,47.9,Mango
66.6,50.9,128.4,24.9,71.5,6.82,1047.1,35,36.6,Mango
79.5,29.9,162.4,24,82.5,6.4,899.5,24,44.9,Mango
52.9,30.3,196.9,30,81.2,6.85,866.1,28.5,53,Mango
53.3,33.2,300,25.1,82.4,7.19,1100,32.1,53.9,Mango
100,42.4,107.9,24.8,71.4,5.5,835.9,34,47,Mango
53.1,33.2,125.4,28.9,80,6.19,1086.8,29.3,48.2,Mango
58.5,12.9,155.9,24,82.3,6.62,1075.8,24.6,43,Mango
10,45.4,152.5,24,82.1,6.42,864.7,26.9,46.9,Mango
31.9,45.1,125.8,30,78.1,6.27,1018,26.5,44.8,Mango
38,42.9,152.3,24,81,5.94,1008,29.6,57.3,Mango
19.8,52.4,163.7,29.3,84.1,6.71,800,31.2,66.2,Mango
44.8,46,111.7,24,75.7,7.05,1044.1,35,46.2,Mango
77.4,38.5,122.4,26.8,75.7,6.3,875.6,26.2,40.6,Mango
58.9,35.4,160.3,26.1,88.8,6.01,935.7,30.8,74,Mango
62,42.8,116.1,26.3,72.5,6.91,879.1,23.4,32.1,Mango
55,51.3,125.2,24.3,90,6.91,994.6,26.4,37.5,Mango
35.7,49.7,164.3,24,79.5,5.89,1100,26.7,48.9,Mango
42,33.3,150.2,28,80.6,6.62,1051.2,30.1,60.5,Mango
75.1,24.6,127.4,28.9,70.5,6.63,956.6,20,54.3,Mango
20.7,39,145.8,30,75.5,6.37,983.2,30.4,52.7,Mango
28.8,61.1,166.9,27.4,84,6.31,825.8,26.8,46.6,Mango
48,49.7,91.7,29.8,71.9,7.09,910.5,26.8,43.9,Mango
38.1,25.8,160.2,24,71.9,6.73,1015.2,28.2,44.3,Mango
37.9,32,134.4,25.2,88.2,6.4,844,35,52.8,Mango
49.3,36.9,140.3,25.9,86.4,6.49,971.5,29.7,65.7,Mango
60.7,52.4,107.6,28.2,81.4,6.46,953.5,27.5,49.2,Mango
46.5,43.7,173.6,24,79.8,5.77,800,31.4,53.6,Mango
59.8,43.2,135.2,29.4,79.4,6.92,834.9,35,70.9,Mango
29.2,42.1,187.7,30,80.4,6.28,1019.1,31.7,51.1,Mango
69.5,60.4,157.7,30,81.3,6.83,920.8,23.5,47.8,Mango
51.2,58.9,157.7,25.9,84.1,7.09,1020.4,27.8,42.4,Mango
84.4,43.6,107.6,25.3,77.4,6.53,881.2,31.6,54.3,Mango
47.1,40.1,139.5,26.5,82.8,5.98,922.3,32.3,55.6,Mango
79.1,48.2,168.8,24.7,83.9,7.5,914.5,32.7,53.4,Mango
71.7,32.3,171.8,27.6,82.1,6.22,800,29.3,42.6,Mango
20.4,60,120.5,24,82.5,7.41,962.8,32.4,38.8,Mango
53.9,50.4,123.1,30,85.5,7.14,969.8,20,73.5,Mango
23.6,55.9,151.7,30,81.4,6.51,926.6,26.7,37.5,Mango
39.4,41.8,101.8,28.9,77.9,7.18,1017,28.7,42.8,Mango
47.4,30,155,30,78.5,6.79,1068.8,26.6,30,Mango
51.8,24.3,86.6,27.1,77.3,6.97,871.4,31.3,54.3,Mango
43.3,34.2,126.4,30,80.9,6.76,1100,31.6,44.7,Mango
51.6,80,174.4,25.7,77.5,6.53,800,30.7,37.3,Mango
81.2,56.1,169.4,26.1,90,6.8,961.5,31,43.9,Mango
63.6,57.3,100.5,30,80.3,5.95,921.3,26,48.3,Mango
23.7,45.7,152.3,24.8,74,5.76,957.7,26.8,53.4,Mango
64.5,32.9,218.5,30,80,6.72,968.3,28.9,57.8,Mango
59.1,41.4,131.5,25.4,90,6.4,1055.3,24.9,67.9,Mango
45.2,53.8,128.8,26.6,84.2,6.81,847.9,24,36,Mango
65.5,24.5,137.8,24.8,78.4,5.66,883.2,25.6,46.3,Mango
48.7,29.8,98.6,27.9,79.4,6.85,981.7,35,31.9,Mango
17.1,37.6,61.9,24.9,44.8,6.56,654.7,23.2,27.2,Grapes
30.8,65.5,30.9,27.1,44,6.35,536.2,25.9,31.9,Grapes
20,24.6,10,24.7,48,6.48,622.1,23.8,21.5,Grapes
30.7,35.7,67.6,21.7,27,6.22,447,27.2,39.9,Grapes
41.3,31.7,73.9,24.8,20,7,800,24.7,32.6,Grapes
28.7,34.7,41.5,22.7,50.7,6.97,466.6,27,21.4,Grapes
25.7,22.1,27.8,26.6,31.2,6.67,491.7,25.1,25,Grapes
33.5,26,42.8,21,44.7,6.22,599.1,18,29.5,Grapes
34.6,33.6,68.2,28.1,24.8,6.1,659.5,25.8,29.8,Grapes
18.4,36.7,62.1,27.5,54,6.51,653.3,20.8,42.6,Grapes
31.3,32.9,52.3,30.5,50.2,6.39,632,28.2,29.8,Grapes
28.8,29.2,40.6,26,34.9,6.3,525.7,23.9,21.3,Grapes
45.6,43.2,33.9,26.8,53.4,6.35,564.7,28.7,25.8,Grapes
52.1,31.8,31.2,23.6,33.2,6.43,462.3,24.1,43.6,Grapes
43.3,33.8,30.2,25.8,54.4,6.25,560.6,25.7,31.5,Grapes
17.8,31.8,40.9,26.2,31.3,6.54,671.8,25.7,24.5,Grapes
20.8,28,47.4,29.4,32.5,6.75,508.9,28.4,40,Grapes
29.2,26.4,60.4,23.9,48.2,6.6,526.9,30.9,35.3,Grapes
23.9,34.3,72.9,25.8,54.6,6.63,597.8,23.9,34.2,Grapes
26.4,31.4,68.4,21.1,27.8,6.49,701.1,25.5,30.9,Grapes
27.1,33.1,58.5,28.7,49.4,7,746.5,27.3,11.2,Grapes
42.6,27.8,57.1,25.3,28.1,6.02,596.5,25.1,23.8,Grapes
30,61.4,59.1,21.9,45.3,6.54,748.2,23.3,14.9,Grapes
23.7,37.3,61.9,25,46,6.27,556.5,21.5,21.5,Grapes
40.1,31.6,45.9,26.2,40.9,6.55,590.8,21.3,52.4,Grapes
50.3,35.9,41.5,25.5,40.4,6.52,579.8,20.5,21.4,Grapes
39.9,30.5,37.5,27.6,33,6.6,710.4,27.5,33,Grapes
18.5,28.2,67.2,29.2,55.7,6.48,572.1,24.5,31.3,Grapes
37.9,23.7,42.3,22.9,51.9,6.17,663.6,24.4,29.5,Grapes
21.7,32.9,52,22.8,39.3,6.4,573.5,26.5,31.8,Grapes
31.8,35.5,26.2,28.6,34.4,6.68,576.1,23.5,33.7,Grapes
19,29.7,49.1,24.3,46.7,6.55,594.6,23.8,33.6,Grapes
47.8,27.6,53.9,22.9,28.9,6.25,541.6,24.3,14.3,Grapes
35,13,49.4,21.5,33.3,6.38,525.1,28.3,33.6,Grapes
39.6,32.5,30,22.7,45,7,566.5,20.9,10,Grapes
27.2,37,50.8,21,36.6,6.58,591.8,27,38.1,Grapes
59.2,29.5,52.6,30.7,46.5,6.44,433.7,22.5,29.1,Grapes
28.2,30.2,56.6,24.5,44.9,6.61,343.1,28.3,29.3,Grapes
27.1,34.2,71.6,26.5,47.6,6.07,628.2,30.4,24.2,Grapes
29.9,41.9,70.6,27.7,40.3,6.36,580.3,23.2,26.1,Grapes
24.5,31.9,28.3,25.1,34.9,6.71,665.9,25.1,39.2,Grapes
33.8,25.8,53.2,32,43.1,6.25,515.8,22.3,32.6,Grapes
56.7,37.3,52.3,22.8,20,6.73,773.7,20.1,29.1,Grapes
23.5,32.4,62.8,21.5,32.8,6.75,648.6,23,21.6,Grapes
11.3,41.5,77.5,26.8,49.2,6.67,640.8,27.3,27.7,Grapes
31.5,27,52,26.7,20,6.59,512.6,28,30.7,Grapes
37.9,30.6,10.4,21.7,35.1,6.53,728.8,20,35,Grapes
33.4,24.1,66.6,25.7,39.9,6.48,653.9,25.2,21.1,Grapes
13.3,25.7,48.8,21,42,6.35,632.3,23.1,36.2,Grapes
24.6,28,51,26.3,49.3,6.65,644.7,27.8,51.6,Grapes
14.7,24.4,60.4,26.2,47.1,6.66,674.8,27.1,20.3,Grapes
34.3,33.6,72.3,21,48.9,6.52,663.1,21.6,11.2,Grapes
42.1,29,82.3,22.5,43.7,6.5,501.8,19.6,38.8,Grapes
35.1,25.9,38.3,25.5,48.5,7,538.3,24.6,10,Grapes
18.3,31.6,71.7,22.9,55.1,6.44,691.3,24.5,17.5,Grapes
60,22.4,40.3,32,36.2,6.79,661.3,30,10,Grapes
36.9,24.2,63.1,21,57.7,6.41,677.7,22.4,44.3,Grapes
24,35.6,23.9,26.1,42.7,6.56,725,32,25.8,Grapes
16.1,30.2,14.2,29.1,23.8,6.38,779.6,27.6,18,Grapes
23.4,31.8,47.8,24.4,45.7,6.5,760.4,22.6,29.2,Grapes
29.2,20.1,49.9,22,25.3,6.59,800,27.1,26,Grapes
16.6,37.5,37.7,26.2,37.8,6.59,645.6,23.7,41.9,Grapes
28.9,34.4,12.6,21.3,43.3,6.44,513.5,24,49.5,Grapes
45.5,28.2,42.4,28.6,35,6.53,631.9,21.1,26.8,Grapes
23.7,35.3,41.9,27.3,39.1,6.75,800,21.9,43.7,Grapes
36.3,10.3,57,29.6,45.8,6.6,599.8,22.6,49.3,Grapes
25.7,39.8,50,22.8,39.8,6.41,734.8,27.7,37.1,Grapes
30.8,29.3,38,28.7,40.4,6.3,646.8,25.3,16.1,Grapes
35,27.4,44.6,29.2,35.4,6.1,752.4,26.1,30.6,Grapes
25.4,30.2,51.2,26.5,52,6.46,725.7,23.4,24.3,Grapes
35,31.8,58,25.1,48.2,6.54,577.3,29.9,16.8,Grapes
28.8,39.9,31.6,21,43.7,6.57,516.6,27.8,44.4,Grapes
32.1,30.6,62.8,22.9,36.5,6.68,521,26.2,25.7,Grapes
18.3,31.7,48.4,24.8,52.4,6.46,455.4,25.9,34.6,Grapes
35.2,27.2,53.6,23.4,40.9,6,555.3,25.6,43.3,Grapes
33.8,34.8,26.7,21.8,32.7,7,548.9,18,25.6,Grapes
25.1,21.8,63.9,25.4,53.1,6.37,648.4,22.2,22.6,Grapes
18.7,31.9,39.5,24,57.3,6.71,636.5,24.6,13.1,Grapes
38.2,24.7,35,21,40.8,6.32,631.9,18,26.4,Grapes
31.6,26,60.7,25.2,44.3,6.47,554.4,23.6,32.7,Grapes
29.8,26.6,62.1,29.1,45,6.63,632.4,32,23,Grapes
23.9,28.7,43.7,28.1,55.9,6.63,598,31.3,19,Grapes
34.8,24.9,59.3,21,45.9,6.95,409.2,22.8,22.3,Grapes
15.1,23,56,24,47.4,6.69,605.3,28.1,24.9,Grapes
35.7,23.6,10,21,40.1,6.27,691.1,23.6,25.5,Grapes
25.1,35.8,53.7,24.2,32.3,6.7,524.7,22.6,12.3,Grapes
37,19.3,52,21.8,39,6.68,715,19.8,26.1,Grapes
30.9,27.7,49.8,21.6,47.9,6.37,778.1,29.6,33.9,Grapes
28.2,24.2,48.7,21,34.5,6.66,555.9,20.3,48.8,Grapes
20.9,24.2,28.3,25.6,31.3,6.63,661.6,26.1,33.5,Grapes
44.3,33.6,46.5,24.8,41.7,6.53,657.9,24.9,36.3,Grapes
14.7,26.5,56.9,24.9,35.6,6.13,570.1,27.7,20.8,Grapes
44.6,28.3,37.9,24.7,37.6,6.48,651,24,10.5,Grapes
20,20.3,48.2,23.5,45.4,6.6,694.5,23.3,26.3,Grapes
8.1,23.4,59.6,26,25.8,6.41,668.1,29.2,33.4,Grapes
23.4,32.7,53.6,24.8,38,6.82,572,27.5,30.7,Grapes
22.4,21.6,40.1,26.2,29.9,6.03,573.2,24.3,33.9,Grapes
28.7,36.5,53.9,28.2,51.6,6.39,717.1,23.7,30.7,Grapes
24.7,26.9,38.8,24.2,56.2,6.39,638.6,24.5,17.2,Grapes
30,29.9,71.1,25.4,40.7,6.34,672.1,27,26.5,Grapes
27.8,25.2,64.5,28.9,26.1,6.36,380.2,24.7,42.3,Grapes
46.3,31.5,59,29.1,42.4,6.56,416.6,21.5,24,Grapes
5,33.1,64.4,22,40.2,6.46,654,22.7,34.4,Grapes
23.7,32.2,24.1,26.2,29.5,6.66,553.4,22.3,33.5,Grapes
19.9,36.5,55.8,25.3,43.9,6.55,704.3,21.5,30,Grapes
26,35.2,59.9,26.5,39,6.38,666.2,23.2,26,Grapes
21.8,27.3,72.1,21,39.6,6.35,644.9,23.6,39.3,Grapes
9.6,25.6,66.7,24.8,35.1,6.82,687.7,25.8,28.1,Grapes
27.5,31.2,30,21,26.9,6.66,748.1,21.7,24.3,Grapes
25.3,28.5,46.2,22,41.9,6.43,700.4,25.3,28.4,Grapes
18.5,37.8,52.1,21,43.3,6.36,513.6,26.5,32.3,Grapes
35.2,33.1,59.8,23.1,33.1,6.65,566.4,26.1,32.4,Grapes
16.6,23.3,12.4,25.2,55.9,6.03,631.3,19.5,30.7,Grapes
60,35.9,71.3,28.9,37.9,6.14,582.5,20,22.4,Grapes
26.6,30.1,53.5,22.9,45.4,6.68,666.3,21.3,38.5,Grapes
41,35.8,36.3,23.5,40.3,6.17,567.3,25.3,23.5,Grapes
36.7,24.1,42,27.7,35.8,6.26,536.9,21.3,10,Grapes
26.7,33,28.8,26.1,39.2,6.31,791.3,27.1,47.5,Grapes
14.1,22.8,26.4,24.8,33.2,6.61,789.9,18,49.5,Grapes
16.3,33.9,40.5,21,29.5,6.61,625,26.1,17.8,Grapes
35,30.9,68.4,21,44.2,7,653,24.9,27.4,Grapes
34.7,27.1,76.8,23.3,27.2,6.98,680.4,25.3,27.4,Grapes
37.7,62.8,47.5,22,41.7,6.45,525.9,25.1,26,Grapes
17.3,30.3,41.4,32,33.6,6.71,525.8,22.1,41.9,Grapes
46.2,26.9,50.1,23.6,39.5,6.58,602.2,22.9,33.6,Grapes
31.8,31,49.9,24.1,33.3,6.16,582.3,19.3,10,Grapes
25.8,33.7,40,22.9,51,6.64,748.5,26.9,29.2,Grapes
35.3,36.6,30.9,26.9,43.2,6.3,591.5,25.2,40.3,Grapes
45.4,33.2,44,22,60,6.39,630.3,26.7,41.2,Grapes
31.2,35.9,43.4,21.7,51.5,6.89,579.9,25.3,17.8,Grapes
24.4,29.1,70.1,24.7,39.7,6.31,550.7,29.3,27,Grapes
22.9,26.8,79.1,25.4,57.8,6.67,546.8,29.4,35.2,Grapes
19.7,37.6,66.7,26.7,38.9,6.87,657.7,18.1,30.1,Grapes
31.8,27.2,44.2,24.9,47.9,6.56,644.4,20.6,39.5,Grapes
49.8,34.6,32.2,30.2,49.6,6.67,704.8,25.5,26.1,Grapes
38.1,22.3,35.3,21,22.1,6.13,435.2,26.8,18.2,Grapes
44.9,31.2,56.6,24.6,37.4,6.3,603.6,21.8,37.4,Grapes
36.7,35.1,76.4,23.9,42.7,6.29,451.3,24.2,13,Grapes
21.6,22.4,52.5,21,31.3,6.49,569.6,19.6,22.6,Grapes
19.3,35.9,56,23,38.1,6.27,590.5,24.9,44.5,Grapes
34.7,31.3,60.8,24,43.6,6.52,568.1,25.1,35.3,Grapes
24.5,33.4,47,25.5,48,6.01,606,20.5,10.8,Grapes
39.3,33.2,49.5,21,43.2,6.63,575.4,27,42.4,Grapes
30.8,42.8,32.1,27.8,31.6,6.63,735.1,24.8,22.7,Grapes
21,36.9,58.5,21,51.1,6.47,583.2,21.6,21.9,Grapes
17.1,19.8,66.2,24.7,31.2,6.61,453.6,25.1,25.4,Grapes
30.3,30.5,41.5,32,49,6.32,539.6,30.5,28,Grapes
40.2,32.7,50.7,30.1,40.6,6.59,518.6,23.2,20.8,Grapes
25,25.5,60.1,24.2,38.6,6.31,800,27.1,35.3,Grapes
30.5,31.7,52.2,30.7,41,6.12,650.4,21.9,27.3,Grapes
30,26.2,49.8,23,40.6,6.75,507.7,20.3,20.7,Grapes
45.1,31.8,21.4,23,43.5,6.33,533.7,25.3,24.1,Grapes
14.7,18.5,49.6,26.9,60,6.22,523.7,21.7,25,Grapes
12.4,25.9,41.7,29.9,50.3,6.37,381.9,22.4,24.6,Grapes
25.8,32.8,71.1,24.5,40.5,6.4,665.1,26.1,28.8,Grapes
19.3,30.3,53.4,21,56.3,6.43,615.1,26,39.1,Grapes
21.3,17.2,51,23.9,58.7,6.81,789.4,26.6,13,Grapes
21.7,30.6,63.2,26.4,37,6.28,800,23.9,57.9,Grapes
24.2,37.1,65.1,21,60,6.63,494.3,22.6,11.6,Grapes
24.4,39.1,80,24.8,31,6.41,672.4,18,10,Grapes
44.1,24.9,52.8,21.5,30.2,6.81,572.6,22.2,24.5,Grapes
37.2,28,53.3,25.1,60,6.58,412.7,25.5,32.9,Grapes
28.4,30.1,22.8,29.6,33.6,6.47,416.3,24.9,25.7,Grapes
23,28.4,43.6,27,33.2,6.36,631.6,23.8,32.3,Grapes
30,29.5,61.3,22.5,37.4,6.72,725.8,25.8,28.7,Grapes
43.4,34.9,51.3,23.5,20,6.35,407.3,21.9,35.9,Grapes
33.6,37.2,36.6,24.6,39.3,6,601.9,26.3,49.7,Grapes
28.6,27,55.4,21,43.6,6.23,785.3,26.3,39.3,Grapes
27.3,28.2,50.1,26.9,52.4,6.16,532,27.5,35,Grapes
28.6,30.3,64.6,25.8,48.2,6.7,534.2,22.1,41.1,Grapes
30.5,30.1,52.6,28.7,39.4,6.47,671.9,20.5,21,Grapes
28,31.8,65.6,24.6,49.6,6.42,341.5,24.1,39.2,Grapes
40,32.7,41.8,28.8,32.2,6.45,642.4,24.4,31,Grapes
32.5,41.1,28.8,23.6,36.2,7,575,26.4,36.7,Grapes
10.2,27.9,29.8,25,41,6.49,530.5,31.1,38.3,Grapes
35,37.9,50.3,23.7,41.7,6.57,645,29.3,18.7,Grapes
52.7,20.2,57.3,22.9,42.1,6.3,767.4,21.8,21.2,Grapes
25.6,28.1,77,28.7,46.4,6.29,646.1,28,24.5,Grapes
34.8,28.3,52.3,28.3,21.9,6.39,575.3,21.1,34.1,Grapes
13.8,31.5,47.8,21,40.9,6.61,489.4,20.6,45.7,Grapes
28.3,33.1,46,24.5,40.4,6.46,588.8,22.8,33.3,Grapes
38.3,23.8,63.6,24.7,32.9,6.47,678.5,24.3,28.1,Grapes
44.2,36.2,67.8,23.9,42.2,6.54,650,24.3,39.4,Grapes
25.7,36.2,60.2,23.1,41.1,6.5,648,21,35.6,Grapes
42.3,39.8,58.7,23.8,37.6,6.49,638.8,23.9,34,Grapes
24.1,32.8,59.7,27.4,46.1,6.65,751.3,25.4,27,Grapes
35.2,27.9,28.9,22.4,49.2,6.64,699.2,24.1,10,Grapes
34.4,27.3,74.8,24.9,42.5,6.62,460.9,18.5,24.8,Grapes
22.2,24.4,62.2,27,42.3,6,800,21.6,39.8,Grapes
23,30.5,64.6,22.4,38.4,6.38,594,21.7,35,Grapes
31.5,30.3,49.2,24.3,38,6.63,800,21.5,32.4,Grapes
21.7,26.8,34.5,25.5,42.5,6.59,600.1,25.4,10,Grapes
18.2,28.1,59.2,26.2,35.2,6.56,576.3,22.2,18.3,Grapes
30.8,41.9,32.1,31.3,43,6.39,512.6,24.2,32.1,Grapes
33.8,29.7,36.4,21,34.9,6.83,520.2,21.8,10.1,Grapes
11.2,26.5,43.7,25.4,45.9,6.31,560.4,22.5,19.9,Grapes
34.1,28.8,51.4,29.2,41.8,6.67,656.1,18.9,20.8,Grapes
23.7,24.4,57,23.3,46.7,6.51,566.1,18,19.8,Grapes
5,31.7,47.4,25,34.4,6.54,602.6,28.1,27.8,Grapes
40.4,28.7,30,23.7,32.2,6.63,538.5,22.6,26,Grapes
26.4,25.7,35.6,29.7,60,6.72,615.3,20.6,11.3,Grapes
21.5,33.9,47.8,24.3,52.2,6.33,637.4,24,28.3,Grapes
22.6,33.1,46.7,24.5,47.4,6.76,618.5,23.8,20.9,Grapes
23.5,30.5,21.7,25.9,25.1,6.32,464.7,24.7,27.7,Grapes
18,32,20.9,21.9,37.4,7,751.1,18.9,37.5,Grapes
42.1,32.2,27.7,25.7,56.2,6.38,707.6,30.4,27.3,Grapes
30.7,38,50.7,27.6,53.1,6.32,527.9,23.7,35.1,Grapes
31.7,37.7,53.6,27.5,25.3,6.75,601.3,30.1,33.2,Grapes
43.1,29.2,40.1,21,30,6.11,599.6,21.2,29.1,Grapes
45.5,25,42.6,25.7,41.5,6.13,709.7,19.9,27.7,Grapes
28.3,16.4,53.5,26,32.8,6.75,437.1,22.4,31.5,Grapes
40.9,31.9,52.1,21.5,26.4,6.67,489.8,18,29.6,Grapes
38.3,25.7,33.5,32,53.8,6.39,690.4,23.2,38.9,Grapes
33.7,24.6,70.2,23.6,51.7,6.39,613.9,22.6,15.8,Grapes
39.9,31.9,36,24.9,28.5,6.74,592.4,18,46.7,Grapes
16,20.5,37.2,24.2,54.9,6.58,620.2,27.1,25.4,Grapes
21,37.9,57.3,29.3,34,6.41,533.8,22.6,21.8,Grapes
37,27.8,62.4,22.4,52.8,6.18,776.1,21.5,37.7,Grapes
24.1,38.9,47.8,21,44.8,6.5,430.7,23.2,22.4,Grapes
53.5,35,69.4,23.1,28.4,6.52,580.1,18,23.9,Grapes
15.4,23.3,40.3,22.1,38.7,6.67,646.1,32,36,Grapes
34.3,27.9,89.2,30,43,7,452.5,18.6,21.3,Grapes
18,32.6,61.2,25.5,56.6,6.45,768.7,25.1,19.5,Grapes
32.5,20,35.2,21,42.3,6.36,551.2,22.2,12,Grapes
43.7,34.8,45.1,32,42.6,6.43,461.2,23.2,21.7,Grapes
42.3,36.6,61.1,30.2,20,6.48,320.7,22.3,34.9,Grapes
27.9,35.2,49.8,31.2,46,6.6,686.8,21.3,39.6,Grapes
41.4,29.9,46.9,32,40,6.35,505.4,24.2,23.5,Grapes
38.7,25,23.5,26,45.3,6.62,525.3,25,18.3,Grapes
34.8,23,55.4,25.1,34.7,6.66,661.2,23.8,34.1,Grapes
40,36.9,34.8,23.8,26.5,6.72,496.3,25,28.8,Grapes
21.7,32,61.3,27.3,36.9,6.51,663,23.1,18.6,Grapes
24,24.9,45.9,29.2,30.1,6.75,718.3,24.3,36.7,Grapes
39.2,26.3,47.7,25.8,32,6.39,677.2,23.1,33.1,Grapes
24.8,28.2,19.6,24.5,45.9,6.45,604.2,24.1,21.7,Grapes
43.8,27.3,19.5,22.8,40,6.5,675.3,25.6,48.6,Grapes
42.9,28.8,57.2,22.2,37.3,6.42,575.7,27.9,38.6,Grapes
32.9,29,45.5,27.9,60,6.43,557.5,23,36.5,Grapes
13.7,23.6,73.6,24.9,43.7,6.9,571.1,29,29.8,Grapes
23.9,29.8,65.9,26.9,38.6,6.5,456.8,26.8,41.3,Grapes
27.4,27,40.5,22.5,44.9,6.69,643.1,24.2,39.2,Grapes
41.4,34.2,42.2,28.1,36.9,6.36,601.6,20.5,35.7,Grapes
19.1,30.2,35.5,27.4,41.1,6.03,602.8,22.8,32.9,Grapes
32.9,40.7,70.8,28.4,29.8,6.69,530.1,21.8,26.5,Grapes
11.4,28.6,53,21.4,30.3,6.32,680.2,27.2,42.6,Grapes
37.3,29.2,51.8,21.4,40.9,7,740.6,24.8,27.2,Grapes
30.8,20.3,65.5,21,43.1,6.7,652.9,24.5,30.1,Grapes
24,30.6,53,24.5,35.1,6.78,653.2,21.5,19.2,Grapes
49.4,25.7,58.1,25.6,25.7,6.55,570.5,22.3,39.6,Grapes
10.1,14.5,60.3,21,30.8,6.51,757.2,26.6,27,Grapes
30.7,33.1,51.9,24,28.1,6.86,440.3,20.3,23.2,Grapes
51.7,32.4,30.1,26,33.9,6.5,700.2,22.8,27.1,Grapes
28.1,25.2,45.9,24.8,33.3,6.27,531.8,29.2,35.2,Grapes
25.9,30.2,63.5,25.1,35.6,6.37,628.7,23.4,36.7,Grapes
48.3,29.5,44.9,28.4,39.6,6.46,585.3,28.2,32.4,Grapes
27.8,28.7,48.5,23.6,41.2,6.22,381.8,22,18.8,Grapes
38.9,33.5,58.2,26.9,40.1,6.53,537.7,26.8,55.6,Grapes
42.1,32.5,54.3,23.7,30.4,6.42,526.3,19.2,28.3,Grapes
25.8,27.4,54.5,24.2,47.3,6.46,694.5,31.5,29,Grapes
48.3,25.3,66.3,32,30.1,6.31,697.1,18.2,30.5,Grapes
23.9,28.8,28.4,30.2,42.8,6.61,536,21.4,45,Grapes
29.1,30.4,57.1,22,35.9,6.46,615,21.2,54.9,Grapes
42.3,26.7,56.3,27.6,29.4,6.69,658.6,25.1,52.8,Grapes
50.3,36.8,55.1,30.2,51.7,6.52,799.7,27.5,16.7,Grapes
26.5,26.8,63.7,23.8,33.3,6.71,796.6,27.2,38.2,Grapes
35.1,23.9,70,21.1,45.7,6.45,484.4,21.4,32.9,Grapes
36.9,26.9,39.6,22.6,32.5,6.81,669.4,23.5,48.3,Grapes
21.3,28.9,23.8,22.6,46.3,6.55,566.8,22.7,43.3,Grapes
53,21.5,49.9,26.2,53.8,6.35,720.2,22.4,40.6,Grapes
44.1,30.5,37.8,25.1,42.7,6.75,500.4,23.8,16,Grapes
32,34.4,76.8,23.2,42.3,6.3,800,27.8,59.4,Grapes
12,33.8,55.2,22.2,45.6,6.53,440.3,19.9,33.2,Grapes
19,29.5,50.1,26.9,20,6.62,707.6,23.1,18.1,Grapes
26.4,31.6,58.3,27,39,6.5,624.5,24.3,39.4,Grapes
32.4,36,43.8,27.1,41.8,6.39,646.4,18.8,28.4,Grapes
28.2,24.6,57.9,24.6,40.7,6.68,610.5,23.2,26.5,Grapes
40.4,26.9,55.6,30.3,26.8,6.34,656.1,18,31.7,Grapes
14.8,31.5,65.1,21,31,6.35,519.1,25.6,22.1,Grapes
38.9,33.3,19.6,29.8,30.4,6.4,529.1,24.8,40.1,Grapes
35.6,36,63.8,24,29.8,6.7,576.6,28.7,33.9,Grapes
31.3,58.6,50.8,22.3,43.9,6.64,399.4,27,15.6,Grapes
31.8,32,36,31.7,38.6,6.64,565.6,26.6,10.1,Grapes
31,29.9,36.9,25.4,27.6,6.67,634.6,18.5,28,Grapes
41.5,30.1,16.5,25.7,54.8,6.17,555.8,24.7,28.7,Grapes
31.5,36.1,65.8,24.3,60,6.94,350.9,23.3,33.2,Grapes
6.1,27.9,43.9,26.6,45.4,6.43,719.4,26.4,25.6,Grapes
13,30.5,45.6,25.8,58.2,6.48,785.5,21.2,37,Grapes
26.7,25.4,47.9,24.9,45.8,6.6,521.7,27.5,31.3,Grapes
20,32.7,61.2,29,55.6,6.27,512.8,26.7,23.6,Grapes
53,32,55.2,24.1,21.6,6.14,577.9,26.6,36.6,Grapes
20.2,25.4,57.1,26.6,31.7,6.74,734.2,19.7,46.9,Grapes
36.3,37.2,34.6,31.2,41.9,6.43,559.1,24.7,26.9,Grapes
31.6,37.9,77.6,27.7,20,6,693,21.2,41.5,Grapes
33.9,33.1,73.5,21,24,6.7,748.9,24.6,37.3,Grapes
58.3,33.8,21.6,25.8,40.5,6.31,579.6,29.3,31.8,Grapes
45.3,29.1,69.5,26.3,39,6.58,674.1,18,22.4,Grapes
35.2,16,58.7,22,44,6.2,687,20.6,26.4,Grapes
22,34.8,49.5,24.5,21.6,6.5,393.8,27.8,10,Grapes
30.4,24.4,67,23.6,39.8,6.42,601.5,25.8,26.5,Grapes
40.8,28,55.8,25.3,21.9,6.2,491.2,25.4,36.3,Grapes
51.5,31.1,64.3,26.7,52.5,6.64,583.2,23.6,19.6,Grapes
34.1,33.9,36,21,34.9,6.75,607.3,28.3,10,Grapes
29.1,33.2,67.8,26.9,43.5,6.89,383.3,26.2,30.5,Grapes
14.7,34.1,44.1,24.3,33.2,6.73,710.9,18,28,Grapes
42.8,33.3,34.6,25.8,50.8,6.58,642.1,24.5,18.7,Grapes
25.5,33.3,43.8,22.5,43.8,6.77,384.8,18,31.9,Grapes
13.4,26.1,58.6,23.6,38.5,6.31,649.5,22.4,31.8,Grapes
24.8,33.3,28.8,28,39.8,6.4,630.3,22.8,32.3,Grapes
30.2,26,18.1,30.2,41,6.69,593.5,23.9,18.6,Grapes
20.8,29.1,44.4,22.3,50.2,6.4,577.8,22.9,32.6,Grapes
33.2,39.2,30.3,30.4,44.9,6.49,583.6,28.2,14.2,Grapes
46.3,21.8,59.8,21.2,20,6.75,491.2,20.7,36.7,Grapes
34.2,30.8,56.1,24.2,44.7,6.68,610.2,24.2,15.5,Grapes
34.2,31.5,36.6,23.7,39.6,6.79,449.6,23.3,30.3,Grapes
41,34.5,58.7,21.7,45.3,6.26,689.1,20.8,32.4,Grapes
34,18.8,63.7,26.7,29.3,6.31,697.8,26.9,23.8,Grapes
19.6,23.9,48.8,28,36.3,6.48,537.5,20.5,38.7,Grapes
43.4,29.1,48.7,21,42.5,6.7,612.6,27.8,35.4,Grapes
23.3,34.7,56.2,21,47.7,6.34,800,27.3,36.8,Grapes
32,22.6,47.8,25.4,51.6,6.47,454.8,23,19.9,Grapes
29.4,27.1,59.2,25.4,44.8,6.39,552.1,25.1,25.5,Grapes
16.1,26.3,70.6,26.1,43.2,6.56,737,25.7,14.6,Grapes
36.9,42.3,62.1,21,42.3,6,713.1,27.4,42.9,Grapes
31.9,40.1,49.3,26.1,47.1,7,682.5,18.5,28.5,Grapes
30.2,26.1,22.8,25.4,33.9,6.59,698.9,27.7,33.1,Grapes
24.5,36.8,85.7,24.1,28.9,6.53,542.4,23.8,33.6,Grapes
51.3,34.6,57.7,26,51.4,6.61,681.2,26.5,10,Grapes
48.9,28.7,43.8,25.7,26,6.35,508.9,23.6,30.9,Grapes
18.6,20.7,32.9,27.3,21.2,6.47,719.4,28.4,59.5,Grapes
25,31.2,48.9,26.1,52.6,6.33,412.7,25.1,27.1,Grapes
41.9,33,49,25,60,6.57,702.2,23.9,18.6,Grapes
29.4,57.8,47.5,26,46.2,6.62,618.2,19.8,28.3,Grapes
14.3,42.6,41.8,28.1,36.5,6.29,651.3,21.5,49.5,Grapes
21.2,28.2,35.7,23.1,46.5,6.26,612.2,22.6,35.1,Grapes
23,31.1,32.1,21.7,38.9,6.91,714.2,20.8,54.4,Grapes
40.8,34.1,45.9,21,37.6,6.65,585.5,22.1,20.3,Grapes
24.2,42.8,26.9,26.4,50.7,6.54,641.3,26.3,36.7,Grapes
15.4,25.4,68.5,27.3,36.8,6.5,535.8,25.4,30.5,Grapes
29.1,34.8,68,24.4,43.7,6.54,386.2,23.4,31.9,Grapes
28.4,30.3,34.8,22.2,45.8,6.75,517.7,22.5,25,Grapes
45,29.9,37.9,21,46.2,6.05,652.8,23.6,41.5,Grapes
33.7,24.6,39.5,25,42.5,6.44,550.9,22.2,26.6,Grapes
25.1,26.4,38.3,23.8,40.6,6.2,573.6,26.1,40.7,Grapes
11,35.5,56.1,26.8,35,6.22,626.2,23.7,21.2,Grapes
32.3,35.5,32.1,26.4,53.6,6.33,677.5,26.8,30.7,Grapes
38.7,29.8,57.8,24,35.1,6.68,442.9,25.8,39.4,Grapes
33.2,33.8,67.1,25.3,45.6,6.67,501.6,22.4,43.4,Grapes
16.5,30.5,59.9,21,51.1,6.67,617.4,27.2,28.1,Grapes
30.7,30.1,51,29.4,37.6,6.56,361.6,22.5,46.8,Grapes
36.3,25.4,30.3,23.4,43.1,6.2,300,24.2,43.5,Grapes
39.4,30.2,51.1,25.4,52,6.38,367.9,23.4,30.7,Grapes
23.1,28.3,36.8,22.5,24.4,7,682.1,21.6,47.4,Grapes
29.7,31,55.4,24.7,46.5,6.48,706.2,26.9,28.4,Grapes
31.5,28.3,60.7,28.2,37.5,6.54,546.1,24.5,28,Grapes
36.1,42.1,35.6,21.3,32.7,6.56,648.3,28.3,35.6,Grapes
40.9,43.4,62.7,28.3,40.6,6.49,625.5,21.6,17.1,Grapes
33.1,34.4,32,24.7,44.6,6.5,644.6,30.5,41.8,Grapes
32.9,30.8,20.4,22.3,27.2,6.5,569.2,28.4,37.6,Grapes
29.5,33,55.5,32,20,6.62,513.1,20.8,14.1,Grapes
25.2,27.6,41.1,26.5,49.1,6.21,758,24.5,26.8,Grapes
26.7,28.8,84,27.4,20,6.56,711.6,27.8,33.3,Grapes
60,27.3,16.6,23.8,45.2,6.64,623.5,25.2,34.2,Grapes
37.7,29.3,40,25.1,49,6.6,515.4,19.6,31.6,Grapes
43.2,30.4,78,26.4,33.9,6.66,674,19.7,43.4,Grapes
29.6,36.1,37.9,25.5,32.7,7,601.4,22.8,39.1,Grapes
36,35.6,32.3,27.3,42,6.43,595.4,22.4,25.2,Grapes
48.4,26.5,50.3,25.6,20.4,6.64,629.6,20.9,20.7,Grapes
30,30.2,84.8,24.8,52.4,6.34,691.7,22.2,22.9,Grapes
22.1,22.2,61.6,26.3,36.8,6,665.8,25.9,41.1,Grapes
47.7,24.8,55.5,21,51.3,6.73,444.5,21.4,12.8,Grapes
14.1,35.9,43.9,21,37.9,6.29,622.5,18,18.3,Grapes
26.8,28.1,63.2,30.4,45.7,6.37,476.8,21.9,29.8,Grapes
22,35.6,38.6,25.2,60,6.2,567.3,22.4,24.4,Grapes
38.2,30.2,69.9,26,39.1,6.25,515.6,23.7,29.6,Grapes
46.2,26.3,46,29,47.9,6.14,300,29.9,32.1,Grapes
33.5,38,57.6,23.2,43.1,6.78,666.6,21.6,26.3,Grapes
48.1,30.6,42.4,28.7,43.6,6.4,623.5,20.5,34,Grapes
34,28.8,108.4,29.2,36.9,6.48,440.3,26.4,28.4,Grapes
54.3,36.7,59.5,21,49.1,6.72,491.9,20,45.3,Grapes
26.7,24.5,42.9,25.7,35.9,6.47,771.7,25.1,42.2,Grapes
39.4,33.8,39.5,26.4,36.4,6.42,713.8,25.8,26.6,Grapes
60,22.3,69.8,30.2,54.3,6.07,553.6,21,37.6,Grapes
32.9,30.7,54.6,25.5,45.1,6.68,587.7,30.3,37.1,Grapes
14.6,34.8,43.1,27.8,38.6,6.31,736.8,23.6,26.1,Grapes
45.9,39.1,49.8,28.6,35.5,7,660.9,24.2,36,Grapes
38.7,18.7,70.5,31.4,45.8,6.64,593,23.7,39,Grapes
55.5,38.4,53.2,27.2,35.3,6.1,660.2,24,23.1,Grapes
46.7,28.9,46,21.9,45,6.38,637.5,18,29.9,Grapes
36.8,31.6,38.1,23.8,27.8,6.7,568.1,26.5,45.9,Grapes
32,22.4,58.5,27.7,26.2,6.44,590.9,22,40.6,Grapes
12.2,30.6,48.1,25.4,25.4,6.61,606.3,23.3,26.4,Grapes
43.2,32,58.8,21.4,48,6.37,621.2,22.7,41.3,Grapes
15.9,24.2,55.6,23.1,40.8,6.4,502,24.1,40.8,Grapes
31,34.2,38.2,21,32.1,6.17,552.1,26.9,34.6,Grapes
28.6,36.4,51.9,30.6,49.2,6.63,632.8,24.1,21.1,Grapes
27.9,36.2,36.4,21.1,23.6,6.9,536.8,24.7,44.9,Grapes
44.9,26.3,57.2,28.8,40.8,6.94,707.6,18,30,Grapes
27.2,17.3,36.5,26.6,48.6,6.5,634.8,21.6,18.3,Grapes
22.9,24.7,29.9,23.7,43.9,6.8,690.2,23.5,45.4,Grapes
25,39.3,74.8,26.8,35.1,6.55,570.2,24.4,34.7,Grapes
54.3,39.5,30.7,32,41.4,6.91,669.8,25.7,32.7,Grapes
37.4,34.8,51.4,27.4,41.2,6.78,447.9,29,27,Grapes
16.1,36,75.3,26.4,47.9,6.54,681.7,28.4,10.5,Grapes
31.5,41.9,58.8,24.1,40.3,6.48,654.7,22.1,38.3,Grapes
43,32.1,43.8,21,33.1,6.34,430,26.1,60,Grapes
26.6,33.8,39.8,24.2,57.5,6.32,627.1,18,27.2,Grapes
34.6,34.7,45.8,25.5,60,6.38,669.4,20.4,17.2,Grapes
34.1,27.4,58.6,24.8,40.8,6.71,536.2,28.5,43.4,Grapes
32.7,34.6,68.6,26.4,25.2,6.68,609.3,20,35.7,Grapes
37.1,33.4,45,23.9,34.8,6.26,559.2,26.8,37.8,Grapes
25.7,26.8,62.5,22,42.2,6.81,631.4,23.4,43.1,Grapes
40,24.2,34.6,24.5,42.7,6.46,601.7,29.3,27.6,Grapes
33.6,26,64.3,21,35.3,6.08,644.7,20.1,37.5,Grapes
30.2,35.1,53.9,26.3,45.6,6.71,729.5,23.3,24.8,Grapes
27.7,29.7,39.9,25.9,38.2,6.41,761.9,21.2,31.7,Grapes
43.5,29.8,55.7,22.3,41.6,6.32,520.3,23.8,25.5,Grapes
24.5,30.4,36.9,24,29.8,6.57,796.3,22.1,23,Grapes
26,29.4,57,25.6,60,6.26,512.8,32,26.5,Grapes
12.1,31,57.6,27.9,37.2,6.42,669.9,25.1,25.2,Grapes
29.6,39.1,63.8,26.4,60,6.42,628.3,29.3,44.3,Grapes
20.5,24.2,54,27.9,42.9,6.48,800,26.9,29.4,Grapes
30,22.1,75.8,22.1,32.3,6.51,686.9,22.6,24.7,Grapes
31.3,33.7,44.6,28,37.3,6.62,515.4,28,20.7,Grapes
28.3,29.6,34.9,21,30.6,6.37,651.9,26.9,40.8,Grapes
27.1,24.2,67.1,23.4,29.9,6.46,524,23.9,43,Grapes
21.2,35.2,28.4,32,58.1,6.26,556.1,25.9,40.9,Grapes
39.8,31.2,31.1,32,41.1,6.54,500.1,24.4,29.5,Grapes
16.5,27.9,58.6,23.4,20,6.52,736.5,24.6,41.6,Grapes
26.9,42.8,41.5,23.8,44.6,6.87,523.6,22.5,31,Grapes
37.9,27.1,50.1,22.8,20,6.32,648.8,23.1,10,Grapes
15.8,27.9,69.1,25.1,25,6.6,680.5,22.4,20.4,Grapes
46.3,20.2,63,28.6,44.3,6.55,470.7,23.8,19.1,Grapes
27.7,37.4,20.8,26.2,50.3,6.61,465.8,24.7,32.2,Grapes
5,33.1,45.7,28.2,31.2,6.79,603.1,24.7,13.6,Grapes
10,30.7,52.9,27.4,30,6.36,480.8,23,43.8,Grapes
21.5,32,49.8,21,58.3,6.64,487.2,19.4,39.6,Grapes
14.5,26.9,59.9,22.9,27.2,6.68,713.7,32,35,Grapes
21.9,34.2,63,21,27.6,6.41,757.1,18,28,Grapes
16.1,31.2,90.8,23.9,43.7,6.52,528.6,25.5,23.1,Grapes
27.6,31.7,72.7,21,20,6.54,629.8,29.1,23.2,Grapes
13.6,33.9,17.1,28,48.2,6.46,606.1,18.6,32.2,Grapes
34.4,37.1,49.2,26.5,55.2,6.04,744.3,21.9,44.2,Grapes
5,26.6,42.6,25.3,52.5,6.22,569.6,23.8,12.6,Grapes
33.7,32.7,26.8,25.8,20,6.6,710.8,29.6,11.7,Grapes
24.3,25.8,56.6,25.8,35.8,6.7,707.3,25,18.1,Grapes
32.9,23.2,53.8,27,36.4,6.25,599.2,22,29.8,Grapes
29.1,23.5,64.4,21,20,6.26,476.5,25.2,28.2,Grapes
32.8,65.1,58,24.7,36.1,6.64,516.2,21.9,24.9,Grapes
25.8,31.8,39.3,23.8,47.7,6.64,518.6,25.9,28.7,Grapes
26.7,30.9,55.5,27.9,22.5,6.44,703.6,22.3,20,Grapes
38.6,33.8,44.4,23.2,38.9,6.51,682.4,22.4,25.2,Grapes
34.2,31.7,39,26.3,29.6,6.28,637.3,23.8,27.1,Grapes
34.2,35.9,57.8,28.7,48.3,6.47,460.3,21.6,21.5,Grapes
22,34.9,49.4,23.6,39.9,6.31,676.3,18,47,Grapes
45.6,31.7,102,25.1,52.2,6.45,106,22.3,42.1,Watermelon
37.5,34.6,96.8,26.5,52.6,7,174.7,21.5,53.3,Watermelon
58.1,41.2,46.9,25,53.3,6,183,26,46.4,Watermelon
28.6,44.7,126.5,25.6,40,6.47,144.5,25.8,34.4,Watermelon
78.4,26.4,140.4,26.6,56.2,7,147.6,22.2,38.7,Watermelon
74.4,44.6,87.9,28.8,57.4,6.74,136.9,26,44.6,Watermelon
73.1,28.9,79.8,23.6,49,6,200.6,29,67.1,Watermelon
68.5,38.2,107.5,21.6,49.8,6.42,196.7,22.6,48.6,Watermelon
61.8,59.1,65.7,27.2,48.7,6.36,154.6,26,31.5,Watermelon
83.6,51.5,94.2,25.1,61.8,6.82,118.1,23.5,30.1,Watermelon
30.6,44.3,86.1,27.8,66.1,6.63,176.3,27.5,21.1,Watermelon
59.5,41.9,91.2,32.2,58.7,6.89,113,28.6,38.6,Watermelon
36.8,35.5,89.1,31.9,50.2,6.73,106.8,20.4,43.3,Watermelon
88.3,25.4,90.8,31.3,61.3,6,161.8,24.5,41.1,Watermelon
21.2,41.9,105.4,24.6,62.8,6.52,112.3,19.5,43.2,Watermelon
88.3,49.9,109.7,32,48.9,6.06,131,20.9,31.1,Watermelon
78.5,25.6,110.9,29.4,52.4,7,61.4,26.6,59.5,Watermelon
73.3,34.8,100.5,24.7,64.6,6.99,189.5,26.1,23.5,Watermelon
37.9,76.6,109.6,27.7,65.3,6.82,138.7,25.9,29.4,Watermelon
59.4,38.6,98.8,25.7,61.6,6,91.2,22.9,20,Watermelon
57.2,42.8,89.4,27.1,54.1,6.91,161.4,28.8,28.5,Watermelon
25.6,53,50.4,30.5,55.3,6.88,112.1,25.9,20,Watermelon
100,37,98.4,28.7,74.3,6.66,177.5,21.9,32.4,Watermelon
59.9,56.1,73.8,30,69.8,6.62,123.4,21.6,30.2,Watermelon
73.1,52.9,109.6,25.7,61.2,6.07,171.9,25,47.1,Watermelon
73.1,40.5,108.4,31.3,71.9,6.32,149.6,26.8,32.5,Watermelon
23.2,47.6,116.5,25.3,44.2,6.3,179.7,21.1,26.1,Watermelon
47.4,27.1,72.4,25.2,48.1,6.46,156.5,29.7,49.4,Watermelon
30.1,38.1,114.8,28.6,56,6,133.1,28.4,21.7,Watermelon
65.9,52.2,94.8,31.3,57.5,6.57,134.3,26.9,54.8,Watermelon
36.4,33.3,92.9,28.6,71.4,6.53,134.2,24.6,36.5,Watermelon
70.2,28.6,109.9,30.1,62.9,6.03,184.1,18,39,Watermelon
53.3,46,86.9,30.8,50.8,6.42,197,27.7,40.1,Watermelon
60.1,44.7,115.9,31.7,58.4,6.52,170.7,23,38.1,Watermelon
48.7,41.3,120.3,30,61.3,6.65,176.6,25.3,48.8,Watermelon
47.8,60.5,73.7,25.5,70.2,6,236.2,24.5,25.2,Watermelon
91.9,45,76.9,28.8,57.7,6.44,111.9,30.6,30.2,Watermelon
41.8,65.1,101.1,33,80,6.16,135.2,23.8,41,Watermelon
63.4,43.9,80.9,29.7,68.2,6,171.9,23,25.7,Watermelon
57.8,31.5,113.6,29.3,47.9,6.78,138.3,24.3,34.6,Watermelon
51.8,23.8,135.1,30.4,72,6,111.7,25.3,30.3,Watermelon
78.9,30,114.6,25.6,56.1,7,143,24.9,37.8,Watermelon
55.6,32.3,103.3,23.9,58.2,7,113.6,24.5,47,Watermelon
61,32.3,91.7,23.7,58.1,6,163.5,26.2,48.7,Watermelon
30.9,37,91.1,28.8,55.6,6.3,178.6,24.3,37.6,Watermelon
56.8,45,67.5,25.7,66.9,7,166.1,22,29.9,Watermelon
91.1,47,134.2,26.1,77.6,6.03,96.4,33,25,Watermelon
74.5,16.9,116.3,24.8,65.5,6.03,104.8,22.8,28.6,Watermelon
59,49.8,105.9,25.1,48.2,6,123.2,26.4,23.7,Watermelon
49,35.7,106.3,28.9,63.1,6.12,81.8,25.9,24.7,Watermelon
41.2,38.8,84.1,27.4,69.7,6.14,162.4,20.5,45.9,Watermelon
42.1,39.6,85.7,28.9,46.1,6.7,85.6,24.4,41.1,Watermelon
69.2,42.3,56.3,28.3,64.8,6.18,142.9,21.9,35.5,Watermelon
20,33.3,95.1,28.5,76.1,6,112,21.6,38.6,Watermelon
67.9,31.1,101.7,30.8,47.8,6.06,157.7,26.6,44.6,Watermelon
45.6,44.3,111.1,22.4,64.5,6.31,161.1,24.2,28.3,Watermelon
44.6,36.5,98.6,30.3,59,6.81,177.9,22.9,42.6,Watermelon
49.1,24.9,70.1,25.2,67.9,6.21,137,24.5,45.2,Watermelon
79.6,39.9,104.8,30.1,66.6,6,143,19.6,50.4,Watermelon
52.5,32.3,102.6,26.9,70.7,6.7,113.3,21.9,37.3,Watermelon
85,51.7,94.8,24,57.5,6,130.4,24.2,48.2,Watermelon
46.4,45.5,154.8,26.9,80,6.96,205.3,24.1,40.7,Watermelon
88.7,29.2,65.8,27.7,56.2,6.26,152.3,26,28.2,Watermelon
22.6,58.8,132.1,33,67.3,6.26,141.5,24.8,37.8,Watermelon
45.1,31.4,83.2,23.8,59.1,6.95,179.9,22.6,43.8,Watermelon
73.5,24.7,147.3,27.3,40,6.74,154.7,25.8,40,Watermelon
77.3,57.1,136.8,33,54,6.16,114.9,23.6,48.6,Watermelon
52.6,31.2,122.1,31.9,59.5,6.39,134.9,24.7,32.5,Watermelon
89.7,36.4,118.4,24.8,51.5,6.07,153.4,33,27.3,Watermelon
53.1,26,83.6,28.3,53.4,6.92,142.1,20.7,48.6,Watermelon
53.1,50.2,101.7,30.9,73.2,6.68,116.3,22.3,53.4,Watermelon
53.3,45.2,85.3,29.2,79.6,6,141,25.1,43,Watermelon
32.7,34,119.2,30.5,50.2,6.36,142,22.5,43.9,Watermelon
53.4,41.9,72.5,27.9,64.1,6.38,131.7,19.6,45,Watermelon
52.7,33.2,115.2,28.8,53.8,6,156.1,26.7,26.2,Watermelon
22.6,29.1,95.2,29.3,48.9,6,105.4,20.5,43.3,Watermelon
80.7,28.5,85.1,33,66.1,6.38,175.7,21.7,34.1,Watermelon
60.5,47.2,72.2,28.2,61.1,6.76,63.3,23.8,43.7,Watermelon
59.6,49.7,116.7,29.8,48.9,6.28,272,25.1,24.2,Watermelon
35.2,38.5,108.2,29.8,48.7,6.67,113.4,29.7,27.2,Watermelon
63.2,27.4,88.4,25.4,52.9,6.21,139.5,25.2,38.7,Watermelon
61.4,45.7,106.3,28.2,40,6.36,105.4,23.1,39.9,Watermelon
49.2,42,118.9,25,64.9,6.37,189,21.1,47.8,Watermelon
63.8,50.8,79.7,28.4,51.3,6.58,73,28.6,31.2,Watermelon
82.7,34.3,103.8,25.7,52.5,6,163.7,24.7,25.8,Watermelon
61.8,35.6,57.1,32.7,57.7,6.87,169.3,22.1,48.5,Watermelon
36.2,33.4,87,30.6,56.3,6.31,186.6,25.2,32.7,Watermelon
56.1,50.4,55.7,29.6,55.7,6.32,148.1,25.5,38.6,Watermelon
45,40.3,100,26.3,65.3,6.92,109.5,26.3,46.1,Watermelon
73.2,47.9,102.2,30.2,80,6,146.1,26.4,49.6,Watermelon
64.1,45,93,28.9,61.5,6.46,184.8,29.6,39.1,Watermelon
100,30.8,100.7,32,52.5,6.57,181,22.3,51.2,Watermelon
95,44.6,146.6,27.4,54.5,6,154.4,29.7,45,Watermelon
63.2,28.5,90.6,27.7,66.4,6.39,117.4,29.8,34,Watermelon
55.4,46.7,97.6,22.8,51.5,6.15,174.2,20.6,49.7,Watermelon
50.5,39,165,32.8,65.2,6.53,169.4,26.3,47.9,Watermelon
89.7,49.5,200,31.3,40,6.72,89.7,33,41.3,Watermelon
45.8,51.3,119.9,21,72.6,6.21,155.9,26.1,49.4,Watermelon
40.6,35.4,99.2,27.9,46.1,6.86,138.8,23.6,32.4,Watermelon
66.2,40.9,77.3,23.5,59,6.34,82.3,27,36.6,Watermelon
24.3,51.3,95.7,30.5,61.4,7,114.4,24.4,29.3,Watermelon
73.7,37.9,87.3,24.8,56.2,6.77,116.9,27.3,45.5,Watermelon
59.8,32.8,142.9,29.1,56,6.67,154.3,29.8,37.1,Watermelon
68.6,44,98.6,28.6,76.6,6,128.2,19.8,45.4,Watermelon
60.5,46.1,117.4,33,54.8,6.05,106.3,21.3,28.4,Watermelon
51.9,38.5,108.4,29,62.3,6.33,119.8,23.9,50.4,Watermelon
44.4,34.6,95.6,24,65.1,6.52,176.9,27.5,23.3,Watermelon
45.2,51.8,200,23,61.8,6.46,217.7,26.9,35.1,Watermelon
46.1,58.5,141.6,23.6,45,6.1,174.3,21.4,29.6,Watermelon
78.3,34.6,99,29,56.2,6,206,25.1,29.3,Watermelon
48.4,39.6,104,32.6,73.2,6.66,119,28.1,41.4,Watermelon
23.3,46.6,143.6,32.5,57.8,6.22,134.8,26,32,Watermelon
61.9,46,111,31.8,54.6,6.44,141.4,18,29.8,Watermelon
61.2,40.6,137.8,27.4,75.5,7,110.6,31,45.8,Watermelon
60.3,39.6,96.7,28.4,48.9,6.69,190.6,26.3,42.1,Watermelon
82.4,38.6,116.4,29.5,52.9,7,220.2,20.6,38,Watermelon
67.6,37.7,55.5,30.1,49.3,6.54,149.5,25,43.1,Watermelon
72.3,40.3,88.9,27,77.4,6.16,127.8,25.8,37.7,Watermelon
90.9,45.2,74.9,24,67.1,6,102.7,26.9,52.9,Watermelon
77.1,33.5,108,23.8,80,6.31,135,26,37.2,Watermelon
54.2,52.6,118.2,30.4,64.8,6.58,165.8,25.7,45.1,Watermelon
28.9,33.7,101.8,30.4,57.2,6,140.3,23.6,35.9,Watermelon
30.9,49,122.3,26.8,50.2,6.52,175.5,20,36.2,Watermelon
88.7,44.2,85.8,31.6,70.8,6.81,153.9,29.2,49,Watermelon
36.4,38.6,92.3,33,58.3,6.67,136,20.5,37.5,Watermelon
67.4,37.4,110.6,28.9,65,6.9,149.8,23.5,20.8,Watermelon
44.9,50,85.9,28.4,68.8,6.57,124.2,27.9,37.2,Watermelon
68.1,45.8,71.9,26.8,48,6.72,159.4,21.7,34.6,Watermelon
67.2,31.1,139.7,33,61.2,7,193.3,23.7,53.9,Watermelon
39.4,44.6,68.4,30.3,70.5,6.33,102.5,32.4,32.6,Watermelon
25.6,34.1,65.6,32.5,69.1,6.5,143.8,28.4,44.5,Watermelon
73.2,48.4,103.8,28.8,52.4,6.63,169,28.1,42.6,Watermelon
55,47.4,105.7,22.3,56.3,6.59,167.4,27.5,43.8,Watermelon
94.4,49.9,111,30.7,43.4,6.05,129,24.7,48.9,Watermelon
50.3,33.7,81.1,28.9,58.1,6.51,169.7,33,44.3,Watermelon
55.3,40.5,117.3,25.8,59.5,6.11,174.1,26.6,45,Watermelon
89.5,39.8,96.4,21,52.5,6.34,157.8,24.5,54.4,Watermelon
46.9,51.3,99.3,32.5,45.3,7,190.3,26.4,40.2,Watermelon
32.9,37.9,82,31.5,57.1,6.2,163.7,21.7,53.5,Watermelon
79.8,40.1,109.3,29.3,69.4,6.38,152.2,21.9,46.2,Watermelon
41.8,31.6,83,27.7,50.2,6.15,138.1,20.1,20,Watermelon
27.7,44.4,77.9,23.6,59.8,6.48,102.8,23.6,45.9,Watermelon
100,43.6,114.4,26,55.1,6.43,129,25.2,53.3,Watermelon
33.7,40.9,106.8,24.2,56.5,6,118,24.1,33.1,Watermelon
57.6,29.3,98.3,32.1,56.5,6,130.8,27.6,45.9,Watermelon
59.9,38.2,109.8,28.3,73.5,6.71,252,24.9,58.4,Watermelon
56.2,45.1,76,22.3,71.9,6.37,177,23.8,25.6,Watermelon
94.8,53.2,74.9,29.7,49.1,6.46,142.6,25.4,42.4,Watermelon
92.6,47.7,96.4,30.7,60.5,6,152,26.7,38.8,Watermelon
31.7,49.1,82.8,24.8,60.8,6,123.8,28.6,53.8,Watermelon
60.5,50.1,90.5,32,45.9,6.46,187.7,26.2,28.4,Watermelon
61.1,29.2,87,26.6,60.6,6.25,229.6,18.1,32.7,Watermelon
68.7,17.9,86.8,26.8,43,6.15,131.9,20.9,41.9,Watermelon
63.1,37.5,102.6,27,47.7,6.13,123.7,24.7,42,Watermelon
62.9,46.4,140.6,25.9,68.8,6.93,178.9,24.6,45.5,Watermelon
81.8,68.3,97.3,33,80,6.48,162,23.3,33.2,Watermelon
92.2,38.9,103.7,29.5,65.5,6,138.6,25,34.6,Watermelon
56.3,18.7,94,29.3,53.5,6.5,141.1,23.2,41.6,Watermelon
53,43.3,131.2,29.5,69.4,6.37,155.4,21.2,53.5,Watermelon
47.2,31.7,95.5,31.6,65.2,6.45,78.7,22.6,50.4,Watermelon
57.6,32.3,133.1,29.3,53.6,6.28,124.2,25.2,27,Watermelon
23.9,47.9,92.2,28.7,63.6,6,187.3,29.4,34.1,Watermelon
34.9,29.8,104.7,27.7,70.8,6,145.3,24.5,29,Watermelon
42.4,29.3,88,26.2,57.5,6.17,85.7,23.1,45.5,Watermelon
50.7,32.6,82.3,28.9,51.4,6.57,92.8,26.6,48.5,Watermelon
50.4,39,93.1,28.5,49.1,6.71,208.2,21,39.6,Watermelon
72.8,37,114,28.1,61.2,7,111.8,23,60,Watermelon
70.6,42,126.2,25.7,50.7,6.16,143.2,23.7,48.9,Watermelon
55.3,40,91.3,32.2,45.5,6.39,108.7,27.1,47.3,Watermelon
47.4,48.6,60.3,32.2,49.8,6,137.7,27,37.3,Watermelon
65.1,43.8,94.1,33,56.2,6.41,128.5,24.1,51.6,Watermelon
78.3,80,82.3,23.6,61.9,6.54,194.5,28,46,Watermelon
27.4,47.8,110.1,24.2,46.1,6,238.5,20.4,34.4,Watermelon
76.4,44.1,103.4,27.8,60.9,6.28,150.6,20.8,25.6,Watermelon
42.8,47.7,68.4,24.8,53.2,7,179.5,24.8,39.1,Watermelon
56.6,45.2,67.9,30,80,6.58,134,26.8,43.7,Watermelon
45.9,42.9,99.3,29.9,59.1,6.78,63.2,26.2,44.6,Watermelon
34.8,37.3,110.4,29,76,6.68,143.4,27,32.4,Watermelon
55,44.5,76.7,25.3,64.4,7,145.1,26.5,47,Watermelon
74.6,34.6,98.3,23.3,56.1,6.91,167.6,28,21.8,Watermelon
81.8,49.1,99.6,27.4,69.1,6.24,129.5,28.4,43.4,Watermelon
78.6,41.8,76.4,27.1,58.3,6.81,160.6,24.4,39.9,Watermelon
65.8,51.8,88.8,23.2,51.3,6.33,128.1,23.6,51.9,Watermelon
56.2,31.8,58.9,28.3,44.8,6.37,177.8,18.6,47.6,Watermelon
75.8,58.5,49.4,29,61.3,6.94,156.1,21.8,32.1,Watermelon
54.2,44.6,92.5,31.2,80,6.36,157.6,29.1,20,Watermelon
54.9,38.4,77.3,28.1,58.6,6.1,186.1,25.6,48.8,Watermelon
65.5,39,78.8,30.2,46.9,6,185.7,23.3,55.6,Watermelon
52.6,31.7,97.4,23.8,54.4,7,160.4,30.3,34.4,Watermelon
80.9,22.1,109.1,30.6,67.4,6.45,112.4,28,45.2,Watermelon
58.4,28.3,117,21.8,51.6,6.54,169.2,29.8,34,Watermelon
59.9,18.6,84,29.3,60.8,6.47,212.2,27.9,31.5,Watermelon
61.8,42.6,98.8,31.5,52.7,6,189,28.8,39.6,Watermelon
78.1,27.7,129.4,30.4,60.3,6,162.6,23.8,45.1,Watermelon
81.4,44,94.7,26.9,43.3,6.52,198.6,24.2,56.4,Watermelon
20,40.1,113.5,29.2,48.5,6,134.6,23.6,37.1,Watermelon
73.2,50.4,108.4,28.5,59.5,6.05,126.7,20.7,35,Watermelon
76.3,47.4,84.3,26.6,63.3,6.65,115.5,26.2,35.6,Watermelon
73.3,41,74.9,29.3,64.9,6.36,170.9,25.4,41.9,Watermelon
26,49.2,112.9,27.6,64.7,6.62,113.4,19.6,27.8,Watermelon
63.7,38.7,137.9,28.7,71.9,6.16,167.9,23.2,44.5,Watermelon
80.6,31.7,96.5,28.2,53.3,6.26,132.1,24.6,34.5,Watermelon
76.1,36.9,100,21,65.2,6,152.3,26.6,38.2,Watermelon
71.2,33.8,95,33,60.4,6.52,135.7,25.3,54.9,Watermelon
31.1,48.8,77.7,28.8,72.3,6,150.9,26.1,51.5,Watermelon
79,42.8,120.8,32.4,56.4,6.85,200.5,25.9,30.1,Watermelon
68,45.7,90.6,31.4,46,6.14,172.6,27.4,40,Watermelon
87.2,48.9,90,30.1,69.1,6.17,139.3,26.3,26.1,Watermelon
66.7,41.1,91.1,33,57.6,6.05,160.7,21.8,44.7,Watermelon
100,51.2,72.9,25.7,78.5,6.34,176.9,23.8,42.6,Watermelon
70.2,41,145.6,30.5,54.9,6,125,27.9,35.9,Watermelon
62.9,46.4,102.4,32,61.8,6.18,92.1,24.9,40,Watermelon
36.4,38.3,84.2,22.7,40,6.07,128.2,23.9,24.6,Watermelon
95.3,51.4,110.7,29.5,71.5,6,109.2,27.6,33.7,Watermelon
41,23.8,111.4,30.5,58.4,6.02,188.9,29,35.9,Watermelon
32.9,53.2,127.6,26.6,50.2,6.47,140.9,22.2,42.9,Watermelon
22.9,51.4,90.2,27.8,62.3,6.5,108,28.2,45.7,Watermelon
56.8,43,76,26.9,59,7,153.8,27.1,43.8,Watermelon
36.4,35,109.6,24.7,55.3,6.09,137.9,25.2,38,Watermelon
47.2,31,145.2,32.9,60.6,6.02,166,26.8,27.1,Watermelon
49.3,27.1,142,30.4,56.6,6.42,181.2,26.7,43.1,Watermelon
61,38.3,112.6,32.6,69.1,6.15,148.4,31.5,47.1,Watermelon
50.3,52.1,98.7,26.2,58.9,6.36,138.8,23.9,39.6,Watermelon
20,41.4,128.3,29.5,68,6,125.5,29.1,44.8,Watermelon
100,25,104.3,31.3,57.5,6.48,144.8,26.5,45.2,Watermelon
33.6,30.6,125.2,23.9,42.7,6,109.7,24.8,39.1,Watermelon
98.4,19.7,98.9,25,63.5,6,155.3,26.9,32.8,Watermelon
54.3,25.4,104.1,30.4,63.8,6.27,169,25.7,36.1,Watermelon
55.8,36.7,114.2,30.6,65.4,6.81,186.5,27.4,42.7,Watermelon
86.4,27.9,119.1,23.6,76.7,6,160.8,25.8,37.7,Watermelon
43.2,69.6,106.4,29.2,58.5,6.5,161.8,33,25.4,Watermelon
25.8,42.4,85,27.4,48.6,6.6,175.3,23.2,44.7,Watermelon
67.6,30.9,81.8,30.8,48,6.57,128.4,21.7,33,Watermelon
82.4,49,91.5,27,66.4,6.46,185.7,22.5,52,Watermelon
36.4,39.8,109,25.7,47.5,6.32,180.1,23.9,41.2,Watermelon
54.9,35,88.7,24.8,54.3,6.6,188.9,19.5,35,Watermelon
37.4,41.5,102.4,26.3,72.6,6.74,174.9,27,22,Watermelon
46.6,56.5,102.5,24.6,64.8,6,199.3,29.1,63.7,Watermelon
20,54.8,107.8,33,57.9,6.71,146.1,23.2,26.7,Watermelon
50.3,40.5,102.5,31.1,57,6.41,114.6,19,40.6,Watermelon
68.3,40.1,93.8,25,65.4,6.3,130.6,22.6,37.2,Watermelon
57.6,40.8,114.2,26.5,65.9,6.6,135.7,23.3,57,Watermelon
62.8,52.8,90.1,31,74.6,7,112,27.5,42.4,Watermelon
38.4,40.9,59.3,25.7,61.4,6.37,135.5,21.6,41.7,Watermelon
20,58.6,97.8,29.8,80,6,118.7,24.5,31.6,Watermelon
79.3,43.5,97.9,25.5,47.9,7,174.1,27.4,30.8,Watermelon
49.1,52.9,98.8,27.1,61,6.52,103.9,20.4,20,Watermelon
73.8,40.5,89.4,30.3,77.2,7,156.1,23.5,44.5,Watermelon
59.8,41.7,60.7,28.9,55.4,6.6,120,27.3,24.8,Watermelon
53.1,22.6,95.3,25.6,49.9,6,154,27.6,44,Watermelon
87.2,43.9,88.9,29.1,67.5,7,215,22.1,44.6,Watermelon
52.8,41.3,95.2,28.2,41.6,6.27,195.8,27.9,46.1,Watermelon
64.7,34,95.5,26.2,69,6.54,145,27.8,41,Watermelon
33.9,61.8,102.2,32.1,60.7,6.27,150.2,26.3,40.2,Watermelon
32.5,41.1,97.6,23.3,60.2,6.64,159.4,29.3,35.2,Watermelon
100,39.3,111.8,26.8,65.8,6.48,179.1,23.8,48.3,Watermelon
31.4,40,200,22.5,60.1,6.75,148.5,33,30.9,Watermelon
53.1,62.4,92.7,30,55.9,6.4,123.9,27,43.3,Watermelon
48.8,53.6,149.3,33,69.3,6.38,125.7,25.4,21.2,Watermelon
78.8,37.9,88.2,27.1,48.1,6.8,137.4,23.7,20,Watermelon
99.7,29,104.9,33,55.9,6,181.4,24.6,29.2,Watermelon
77.7,35,75.1,29.1,55.7,6.44,104.1,25.1,46.1,Watermelon
49.7,23.9,113,26,56.3,6,145.3,30.1,35.7,Watermelon
78.1,34.3,77.4,29.7,47.9,6,81.2,23.2,55.7,Watermelon
51.6,29.3,82.5,27.4,61.9,6,181.5,24.9,31.5,Watermelon
29.4,33,114.9,23.7,60.5,6.03,68.9,26.1,30.2,Watermelon
58,36.4,120.7,26.2,68.4,6.19,121.7,23.6,35.9,Watermelon
46.5,46.1,98.1,27.7,54.2,6,222.8,32,34.3,Watermelon
47.1,22.4,107.4,27.5,42,6.22,173.7,21.9,46.6,Watermelon
54.6,33.8,126.4,30.2,65.3,6.53,129.7,28.6,80,Watermelon
49.6,40.2,110.4,30,54.6,6.56,82.8,27.6,40.8,Watermelon
83.8,31.4,95.3,25.7,56.6,7,125.1,28.2,39.8,Watermelon
40.2,50.4,106.1,26.6,68.8,6.79,105.9,20.3,31.9,Watermelon
43.7,43.9,102.6,28.9,53.4,6.9,197.9,24,42,Watermelon
61.8,53.4,105.7,25.2,57.8,6,83.9,30,38.7,Watermelon
33.1,44.3,100.7,27.3,62.4,6.28,155.9,29.2,51.2,Watermelon
48.7,28.9,69.9,27.1,61.6,6.83,119.5,26.2,21.9,Watermelon
60.3,43.2,100.6,27.6,75.4,6.54,153.8,29.2,39,Watermelon
67.7,38.4,104.9,28.9,50.2,6,184.7,25.4,42.6,Watermelon
44.6,39.2,113.2,33,80,6.51,140.3,21.4,49.3,Watermelon
72.7,41,110.1,25.4,53.8,6,134.8,24.1,44.1,Watermelon
78,25.4,51.9,27.7,63.1,7,143.4,25.4,30,Watermelon
43.7,29.2,79.8,30.2,66.4,6.66,169.9,25.8,39.2,Watermelon
55.6,36.3,77.1,25.8,45.1,7,77.2,25.7,37.2,Watermelon
45.7,52.1,117.7,27.1,63.8,6.53,150.5,25.5,33.6,Watermelon
47.1,42.3,91.9,30.8,52.5,6.23,156.7,22.2,62.5,Watermelon
64.2,48.2,109.6,22.4,55.2,6.65,130.9,20,42.4,Watermelon
81,42.6,114.6,30.3,46.2,6.03,125,25,28.5,Watermelon
42,28,80.4,26.1,80,6.36,159.5,28.6,44.4,Watermelon
99.4,39,123.7,30.3,53.9,6.26,151.5,25.6,20.9,Watermelon
35.6,57.6,83.3,33,59.1,6.56,136,25,39.1,Watermelon
75.8,42.7,102,30,50.9,6,167.2,25,40,Watermelon
48.6,46.9,108.4,29,68.6,6.5,186.2,24.3,38.4,Watermelon
47,32.8,128.4,24.6,53.4,6.23,235.4,25.4,42.5,Watermelon
45.2,40.4,102.4,27.7,54.9,6.7,152.6,24.7,55.9,Watermelon
70.4,31.3,110.5,26.4,41.8,6,152.5,23.4,38.7,Watermelon
66.4,29.4,100.4,25.6,42.4,7,95.4,20,51.8,Watermelon
71.7,56.6,128.9,32.1,48.5,6.36,135.7,22.5,40.2,Watermelon
44,60.7,104.9,32.9,58.8,6.15,166.5,25.2,42.6,Watermelon
76.7,44.3,124.8,23.9,47.9,6.04,117.7,24,38.4,Watermelon
63.1,42.5,94.7,26,64.8,6.86,165.1,29.9,40.2,Watermelon
54.9,20,105,31.5,77.3,6.92,166.5,21.3,38.9,Watermelon
86.4,35.2,101.2,26.8,50.2,6.84,141.6,26.2,47.9,Watermelon
63.4,37,128.4,30.7,61,6.52,206.9,21.4,43.1,Watermelon
48.6,29.9,123.6,24.4,46.9,6.49,153.7,23.3,28.7,Watermelon
71.2,33.1,68.7,28.4,49,6.66,190.6,18,38.3,Watermelon
93,40.6,91,24.4,63.6,6.25,169.6,28.7,49.7,Watermelon
47.4,45.1,96.7,31.6,58.6,6.58,121.2,22.5,34.2,Watermelon
56.3,35,115,28.8,57.3,6.47,199.5,25.3,64.5,Watermelon
73.1,39.3,116.8,28.7,65.1,6.45,119.1,28.3,41.9,Watermelon
63.6,31.7,69.7,30.1,64.7,6.41,137.7,27,43.2,Watermelon
87.1,36.9,68.5,30.8,57.3,6.73,108.8,24.4,33.5,Watermelon
47.1,33.8,88.5,31.1,53.9,6,139.6,23.7,38.5,Watermelon
42.8,35.3,53.1,25.7,66.3,6.45,109.9,23.5,24.8,Watermelon
97.3,24.2,91.5,29.7,63.9,6.7,154.6,20.5,32.6,Watermelon
32.7,45.2,90.1,32.2,66.2,6.21,146.2,29.8,32.6,Watermelon
48.7,38.7,111.4,23.7,53.2,6.71,121.9,27.4,57.1,Watermelon
48.7,42.2,92.9,27.5,62.3,7,170,22.1,39.5,Watermelon
43.2,44.7,105.7,32,44.7,6.47,123,19.9,46.2,Watermelon
40.2,50.7,110,29,47.9,6.32,155.1,23.8,53.7,Watermelon
37.1,33.6,63.6,33,61.2,6.88,160.3,23.3,64.5,Watermelon
39.2,33.2,93.9,23.4,64.8,6.7,164.3,24.3,47.1,Watermelon
78.3,53,74.7,24.9,51.5,6.11,135,24.7,35.7,Watermelon
21.4,28.4,55.8,21.3,65,6.33,150.2,26.1,29.1,Watermelon
40.5,39.7,114.9,25.2,50.5,6,116,33,28.2,Watermelon
72.2,23,55.4,30.9,48.3,6,113.4,21.9,43,Watermelon
51.2,45,107.6,26.7,51.1,6.45,94.4,27.3,53.8,Watermelon
26.4,42.1,102.1,28.2,75.9,6.67,165.9,25.1,32.5,Watermelon
68.2,37.3,85.3,30.3,74.9,6.58,150.8,25.5,43.5,Watermelon
52.8,53.7,119.5,28.7,53.9,6.25,142.4,26.7,39.1,Watermelon
37.1,61.4,111.3,24.4,40,6,232.1,25.7,57.7,Watermelon
69.7,32.8,117.4,32.7,40,6.7,156.5,24.7,62.3,Watermelon
71.9,55.8,116,31.6,48,6.45,137.6,23.4,30,Watermelon
58.6,80,97.3,24.4,46.6,6.69,152.5,28.9,50.2,Watermelon
69.6,26.1,84.4,29,53.2,6.17,109.4,30.5,25.3,Watermelon
100,21,120.7,29.1,62.6,6.05,134.6,27.2,29.6,Watermelon
61.4,42.8,105.9,31.5,72.2,7,176.9,26.1,44.3,Watermelon
56.5,57.4,112,26.9,64.6,6.32,125.7,20.4,36,Watermelon
67.9,45.6,44.8,26.6,67.7,6.59,151.5,22.7,45.4,Watermelon
20.5,35.5,79.8,30.6,63.2,6.09,128.8,24.1,34.7,Watermelon
59.9,57.5,108.7,29.2,52.6,6.25,124,27.3,44.8,Watermelon
63.4,47.6,100.5,32.6,80,7,140.7,25.3,25.4,Watermelon
20,56.9,81.3,32,66,6.1,115.1,22.7,35.2,Watermelon
63.4,46,94.9,25.8,63.9,6.41,169.5,31.9,38.3,Watermelon
45.3,20.6,74.3,29.5,53.5,6.43,145.9,26.7,36.2,Watermelon
72.7,26.9,121.9,29.3,59.4,6.54,167.8,25.7,46.5,Watermelon
60.1,49.5,86.5,23.1,45.8,6,123.7,27.8,42.8,Watermelon
51.3,33.9,69.5,30.1,70.4,6.47,115.8,21.6,40.3,Watermelon
77.4,57.8,94.1,21,74.7,6.77,119.9,27.7,27.9,Watermelon
20.1,47.2,90.8,29.7,57.8,6.59,145.8,22.8,29.8,Watermelon
70.7,34.2,79.3,29.5,68.8,6,137.9,26.9,27.7,Watermelon
53.5,32.1,134.8,32.9,65.2,6.42,151.9,21.7,35.7,Watermelon
40.6,29.2,111.7,30.7,59,6,151.1,23.4,44.8,Watermelon
46.8,27.1,94.6,24.6,62.8,7,132.8,20.5,33.6,Watermelon
79.6,22.2,114.9,29.1,55.9,7,165.5,22.7,46.2,Watermelon
44.6,47.9,89.7,26.7,61.2,6.34,163.9,23.1,58.6,Watermelon
50,44.7,89.9,22.3,79.3,7,151.6,26.8,58.5,Watermelon
66.8,46.9,101.6,23.9,73.8,6.32,174.5,24.7,49.6,Watermelon
46.2,32.6,112.3,31.3,73.3,6.5,134.2,26,20,Watermelon
40.8,44,69.4,31.1,74.6,6,162.6,21.8,35.9,Watermelon
100,37.1,77.5,26.5,67.2,6.52,127.3,26.9,38.7,Watermelon
30.4,21.8,100,30.4,79.9,6.2,193.3,18.2,41,Watermelon
34.9,24.8,100,29.5,64.4,6.28,168.7,24.6,24.1,Watermelon
90.3,24.7,99.1,27.7,80,6.72,176.6,24.5,27.6,Watermelon
55.4,22.4,75.6,29.2,64.1,6,128.2,22.5,29.9,Watermelon
78.3,48.6,106.3,30.5,40.4,6.24,128,24,33.4,Watermelon
76.7,32.8,106.6,30.2,51.2,7,133.7,29.3,37.8,Watermelon
100,47.4,144.3,29.2,65.5,6.36,139.5,18,37.8,Watermelon
79.9,24.7,76.4,26,71,6.39,204.7,27.3,46,Watermelon
58.9,33.6,117.1,31.7,62.2,6,155.1,27.5,40.4,Watermelon
57.4,34.8,91.1,25.6,41.1,6,216.5,23.5,47.6,Watermelon
61.3,40.6,103.7,32.4,45.1,6,130.3,26.6,47.3,Watermelon
56.9,37.9,96.2,28.1,72.5,6.2,124.2,26.1,38.9,Watermelon
64.7,27.5,102.8,32.3,46.2,6.33,117.6,22,31.2,Watermelon
88.1,34.8,116.6,30.8,61.6,6.18,147.9,21.9,37.3,Watermelon
63.8,44.1,107.6,25.3,65.5,6.14,162.6,28.9,28.6,Watermelon
66.6,39.9,89.6,24.7,80,6.34,103.1,29.4,76.5,Watermelon
28.5,37.4,112.8,24.9,53.4,6.04,108.1,26.3,35.9,Watermelon
52.9,44.7,79.8,30.2,54.6,7,181.4,26.1,47.8,Watermelon
86.6,41.7,83.2,26.7,40,7,125,27.9,40.9,Watermelon
64.4,34.9,105.8,29.2,40,6.73,142.3,31.6,38.2,Watermelon
80.3,48.7,64.4,29.1,54.1,6,152.7,23.9,47.2,Watermelon
51.8,31.2,125.8,30,43.1,6.75,124.5,24.5,37.3,Watermelon
75.5,38.9,138,29.7,52.6,6,140.8,24.1,24.5,Watermelon
88.9,52.6,83,31,66.6,6,118.8,23.5,36.7,Watermelon
72.8,46.4,86.2,27.4,58.4,7,178.3,22.9,46.5,Watermelon
58.5,40.6,147.9,26,67.4,6,145,23.1,40.1,Watermelon
45,65.3,132.7,29.8,54.3,6.19,150.8,26.9,43.3,Watermelon
36.9,50.8,74.1,29.8,53.7,6,196,25,49.2,Watermelon
69.2,59.5,109.9,29,67.3,6.72,171.2,26.6,30,Watermelon
81.8,33.1,84,29.7,47.3,6,173.7,30.3,45.6,Watermelon
36,21.2,98.5,31.6,70.8,6.32,185.1,25.9,41.2,Watermelon
20,16.2,67.4,25.6,65.7,6.36,125.4,25.2,44.6,Watermelon
57.3,33.7,87.3,33,55.7,6,109.7,18,41.6,Watermelon
44,41.4,55.6,32.6,62.4,7,181.6,24.9,20,Watermelon
75.7,33,99,28.2,56.1,6.54,143.8,32.6,31.6,Watermelon
48,24.3,97,27.9,43.2,6.65,171.5,24.7,28.5,Watermelon
50.8,29.1,71.3,30.3,77.5,6.15,135,30.7,33,Watermelon
50.9,30.9,74.1,22.6,50.2,6.07,159.1,27,33.7,Watermelon
100,30.9,112.5,33,58.2,6.89,148.4,27.2,45.4,Watermelon
20,55.1,117.1,31.3,48.7,6.7,119.8,24.7,34.6,Watermelon
70.4,40,110.8,27.3,55.2,6.85,300,27.1,35.9,Watermelon
55.8,39.1,108.3,28.4,52.3,6,138.9,24.3,38.8,Watermelon
59.2,43,108,31,63.7,6.31,114.3,24.8,32.8,Watermelon
62.9,35,83.7,32.3,49,6,70.6,26.2,30.3,Watermelon
20,50,137.8,22.9,61.6,6.52,82.6,21.3,39.9,Watermelon
68.1,44.9,108.7,24.2,74.9,6.6,168.8,26.3,37.2,Watermelon
49.2,34.4,67.8,25.4,67.6,6.24,144.3,24.9,57.9,Watermelon
63.3,57,154.2,27.1,74.2,6.46,154.7,25.9,46.7,Watermelon
42.6,49.8,99.1,31.6,47.6,6,200.6,22.9,52.7,Watermelon
37.5,45,69,21,62.2,6.09,160,28,34.9,Watermelon
77.4,39.6,81.5,27.7,60.6,6,151.3,25.8,22.6,Watermelon
67.5,35,80.3,27.5,65.6,6.32,207.5,28.5,47.5,Watermelon
80.2,46.6,107.4,27.3,68.6,6.95,150.2,31.7,48.1,Watermelon
73.4,39.4,102.4,26.3,62.4,6.06,134.5,23.4,31.8,Watermelon
64.5,47.9,88.1,29.7,45.1,6.86,146.8,22.3,43,Watermelon
65.4,63,147.6,27.3,55.7,6.23,147.8,29.2,59.3,Watermelon
54.9,27.6,126.4,32.6,63.8,6,174.3,24.7,26,Watermelon
68.9,46.3,104.8,23.4,55.9,6.16,150.2,28.9,24.9,Watermelon
41,27,114.1,31.4,68.7,6.06,200,29.6,47.3,Watermelon
80.4,30.9,144.4,27,43.9,6,179.9,33,50.4,Watermelon
86.4,62.4,91.4,28.8,47.9,6.01,117.6,23.7,37.6,Watermelon
60.2,34.5,91.8,33,49.4,6.27,104.3,24,38.2,Watermelon
61,35.7,106.7,23.4,56.1,6.08,144.8,28.7,39.3,Watermelon
66.8,47.1,70.9,28.9,52.2,6.63,86.1,24.3,29.9,Watermelon
94.3,49.7,89.6,33,58.9,7,172.2,24,32.8,Watermelon
38.7,23.4,80.5,26.4,60.6,6.22,149.4,28.6,29.8,Watermelon
72.8,43.1,83.6,26.8,53,6,136.9,30.1,48.5,Watermelon
47.7,34.8,104,30.3,45.2,6.48,151.5,21.4,28.3,Watermelon
64.8,44.2,95.9,30.8,61.3,7,97.7,24.2,34.9,Watermelon
44,44.1,73.1,21,64.7,6.48,174.5,29.5,34.8,Watermelon
37.3,49.2,130.2,25.4,65.2,6.32,183.8,26.6,36.5,Watermelon
71.9,34.7,99.1,25.1,65.3,6.45,165.2,32.8,47.7,Watermelon
56,22.9,120.3,23.4,66.9,6.95,96.4,31.1,41.3,Watermelon
100,29.5,125.1,30.6,40,6.44,127.7,23.5,45.4,Watermelon
75.8,34.2,62.2,31,62.7,6.29,137.7,24.8,80,Watermelon
61.9,44.7,110.1,30.3,65.4,7,208.6,20.4,32.4,Watermelon
32.9,50.2,130.4,23.3,60.9,6.14,128.9,24.4,28.8,Watermelon
100,42,120.1,29.6,51.3,6.47,150.2,26.3,51.8,Watermelon
66.4,35.4,115.6,28,52.7,6.96,174,19.1,20,Watermelon
46.2,37.7,136.5,27.9,68.8,6.88,134.1,27.3,62.8,Watermelon
75.2,54.1,97.9,26.1,80,6.79,141.2,24.6,43.9,Watermelon
83.4,40.2,59.6,30.6,48,6.41,126.8,27.2,48.5,Watermelon
69.7,35.5,80.6,33,44,6.1,150.2,25.5,40.7,Watermelon
51.7,43.8,65.1,24.5,76.9,6.89,185,25.6,44.2,Watermelon
72.6,27.9,52.4,29.3,43.4,6.7,128.3,18,32.7,Watermelon
62.2,35.6,114.5,22.6,48.5,6.99,145.2,23.6,32.1,Watermelon
55,43.3,114.5,31.3,74.7,6.08,177.5,20.1,51.1,Watermelon
79.1,27.2,100.5,28.2,66.7,6.23,145.9,29.8,38,Watermelon
37.8,48.3,101.6,27.3,67.3,6.24,121.9,24.3,20,Watermelon
89.6,40.9,96.5,24.6,58.2,6.94,145.2,26,40.6,Watermelon
30.8,27.6,130.9,29.4,66.9,6.88,120.2,25.6,50,Watermelon
100,47.2,94.6,29.6,54.5,6,119.5,24.4,45.7,Watermelon
25.6,36.1,83.7,29.5,67.3,6.11,140.2,27.6,44.1,Watermelon
20,53.9,89.4,32.3,57,6.26,194.9,29.8,36.3,Muskmelon
58.4,45.6,111.3,28.6,63.7,6.83,160,25,30.9,Muskmelon
75,23.3,74.5,26.1,44.4,6.76,162.7,22.8,51.8,Muskmelon
25.9,51,89,30.7,65,6,164.8,22.3,45.6,Muskmelon
93.2,47.8,80.5,21,71.5,6.35,122.1,25.5,46.6,Muskmelon
91.2,51.3,112.7,26.3,52.8,6.39,116.6,26,32,Muskmelon
54.1,46,132.7,22.3,51,6.36,149.6,22,38.4,Muskmelon
82.5,34.3,102.7,27.3,72.1,6.51,144.6,25.6,39,Muskmelon
72.7,28.6,118.4,33,54.5,7,145.7,30.3,26.5,Muskmelon
73.7,25.4,75.8,28.7,77.2,6.33,169.4,26.4,39.6,Muskmelon
40.6,34.5,92.3,30,49.7,6.91,217.8,24.9,31.1,Muskmelon
32,62.5,101.7,27.6,73.8,6,165.9,24.5,30.6,Muskmelon
74.5,49,79.5,32.1,64.2,6.65,140.4,21.9,43.5,Muskmelon
42.7,52.5,80,33,55.9,6,202.7,26.1,32.6,Muskmelon
69.4,43.6,89.3,27,78.5,6.63,167.9,22,59.9,Muskmelon
65,21.8,99.8,31.1,48.9,6.73,102.6,26.8,23.6,Muskmelon
38.5,60.5,77.8,27.7,71.3,6,153.5,19.1,21,Muskmelon
69.2,49.2,64.6,25.3,40.4,6.01,178.6,30,38.9,Muskmelon
54.1,33.7,98.4,28,76.8,6.46,126.9,27.8,31,Muskmelon
80,39,98.9,23.8,58.6,6.75,212.3,27.4,30.2,Muskmelon
83.3,28.9,101.4,28.5,58.3,6.42,172,19.8,30.8,Muskmelon
43.5,35.3,120.9,26.9,67.6,6.28,118.7,27.8,43.1,Muskmelon
60.6,24.9,87.6,25.8,58,6.35,171.1,20.9,27.4,Muskmelon
53,34.3,69.7,24.1,48,6.58,127.1,23.7,50.8,Muskmelon
60.9,32.8,67.2,32.1,47.1,6,112.1,23.2,53.8,Muskmelon
99.4,49.7,105.3,26.2,80,6.47,153.8,27.9,27.7,Muskmelon
20,60.1,91,30.3,67.5,6.3,119,24.4,43.1,Muskmelon
47.3,31.3,82.7,31.2,62.7,6,162,27.5,52.8,Muskmelon
45.9,47.6,111.2,30.9,64.7,6.57,150.7,21.3,44.9,Muskmelon
75.7,20.2,70.4,33,49.7,6.72,127.7,23.7,44.3,Muskmelon
48.6,36.7,106.9,28.9,66.2,6.63,137.6,29.6,34.4,Muskmelon
98.3,31.2,122.3,33,60.9,6.75,92.5,27.6,51.1,Muskmelon
61.1,55.1,92.1,29.6,41.7,7,164.7,27.5,54.8,Muskmelon
50.4,32.6,107.6,33,40,6.9,214.4,24.5,39.4,Muskmelon
47.8,51.7,112.4,23.8,58.8,6,137.9,24.1,30.4,Muskmelon
100,43.2,56.4,26.6,61.3,6.42,162.7,30.4,46.7,Muskmelon
92.8,33.4,103.4,28.3,40,6.76,115.6,23,43.6,Muskmelon
76.6,34.6,56.1,28.5,52.4,6.7,170.9,23.2,28.3,Muskmelon
85.9,30.8,119.8,24.5,80,6.81,165.4,23.4,39.8,Muskmelon
59.3,22,103.2,33,71.4,6.91,153.7,21.6,39.4,Muskmelon
41.8,39,112.7,30.3,63.2,6.07,124.5,29.2,38.2,Muskmelon
70.7,32.6,97.7,21,76.2,6,144.5,23,69.6,Muskmelon
49.4,39.4,86.9,26,50.4,6.34,151.3,27.6,38,Muskmelon
80.5,32.4,107.5,24.4,47.3,6.47,167.1,20.7,22.2,Muskmelon
45.9,42.2,76.7,30.5,46.1,6.37,113.3,27.9,61,Muskmelon
71.9,46.4,103.7,31.4,60.3,6.5,166.1,26.7,39.3,Muskmelon
44.9,20.3,94.1,25.5,49.1,6.76,128.4,23,29.9,Muskmelon
73.5,32,81.5,29.3,75.5,6.22,189.5,21,39.3,Muskmelon
68.9,43.1,91.4,27.6,51.9,6,135.8,23.1,43.4,Muskmelon
60.4,46.4,69.2,30.1,56.2,6.23,212.1,22.3,49.2,Muskmelon
77.9,51.6,31.2,31.1,67.7,6.46,120.2,24.3,43.4,Muskmelon
61.2,14.7,82.6,24.2,71.4,6,186.3,24.7,52.6,Muskmelon
50.4,50.9,90.5,23.1,80,6.39,154.6,24.2,42.7,Muskmelon
56.1,34.6,128.6,32.1,56.8,6.3,167.8,27,20,Muskmelon
44.2,46.2,62.6,27.8,60.8,6.73,149.8,26.5,47.7,Muskmelon
76.4,67.3,101.3,29.6,57.7,6,216.5,19.6,46.5,Muskmelon
36.6,29,77.3,25.9,63,6,104.8,20.7,31.7,Muskmelon
24,57.6,96.3,26.7,66.5,6.52,92.4,24.6,33.9,Muskmelon
86.6,27,126.9,29.2,61.8,6.69,189.9,28.8,46.9,Muskmelon
37.3,43,122.4,29.6,67.8,6,127.6,31.1,50.1,Muskmelon
57.1,56.5,99.5,28.3,57.5,6.53,112.4,24.9,20.2,Muskmelon
100,32.3,104.3,23.2,62.2,6.56,115.4,24.3,25.4,Muskmelon
46,29.9,117.3,30.2,43.1,6.59,119.2,27.5,38.6,Muskmelon
62.2,44.2,116.9,27.9,54,7,134,25.2,34.5,Muskmelon
78.1,40.2,84.9,27.6,53.3,6.08,171.1,22.4,20,Muskmelon
37.7,53.6,94.9,27.7,62.7,6.65,171.6,21.3,31.7,Muskmelon
87.3,41.7,106,26.5,57,6.15,130.8,19.3,36,Muskmelon
54.5,24.6,75.5,26.5,60,6.08,160.9,27.9,31.5,Muskmelon
27.7,42,79.4,27,78.8,6.99,135,19.7,47.8,Muskmelon
36.6,46.4,121.2,27.2,47.5,6,227.2,26.3,37.1,Muskmelon
80,20.8,95.7,21,78.5,6,150.6,29.7,30.9,Muskmelon
100,46.4,97.1,23.6,72.7,6.16,125.1,22.3,37.8,Muskmelon
56.8,44.7,80.6,27.2,40,6.64,100.3,26.2,33.9,Muskmelon
73,37.1,78.7,24.8,73.4,7,161.8,23,26.1,Muskmelon
59.5,23,92.6,24.9,55.5,6,231.7,19.3,46.8,Muskmelon
50.1,46.6,100.9,33,55,6,179.9,23.2,74.3,Muskmelon
61.6,34.1,138.3,30.1,71.4,6.15,73.9,29.1,34.2,Muskmelon
41.9,27.4,90.4,28.2,62.6,6.74,132.4,29.7,50.5,Muskmelon
62.7,47.5,118.4,26.1,48.1,7,104.7,25.9,32.7,Muskmelon
64.8,36.4,100.6,22.9,61.3,6.6,120.8,24.5,35.4,Muskmelon
64.6,46.9,66.8,33,44.7,6,139.4,22.2,54.8,Muskmelon
87.6,47.8,132.8,32.4,59.6,7,117.6,22.4,49.6,Muskmelon
38.2,51.1,100,27.2,58.3,6,136.6,22.2,38,Muskmelon
85.2,26.8,105,30.8,62.4,6.43,114.2,18.9,42.1,Muskmelon
65.4,53.3,83.8,29.5,80,6,159.3,29.4,50.6,Muskmelon
70,43.2,121.9,28.5,72.7,6.14,135,28.9,49.2,Muskmelon
79.5,53.2,114.6,30.8,54,6.76,140,24.8,58.6,Muskmelon
100,45,44.4,26,62.4,6.47,93.6,22.5,35,Muskmelon
70.5,45.5,123.4,32.7,50.8,6.53,174.6,19.2,33,Muskmelon
73,58.9,88.1,28.6,61.5,6.23,150.5,19.7,51.8,Muskmelon
34.3,33.8,137.1,31,60.1,6.79,168.3,31.8,41.2,Muskmelon
68.8,35.5,76,26,63.4,6.79,179.5,25.3,44.2,Muskmelon
67.3,26,116,26.1,54.5,6,124.9,33,52.2,Muskmelon
30.8,41.1,68.1,32.4,59.2,6.14,149.8,21.7,34.8,Muskmelon
83.6,32.8,112.3,22.2,77.1,6.07,197.4,28,40.5,Muskmelon
55,44.3,111.4,30.3,63.4,6.49,182.2,25.7,25.2,Muskmelon
62.8,38.1,83.5,30.4,55.6,6.56,196.7,26.6,29,Muskmelon
47.4,49.1,124.3,31,73.5,6.22,205.1,21.1,42.6,Muskmelon
59.3,30,115.9,25,66.1,6.55,99.3,18.9,53,Muskmelon
49.1,19,110.1,25.7,50.3,6.9,198.2,31.8,41.5,Muskmelon
62.1,40.5,129.7,26,62.2,6.92,128.9,25.9,42.3,Muskmelon
45.2,28,74.1,26.5,53.7,6,135.1,28.4,25.1,Muskmelon
45,23.3,200,29.3,40,6.85,144.4,25.4,40,Muskmelon
65.8,50.7,100.9,26.6,57.8,6,134.2,22.6,38.1,Muskmelon
47.8,38.4,95.1,26.8,76.4,6.1,119.7,27.3,28,Muskmelon
21.3,43.2,110.5,28.4,65.6,6.2,152,21.2,42.1,Muskmelon
58.8,44.7,123,27,65.6,6.81,172,19.6,34,Muskmelon
69.1,47.4,74,26.5,79.2,6.39,127.4,24.3,30.1,Muskmelon
34,23.8,89.4,26.8,48.9,7,123.3,26.3,44.3,Muskmelon
82.9,42.3,93.6,24.6,40,6.47,103,22.4,27.6,Muskmelon
57,32.8,75.6,24.9,51.1,6.23,142,23.8,40.6,Muskmelon
29.6,50.1,102.6,27.1,67.8,6.4,188.3,23.7,54.7,Muskmelon
90.5,38.8,84,28.2,57.3,6.79,152.8,26.9,29.9,Muskmelon
82.3,40.5,66.4,28.5,53.3,6.85,283.2,22.2,35.8,Muskmelon
83.5,29.9,84.2,26.2,71.1,6.6,111.8,30.2,38.8,Muskmelon
47.7,26.4,62.7,28,40,6,124.1,27.8,47.8,Muskmelon
39.9,46,97.4,25.2,55.6,7,198,23.7,36.8,Muskmelon
89.4,51.1,72.3,27.8,71,6.49,136.4,21.2,52.1,Muskmelon
59.6,43.2,86.1,29.8,41.4,6,172.3,24.1,46.4,Muskmelon
89.3,25.4,107.1,26.3,48.4,6,131.9,21,61.3,Muskmelon
36.7,43.6,95.1,28.2,80,6.71,143,25.6,64.6,Muskmelon
41.4,38.2,90.2,27.9,60.8,6.89,163.5,30,32.5,Muskmelon
30.4,21.7,93.6,32.6,56.9,6.46,148.3,27.3,30,Muskmelon
43.8,46.2,107.6,32.4,44.3,6.21,102.5,26.8,20,Muskmelon
71.3,47.8,109.7,28,70.4,6,103.9,26,28.8,Muskmelon
60.3,41.9,112.1,21.5,65.6,6.28,190.8,20.2,44.5,Muskmelon
64.3,55.9,109.7,26.2,50.8,6,178.4,33,57.5,Muskmelon
64.6,47.5,146.9,22.8,56.9,6.03,203.9,29.3,20.7,Muskmelon
81.1,37.2,107.4,29.9,45.7,7,147,20.9,58.6,Muskmelon
70,29.8,105,30.5,67.4,6.29,71.8,23,35.4,Muskmelon
69.5,15.7,61.4,22.5,66.9,6.76,99.5,25.1,45.9,Muskmelon
58.8,37.3,117.2,33,70.6,6.14,172.8,19.2,52.3,Muskmelon
64.7,43.2,95.2,25.7,58.4,6.22,160.1,26.8,25.6,Muskmelon
78.3,47.5,77.6,31.1,61.9,7,151.8,24.7,53.3,Muskmelon
64.8,34.2,112,29.4,58.9,6,87.7,27.9,36.6,Muskmelon
72.2,29.9,119.8,25.4,49.8,6,190.7,27.7,40.3,Muskmelon
73.3,63.4,133.9,32.3,56.2,6.66,93.3,24.8,49,Muskmelon
34.2,35.6,114.7,21,64.9,6.49,169.2,21.3,36.5,Muskmelon
100,26.4,64.8,25.4,58,6.86,168.7,21.6,51.7,Muskmelon
74.5,23.1,117.6,33,57.7,6.37,164.3,21.1,37.3,Muskmelon
96.1,32.2,138.6,27.7,56.4,7,213.7,20.6,44.6,Muskmelon
28.4,35,96.9,27.2,57.3,7,120.5,29.5,46.9,Muskmelon
56.3,36.1,79,28.6,74.7,6.67,115.5,22.5,43.2,Muskmelon
76.6,57.5,100.8,28.1,62.9,6.79,145.8,27.1,22.9,Muskmelon
60.8,35.7,129.4,28.2,69.7,6,195.8,25.1,44.9,Muskmelon
62.4,34.9,106.8,27.6,52.3,6.11,181.1,26.6,37.8,Muskmelon
75.9,40.7,98.5,25.8,51.7,6.82,169.8,24.7,41.4,Muskmelon
41.6,37.8,123.3,30,62.3,7,146,27.6,35.2,Muskmelon
66.6,38.2,97.2,28,67.1,6.71,153,25.9,41.8,Muskmelon
55.6,40.7,109.6,32.8,48.9,6.29,157.9,30.3,20,Muskmelon
91.9,49.6,92.5,33,41.3,6.36,158.1,29.9,57,Muskmelon
45.1,37.9,53.1,33,55.7,6.82,154.9,23.2,55.9,Muskmelon
72.9,28,93.2,27.9,53.9,6,184.8,25.7,28,Muskmelon
79.6,39,73.1,26.9,80,6.7,127.3,26.6,39.4,Muskmelon
50.3,29.6,76.5,25.4,76.9,6.22,155.7,27.9,49.3,Muskmelon
71.7,60,103.6,23.4,66,6.69,128.3,28.1,37.2,Muskmelon
39.5,45.4,105.2,27.4,74.4,6.62,152.5,26,42.4,Muskmelon
92.4,17.4,91.8,25.8,54.9,6.8,137.9,23.7,32.1,Muskmelon
92.5,38.7,95.9,28.8,48,6.39,97.9,23.4,37.9,Muskmelon
55.4,43.1,119.2,30.8,48.3,6,192.4,19.6,39.6,Muskmelon
52.9,44.7,200,31.8,59,6.54,151.8,26.6,40.3,Muskmelon
100,40.6,77.3,27.3,58.9,6.51,128.7,25.4,40.7,Muskmelon
38.5,50.1,92.2,27.5,66.5,6.09,142.8,22.8,45.8,Muskmelon
57.8,49.2,88.6,26.4,54.3,6.56,148.2,23.4,33.5,Muskmelon
22.6,37.3,86,28,56.9,6.43,160.1,22.5,36.4,Muskmelon
100,31.6,129.4,31.6,66.2,6.71,84.7,26.8,31.9,Muskmelon
70.8,41.2,183.8,25.3,52.2,6.16,123.4,22.2,48.6,Muskmelon
42.4,35,88.1,23.4,58.8,6,157.5,19.3,31.7,Muskmelon
24.9,44.3,92.1,30.3,54.3,6.09,121.4,22.5,31.7,Muskmelon
40.6,46.5,122.4,26,44.7,6.91,104.5,23.5,43.6,Muskmelon
55.8,26.5,95.3,28.2,68.1,6.89,113.7,23.7,41,Muskmelon
64.6,49.1,109.5,27.9,53.3,6.07,120.8,23.8,51.5,Muskmelon
83.4,41.1,134.2,25.9,80,6.53,164.2,26.8,37.2,Muskmelon
52.4,38.6,114.2,29.8,52.3,6.12,150.5,25.9,40.7,Muskmelon
69.2,59.3,112.6,25.3,58.2,6.33,207.7,27.8,31.3,Muskmelon
60.7,35.8,122.3,29.4,52.2,7,156,23.3,30.4,Muskmelon
25.2,33.8,78.5,24.6,66.6,6.24,152,28.6,57.7,Muskmelon
82.4,43.7,55.5,31.7,59.4,7,135.2,24.1,41.6,Muskmelon
56.7,40.5,99.9,30.3,63.4,6.49,227.6,32,43.2,Muskmelon
68.4,50.6,101.6,26.4,67.8,6.24,136.3,33,46,Muskmelon
46.9,46.9,120,29.4,76.9,6.18,127.1,21.9,56.6,Muskmelon
43.4,47.9,74.7,22.3,56.6,6.99,202,29.8,39.8,Muskmelon
23.1,42.5,118.2,29,51.5,6.52,79.2,26.3,38.2,Muskmelon
59.9,25.1,105.3,31.6,63.8,6.74,124.9,27,47.6,Muskmelon
88.2,47.7,84.2,27.1,54,6.41,158.7,21.7,39,Muskmelon
65.8,58.4,67.5,28.3,61.4,6.51,196.9,24.3,45.8,Muskmelon
66.6,48.1,77.1,28.3,57.4,6.92,143.9,20.6,43.8,Muskmelon
90.6,49.7,127.4,30.2,64.6,6.11,168.8,20.4,80,Muskmelon
98.5,52.2,78.7,26.9,58.2,6.66,129.2,25.9,21,Muskmelon
60,23,111.3,24.6,59,6.3,130,25.9,47,Muskmelon
34.4,30.6,108.3,30.6,40,6.08,149.7,29.7,36.7,Muskmelon
50.2,41.2,100,31,47.4,6,126.7,24.5,39.1,Muskmelon
64.6,40,92,30.1,47.3,6.53,97.2,22.1,58.7,Muskmelon
76.8,28.9,107.8,28.2,56.8,6,140.8,23.6,60,Muskmelon
74.2,50.8,112.2,26.3,41.6,6.12,131.5,24,54.9,Muskmelon
55.2,54.1,103,26.1,58.1,6.84,141.5,25.5,63.6,Muskmelon
51.1,38.7,93.2,25.7,72,6.46,126.8,24.1,55.4,Muskmelon
52.3,66.5,101.6,27.6,40,6,185.4,23.7,22.4,Muskmelon
64.4,34.6,80.4,28.3,70.1,6,156.4,28.6,57.5,Muskmelon
85.7,44.2,72.5,28.4,49.6,6,124.4,28,41.5,Muskmelon
26.5,22.2,95.8,26.5,50.1,6.61,103.6,20.3,40,Muskmelon
30.3,42.5,139.2,33,44.6,6.3,175.1,25.1,39,Muskmelon
86,38.6,52.7,27.6,56.2,7,114.4,25.6,34.4,Muskmelon
97.5,33.8,134.4,26.7,71.1,6,172.4,22.9,51.6,Muskmelon
58.5,32.8,114.9,30,80,6.83,160.4,28.8,44.5,Muskmelon
56,54.3,93.8,21,60.1,6.69,162.3,30,46.5,Muskmelon
90,34.3,125.5,26.9,48.6,6.05,153.2,25,42.8,Muskmelon
46.2,55.1,80.2,22,80,6.51,165.7,18,39.6,Muskmelon
57.8,32.6,102,28,60.4,6.68,70.1,21.5,45.6,Muskmelon
60.9,43.2,81.8,31.9,59.9,6,100.8,23.4,53.6,Muskmelon
38.8,46.5,95.3,31,78.3,6,131.9,24.5,35.7,Muskmelon
95.7,46.6,85.6,27.9,61.7,6.25,131.7,18,53.8,Muskmelon
70.3,50.6,67.9,23.9,70.3,6.56,112.4,25.2,28.3,Muskmelon
72.2,44.7,103.7,30.4,64.5,7,300,27.9,29.6,Muskmelon
75.2,38.5,116.2,33,57.2,6.85,192.6,24.6,33.3,Muskmelon
64.8,46.4,54.7,23.4,77.4,6,150.3,25.3,49.9,Muskmelon
70.6,48.7,98.6,26.3,44.7,7,109.5,21.9,47.1,Muskmelon
63.4,42.4,74,24.5,78.1,6.48,120.7,24.3,29.8,Muskmelon
90.3,41.6,110.6,25.7,65.8,6,135.9,27.9,34.3,Muskmelon
69.1,17.7,79.5,24,68.8,6.7,162.2,23,38.4,Muskmelon
49.2,44.5,92.9,30.2,40.8,6.83,183.8,25,41.6,Muskmelon
50.5,51.7,97,25.9,68,6.41,158.8,24.9,36.9,Muskmelon
54,50.7,103.5,30.8,70.3,6.51,197.4,25.4,49.9,Muskmelon
80.8,37,91.7,26.4,62.5,6.49,137.2,22,39.4,Muskmelon
70.7,27,82,27.3,65.7,6.22,136,25.8,38.9,Muskmelon
100,37.6,81.9,27.9,64.5,6.37,189.1,30.2,25.4,Muskmelon
41.2,14.2,127.7,23.7,73.1,6.65,125.8,24.4,37.9,Muskmelon
56,34.7,112.1,28.1,59.2,6.18,150.6,26.6,41,Muskmelon
43.3,47.9,89.2,26.3,61.9,6,194.4,20.5,41.1,Muskmelon
75.7,36,95.6,32.5,65.9,6.78,182.1,26.8,58.7,Muskmelon
65,39.1,59.2,27,75.3,6.97,168.2,23.4,25.7,Muskmelon
59.9,44.9,83.1,27.1,67,6.19,122.9,27.4,29.8,Muskmelon
53.2,46.4,105.9,31.2,51.8,6.42,115.6,27.6,44.2,Muskmelon
77.5,55.9,103.9,31.3,45.8,6.59,147.4,25.4,52.9,Muskmelon
42.1,28.9,96.5,25,40,6.19,167.1,18,63.4,Muskmelon
54.5,64.4,104.2,26.8,57.4,6.37,121.8,24.2,20,Muskmelon
74.2,40.1,79.6,25.6,56.3,6.63,110.9,20.8,39.4,Muskmelon
43.1,26.2,107,32.2,55.6,6.33,152.1,26.5,27.9,Muskmelon
61.5,46.7,100.4,28.4,79.7,6.87,154.2,27.6,53,Muskmelon
78,26.9,80.6,28.3,80,6.89,163.6,22.1,43.6,Muskmelon
30.7,23.5,93,28.8,63.1,6.08,142.5,27.4,46.8,Muskmelon
83.6,30.2,107.7,31.3,71.9,6.23,169.8,27.3,46.8,Muskmelon
34.6,57.2,165.6,24.4,61,6.35,139.1,27.4,28,Muskmelon
68.1,33.9,67.2,28,63.5,6.85,170.4,25,24.8,Muskmelon
41.9,49.5,84,25.2,53.2,6,196.2,25.7,38.2,Muskmelon
49.5,46.1,112.2,31.5,80,6.18,138.2,23.8,61.9,Muskmelon
73.1,25.3,66,24.9,41.1,6.76,111.6,22.1,31.7,Muskmelon
67.9,48.3,98.5,31.6,69.6,6.44,160.4,25.7,46.1,Muskmelon
82.8,40.5,94.5,26.8,65.4,6.5,131.8,21,43.5,Muskmelon
60.4,35.5,72.4,30.2,63.4,6.42,155.2,28,39.4,Muskmelon
72.4,44.9,113.6,29.3,60.8,7,183.6,24.1,24.2,Muskmelon
65.3,29.1,69.9,26.8,59.7,6.25,97.8,21.9,29.2,Muskmelon
70.2,33.6,113.3,31.7,80,6.34,146.5,24.1,40.7,Muskmelon
71.8,44.3,116.6,33,49.5,6.7,160,20.8,33.4,Muskmelon
34,43.4,128.9,26.5,73.3,6.18,195.7,24.5,48,Muskmelon
36.2,45.6,115.9,33,50.2,6.7,199.1,20.6,24.3,Muskmelon
20,64.3,126.5,32,55.4,6.22,150.7,19.6,26.2,Muskmelon
42.1,28.5,88.5,26.6,40,6.68,177.6,32.9,63.4,Muskmelon
43.2,24.1,97.2,27.4,70.4,6.88,113.4,22,29,Muskmelon
63.1,45.8,78.3,26.4,42.2,6.04,148.5,18.8,54.1,Muskmelon
81.8,42.5,87.2,27.3,51.7,6.47,172.4,27,45.4,Muskmelon
100,34.7,92.7,25.2,48.3,6.1,133.8,23.5,36.4,Muskmelon
61,31.8,85.8,27.8,58.7,6.63,125.8,25,36.6,Muskmelon
50.4,47.3,83.3,30.2,63.4,6.63,191.8,23.4,36.7,Muskmelon
55.5,51,81.6,27.5,48.8,6.58,150.6,24.9,36.9,Muskmelon
46.2,35,150.1,27.5,72.9,6.51,139.8,22.9,33.9,Muskmelon
57.9,43.9,99.7,24,61,6.4,167.7,25,53.2,Muskmelon
88.1,54.6,117.6,25.2,40,6,140.8,20.2,37.9,Muskmelon
69.7,41.9,118.2,30.9,57.6,6,206.9,22.7,27.6,Muskmelon
38.4,30.8,108.3,33,62.4,6.38,175.9,20.6,31.5,Muskmelon
64.7,37.7,76.9,23.1,58.3,6.56,183.4,24.1,55.8,Muskmelon
31.1,20,82.7,32.3,55.5,7,179,25.1,55.3,Muskmelon
59.4,48.5,90.3,26.7,61.1,6.62,141.6,31.6,40.2,Muskmelon
76.6,37.2,118.3,24.9,63.4,6.48,108.9,21.3,54.9,Muskmelon
56.2,43.3,73.2,30.6,65.2,6.86,86.7,26.8,53.9,Muskmelon
49.6,42.8,59.7,31.5,66.7,6.16,183.9,23.5,33.9,Muskmelon
72.7,40.7,103.2,28,57.5,6.54,153,22.4,38.9,Muskmelon
64.5,41.7,91,24.3,73.3,6.46,142.3,28.1,38.6,Muskmelon
100,58.2,108,27.2,60,6.66,212.2,26.5,23.5,Muskmelon
39.5,48.8,83.1,24.1,52.5,6.52,150,26.1,50.6,Muskmelon
62.7,37.7,54.6,32.5,70.1,6.73,140.4,24.6,30.7,Muskmelon
50.9,50.9,84.8,29,58.1,6,97,23.1,30.7,Muskmelon
60.6,67.9,53.7,23.5,64.4,6.38,210.2,18.6,60.8,Muskmelon
30.6,40.1,119.4,29.4,60.1,6.68,130.6,23.3,20.9,Muskmelon
38.3,34.7,105.8,33,56.9,6.34,170.7,19.6,38.3,Muskmelon
61,20.5,98,25.6,57.5,6.38,144.1,23,60,Muskmelon
39.5,45.3,109.5,23.3,65.1,6.57,104.4,22.7,37.3,Muskmelon
65,46.7,88.4,26,56.8,6.01,192.8,26.1,43.3,Muskmelon
70.7,38.9,96.3,30.2,62.2,6.61,140.9,30.8,44,Muskmelon
45.9,35.8,82.1,31.3,58.3,6.64,119.8,25.6,36.4,Muskmelon
74.5,25.4,92.8,29.6,53.4,6.44,162.5,24.7,43.5,Muskmelon
66.5,26.8,100.8,25.4,61.2,6.88,133.1,27.7,44.1,Muskmelon
38.3,34.1,88.5,33,51,6.82,86.5,23.7,48.2,Muskmelon
31.7,51.7,127.5,28.2,74.6,6.54,184.7,26.5,38.5,Muskmelon
88.2,32.6,64.3,31.1,63.7,6.44,185.9,21.2,35.6,Muskmelon
32.7,42.9,106,28.3,73.5,6,135.7,19.5,50.4,Muskmelon
63.3,37.3,143,28.4,50.4,6.52,139.2,22.8,27.2,Muskmelon
58.7,37.9,106.3,26.2,40,6,125.2,26.5,39.8,Muskmelon
46.2,51.9,101.2,30.1,54.5,6.23,133.7,27.7,47.2,Muskmelon
80.9,41.4,126.4,26.9,53.5,6.25,211.6,28.4,63.7,Muskmelon
37,36.5,80.7,33,57.4,6.27,190.9,24,40.3,Muskmelon
79.9,43.1,99.6,28.3,77.7,7,129.5,30.8,34.4,Muskmelon
52.9,37.8,62.9,32.2,50.2,6.71,133.3,28.6,32.7,Muskmelon
56.5,47.8,115.9,30.2,60.4,6.01,171.3,27.7,80,Muskmelon
35.9,61.1,68.6,32.4,43.5,6.78,187,23.1,50.5,Muskmelon
64.6,47.5,130,32.8,80,6,161.6,30.7,49.9,Muskmelon
87.5,33.4,60,21.9,41.4,6.81,183,31.1,50.5,Muskmelon
51,51.1,114.7,32.1,73.1,6,128.1,20.3,23.3,Muskmelon
25.5,50.3,87,24.8,65.2,6.74,135.3,24.6,32,Muskmelon
58.8,26.8,87.7,28.4,48.7,6.14,184.1,24.1,38.2,Muskmelon
56.9,27,91.9,21,48,6,135.7,28.6,35.9,Muskmelon
59.6,42.6,99.6,26.9,62.6,6.95,136.7,21.7,42.7,Muskmelon
83.5,33.2,120.2,32.4,62.1,6.4,145.9,25.6,45.8,Muskmelon
44.7,26.6,137.7,26.1,75.2,6.61,300,22.3,51.1,Muskmelon
38.1,28.8,69.7,23.4,65,6.86,116.6,23.7,41.2,Muskmelon
47.1,38.8,120.5,32.8,60.3,6,158.7,27.2,55.5,Muskmelon
20.7,33.8,138.1,29.7,56.3,6,149.3,27.9,50.8,Muskmelon
72.5,34.9,91.7,30.1,64.3,6,109.9,24.4,39.4,Muskmelon
64.3,13.9,101.1,27,80,7,131.5,26.4,30.3,Muskmelon
59.6,54.5,112.3,23.9,62,6.07,171.1,25.2,27.4,Muskmelon
84.4,45.7,118.3,32.4,47.7,6.33,153.2,22.5,57.9,Muskmelon
35.3,49.4,84.8,27,70.8,6,190.4,19.8,23.8,Muskmelon
83.3,50.4,75.6,27.1,57.5,6.19,245.2,19.3,44.3,Muskmelon
36.9,33.6,108.9,25,67.1,6,157.5,24.5,34.4,Muskmelon
70.2,29.9,103.3,22.7,56.1,6.55,150.1,22.9,40.6,Muskmelon
82.8,22.6,72.4,31.2,67.5,6.49,176.9,23.3,35.5,Muskmelon
28.5,50.2,89,32.4,56.3,6.61,130,22.3,51.7,Muskmelon
54.7,40.4,86.7,27.5,64.4,6.96,121.5,25.9,60.2,Muskmelon
53.5,47.9,70.7,25.7,53.4,6.42,126.3,26.2,30.2,Muskmelon
100,32.7,122.7,33,73,6.07,185.7,24.9,29.4,Muskmelon
63.8,35,90.6,29.2,80,6.51,126.9,24.2,40.4,Muskmelon
43,40,123.8,24.1,63.7,6.46,190.2,26.8,36.4,Muskmelon
64.7,40.1,49.4,29,65.5,6.8,143.3,26.8,34.6,Muskmelon
100,45.7,107.5,29.1,45.1,6,102.4,28.3,55.5,Muskmelon
20,47,114,30.4,76.2,6.55,85.8,25.7,44.4,Muskmelon
51,43.6,127.9,23.4,69.7,6.4,128.4,30,27,Muskmelon
97.4,30.8,110.5,27.6,80,6.63,112.7,19.6,50,Muskmelon
61.5,60.9,129,23.6,46.1,6.4,178.4,21.5,36.1,Muskmelon
56.5,59.3,63.2,30,78.3,6.39,160.9,26.1,32.5,Muskmelon
84,46.8,84.3,26.8,63.2,6.22,147.4,26.6,41.3,Muskmelon
42.3,38.4,86.6,27.3,58,6.6,105,25.3,27.6,Muskmelon
40.7,44.1,103.4,28,61.7,6,155.7,21.7,52.5,Muskmelon
49.4,37.6,124.6,28.3,74.5,6.37,153.8,19.7,43.7,Muskmelon
82,31.7,85.3,27.4,47,6,110.4,21.5,26,Muskmelon
61,26,200,26.4,64.3,6.13,145.9,33,49.8,Muskmelon
42.3,53,74.3,26.9,41.5,6,162.1,28.6,31.7,Muskmelon
33.7,34.5,83.1,21.7,58.6,6.88,134.5,21.5,20,Muskmelon
74.9,28,95.2,28,72.2,6.45,167.2,22.9,37.9,Muskmelon
79.3,23,90.4,24.7,52.2,6.27,98.9,26.2,38.8,Muskmelon
43,45.7,72.7,23.2,47.2,6.6,70.8,21.1,47.8,Muskmelon
62.8,48.8,105.6,27.6,41.3,6,123.3,24.8,20,Muskmelon
85.2,41.2,121.7,32.1,65.3,6.18,154.1,23.9,23.9,Muskmelon
51,36.2,92.1,24.7,59.3,7,211,23.4,35.9,Muskmelon
67.1,67,127.3,21,70.2,6.31,185.2,27.3,47.8,Muskmelon
54.3,37.7,109.3,30,58.6,6,117.7,26.8,23.1,Muskmelon
60.8,38.4,91.8,26.3,62,6.83,181.4,24.6,27.3,Muskmelon
67.7,63.3,100.6,30.7,51.1,6.74,117.3,22.3,40.1,Muskmelon
54.7,23.7,85.6,27.2,40,6.33,139.6,30.6,42.8,Muskmelon
33.3,45.7,139.9,28.6,62.5,6.76,100.5,24.4,45.7,Muskmelon
65.3,38.5,119.1,25.6,72,6,126.9,27,38.4,Muskmelon
53.2,34.9,82.4,24.1,67.5,6.26,204.4,20.9,47.2,Muskmelon
79,46.4,99.6,28.7,62.2,6,100.6,27.2,32.1,Muskmelon
70.9,21.7,82.3,28,67.2,7,162.4,25.8,26.6,Muskmelon
66.8,36.2,130,27.1,44.2,6,138,22.8,46.5,Muskmelon
73.1,43.7,120.6,27.5,71,6.77,98.9,21.7,38.5,Muskmelon
72.8,56.1,92.4,25.4,68.5,6.21,124.7,28.5,31.7,Muskmelon
67.1,38.2,74.6,21,48.4,6.19,149.8,27.3,34,Muskmelon
55.2,20.2,93.9,33,57,6.48,133.1,26.6,29.2,Muskmelon
84.2,20.5,121.5,33,51.3,7,128.1,29.8,36.6,Muskmelon
56.1,26.4,61.8,24.9,61.9,6.79,137.2,30.8,44,Muskmelon
44.7,36,109.8,31.9,40,7,155.8,26.6,52.4,Muskmelon
31.7,32,107.7,31.7,65.8,6.98,148.2,21.4,40.7,Muskmelon
94,41.6,48.2,25.2,63,7,138.9,25.1,38.9,Muskmelon
49.3,37.5,65.5,30.1,53.4,6.71,156.1,24.5,39.6,Muskmelon
94.7,39.9,84.8,29,52.5,6.31,148.5,20.7,39.8,Muskmelon
20,40.8,90,26.6,54.2,6.64,134.3,21.4,39.3,Muskmelon
92.4,45.9,73.9,30.7,66.8,6.54,144.6,28.3,40.4,Muskmelon
40.6,34.4,118.3,33,64.8,7,84.7,30,34.5,Muskmelon
69.9,42.1,95.3,30.9,64.1,6.83,137.5,27.5,55,Muskmelon
66.6,58.4,138.8,23.7,77.8,6,157.5,21,25.6,Muskmelon
20,48.1,200,27.3,76.3,6.32,152.8,24.8,38.5,Muskmelon
31.5,44.3,78,26.4,49.7,6.5,82.2,28.7,20,Muskmelon
83.5,35.7,60.3,26.2,57.9,6,158.3,25.8,37.6,Muskmelon
87.3,32.2,80.9,27.3,61.9,7,158,25.7,46.8,Muskmelon
70.2,46,86.2,30.1,53,6.28,146.4,27.7,34.1,Muskmelon
24.3,50.6,81,25.5,64.7,6.19,171.9,18,55.8,Muskmelon
20,44.3,91.2,22.2,51.1,6.12,145.3,20.3,37.8,Muskmelon
73.8,42.7,107.4,26.2,66.3,6.48,163.1,24.5,22.4,Muskmelon
81.7,27.8,135.1,28,48.5,6.44,161.9,22.3,45.6,Muskmelon
75.4,38.4,101.2,29.3,53.1,6.47,137,25.6,27,Muskmelon
69.5,48.9,114.1,25.4,61,6.27,140.2,25.5,20,Muskmelon
48.8,36.2,128.3,29.4,74.2,6,118.5,27.6,28.4,Muskmelon
37.9,24.8,110.5,28.9,51.2,7,93.4,29.3,46.8,Muskmelon
63.2,52,53.9,29.1,43.4,7,105.7,22.1,41.2,Muskmelon
26.6,61.7,92.8,21,70.5,7,168.7,24,31.6,Muskmelon
63.3,44.8,94.5,31.6,49,6.2,86.7,26,51.2,Muskmelon
26.7,51.7,145.1,30.5,65.8,6.2,163.5,19.4,33.3,Muskmelon
51.7,35.2,105.2,25.1,46.1,6.55,156.9,27,29.3,Muskmelon
70,42.4,89.4,27.4,75,6.96,174.3,22.8,24.5,Muskmelon
77.9,34.6,95.1,28.7,59.9,6.35,173.1,21.9,42.1,Muskmelon
64.9,54.3,77.6,30,43.4,6.64,142.9,28.9,37.6,Muskmelon
39.7,38.8,79.9,26.9,54.2,6,143.9,25.2,47.3,Muskmelon
59.3,51.2,99.3,26.2,67.4,6.22,102.5,21.6,45.7,Muskmelon
51.8,34.1,107.4,24.8,80,6,188.3,29.1,43.4,Muskmelon
29.9,28.8,116,30.8,55.9,7,179.2,19.6,20,Muskmelon
76.8,46.8,67.8,31.6,64.1,6.15,157.5,31.7,30.5,Muskmelon
58.2,38.4,110.1,31.6,67.4,6.44,160.6,22.3,41.4,Muskmelon
62.9,30.5,102.4,26.2,59.9,6.2,99.9,26.2,34.8,Muskmelon
49.9,37.6,87.6,30.8,57.6,6.49,206,26.7,43.4,Muskmelon
54.4,57.9,88.9,29.7,71.3,6.31,126.9,22.8,48.9,Muskmelon
53.6,39,63.8,28.2,68.3,6.19,176.3,26.4,53.2,Muskmelon
46.4,45.8,86,28.1,54.8,6,184.8,23.6,46.9,Muskmelon
73.1,42.2,128.6,30.8,64.4,6.75,160,24.4,35.2,Muskmelon
78.5,20.2,104.2,27.6,66.7,6.48,130.6,21,49.2,Muskmelon
61.9,46.5,91.2,30.8,73.5,6.06,297,26.7,39.1,Muskmelon
41.2,23.1,95.9,31,67.7,6.9,173.5,24.1,25.4,Muskmelon
56.9,39.4,112.1,29.7,48,6.27,187.9,27.8,56.2,Muskmelon
29.9,42.4,128.9,30.3,61.9,7,116.3,26.2,25,Muskmelon
100,39.6,85.1,24.4,60.2,6.34,163.2,22.2,43.2,Muskmelon
59.5,47.8,77.8,29.8,62.1,6.04,159.4,25,31.7,Muskmelon
73.5,47.1,110.4,30.4,58.9,6.71,195.1,24.9,70.6,Muskmelon
30.5,30.7,133.9,33,56.7,6.65,242.5,23,31.2,Muskmelon
28,44.2,109.3,26,54.7,6,122.6,26.7,42.2,Muskmelon
80.7,31.5,108.2,29.7,75.4,6.85,182.5,22.8,33.7,Muskmelon
29.8,41.3,109.3,27.3,51.9,6.41,164.1,21.9,59.4,Muskmelon
64.7,27,99.6,26.3,80,6.69,136.7,23.7,20,Muskmelon
69,48.4,138.7,33,46.8,6.9,167.5,26.7,33.2,Muskmelon
61.5,22,110.9,22,57.7,6,130.5,28.4,36.4,Muskmelon
69.3,29.9,121.9,28.8,51.5,6,150.6,26.4,50.4,Muskmelon
95.6,49.2,96.6,24.3,65.7,6.45,117.5,28.3,52.7,Muskmelon
56.8,57.3,115,27.9,54.5,6,130.2,25.3,58.5,Muskmelon
97.3,59.3,104.5,28.8,61.5,6,175.4,22,56,Muskmelon
70,40.4,91.8,32,53.6,6.25,148.3,25.9,36.8,Muskmelon
46.4,20.7,114.3,32.5,72.7,6.53,118.3,20.8,54.1,Muskmelon
64,11.5,85.5,26.4,51.8,6.91,103.3,29.5,37.7,Muskmelon
66.5,39.7,73.4,29.2,69.4,6.48,159.3,27.9,43.6,Muskmelon
49.8,34.9,115.3,30.7,71.5,6.6,201,29.9,53.1,Muskmelon
45.1,33.9,84.7,27.1,70.8,6.18,134.7,26,27.1,Muskmelon
88.8,60.5,145.5,24.3,52.6,6.27,157.4,25.7,20,Muskmelon
81.7,32.6,102.6,29,59.5,6.04,191.7,26.6,33.2,Muskmelon
50.3,45.4,89.9,30.2,80,6.61,97.1,27.5,35.7,Muskmelon
72.6,20.1,79.2,29.9,61.2,6.03,148.5,25,47.1,Muskmelon
39.7,21.8,117.7,28.8,48.8,6.23,178.8,24.3,48.9,Muskmelon
46.3,39.4,71.3,32.4,68.3,6.54,141.2,21.8,26.1,Muskmelon
73.2,46.3,73.5,33,65.8,6.04,132.9,24.8,46.5,Muskmelon
75,54.3,41.3,32,53.5,6.51,134.3,27.6,45,Muskmelon
68.3,47.6,108.9,25.7,48.9,6,155.2,26.7,56.2,Muskmelon
27.8,49.1,86.3,31.9,59,6.43,143.1,27.2,47.2,Muskmelon
100,34.4,102.6,31.4,73,6.28,153.9,24.1,40.9,Muskmelon
83.5,20.2,149.2,22.8,60.7,6.71,176.3,22.7,36,Muskmelon
79.5,41.1,93.2,27.2,58.5,6.41,163.9,30.4,33.6,Muskmelon
77.8,32.1,77,28.5,61.9,6.39,103.9,28.3,20,Muskmelon
43.3,43,126.6,28.7,65,6.94,164,29.1,47.8,Muskmelon
33.8,31.2,93.1,30.6,61.9,6.46,124.3,25.1,21.9,Muskmelon
62.6,36.9,39.6,24.4,51.3,6.07,765.4,18.1,39.7,Apple
67.4,37.7,62.7,18.8,57.3,5.94,756.2,11.8,40.1,Apple
102.3,31.9,35.5,21.7,49.2,5.75,710.4,19.7,48.7,Apple
61.7,38.7,63.7,21,40,5.5,672.2,21.6,46.1,Apple
114.5,49.2,74.2,22.2,68.5,6.43,980.4,17.7,45.7,Apple
77.2,36.6,51.1,21.5,60.1,5.92,808.1,17.1,70.2,Apple
88.9,23.8,46.9,19.4,63.6,5.63,877.4,21.8,60.6,Apple
83.7,44.6,16.1,17.2,64.5,6.28,613.1,18.9,52.6,Apple
107.1,35.5,70.7,20.2,63.1,5.74,872,14.9,53.1,Apple
71.2,51.4,69.7,22.9,65.8,6.1,668.3,16.6,46.6,Apple
91.4,53.1,39.2,24.2,42.8,5.5,922.1,16.9,61.9,Apple
86.3,33,79.1,18.8,47.7,6.06,835.1,23.5,49.2,Apple
98.2,34.8,75.6,16.8,67.7,5.99,766.9,20.9,49.4,Apple
73.6,31.6,86.9,18.8,62,5.74,851.4,15.2,53.7,Apple
97.6,36,62.7,19.2,64.9,5.78,748.9,15.9,43.1,Apple
53.7,25.6,68.9,23.5,60.6,6.1,872.8,18,47.7,Apple
79.9,30.8,57.2,21.9,72.8,5.9,736,20,58.3,Apple
88,25.3,61.1,18.3,62.6,5.96,678.8,21.6,48.7,Apple
88.3,35.9,24.1,17,48.6,5.77,748,16,67.8,Apple
75.3,36.8,27,19.6,58.8,5.89,939.9,25.2,40.6,Apple
89.4,48.8,35.7,17.7,48.8,5.92,824.3,14.7,56.8,Apple
56,44.3,35,23.5,59.1,5.91,956.4,17.7,48.5,Apple
97.8,42.4,83.1,17.1,62.2,6.25,870.8,13.3,66.8,Apple
82.6,47.6,99.3,20.6,44.5,6.06,790,16.3,49.4,Apple
41.9,53.1,44.3,23.8,54.6,5.92,731.8,19.6,40.8,Apple
92.4,28.7,70.6,18.4,59.2,6.13,782.1,12.9,52.9,Apple
106.5,46.8,48.3,23.3,52.2,6.66,813.3,15.9,50.9,Apple
66.8,44.1,49.4,19.9,78.8,6.44,832.6,18.6,52.5,Apple
53.9,33.1,30,16.2,56.5,6.02,770.7,21.6,40.9,Apple
53.9,57.2,123.3,21.8,80,5.58,772.3,23.1,46.5,Apple
41.8,41.7,43.3,25.4,56.7,6.14,745.3,24.9,64,Apple
112.7,45.9,44.9,11.1,68.2,5.91,891.5,21.9,33.5,Apple
72.7,17,12.5,17.1,59.5,5.95,637,17.3,67.9,Apple
75.4,40.7,66.9,16.9,53.9,6.74,849.9,23.2,38.5,Apple
64.6,47.3,46.4,12.7,47.4,5.97,895.5,17.9,31.7,Apple
92.7,34.8,44.2,15.8,72.9,5.97,845.2,21.8,48,Apple
101.5,46.4,22.5,19.8,55.7,6.55,875.8,12.6,38.4,Apple
92.3,43.4,63.5,14.2,65.7,6.27,644.6,22.2,43.7,Apple
78.9,32.8,57.7,18.8,50.9,5.65,629.8,16.9,46.4,Apple
84.7,39.1,82.5,17.8,74.4,6.14,719.3,18.3,46.6,Apple
97.4,43.3,100.7,24.7,55.5,5.5,745.8,22.4,60.3,Apple
69.6,36.4,82.1,20.5,58,5.75,742.9,15.8,60,Apple
99.4,59.1,89.2,19.5,71.5,6.03,664,19,33.5,Apple
73.7,48.1,70.7,21.2,50.8,6.22,896.4,16,56.6,Apple
74.5,29.4,61.7,20.2,69.8,5.68,686,13,53.1,Apple
86.7,21,27.5,16.6,59.5,5.6,925.5,15.3,60.4,Apple
77.1,52.1,30.8,22.1,66,6.26,771.1,18.8,52.7,Apple
98.2,33.3,51.8,17,61.8,6.11,1011.5,15.6,63.1,Apple
95.2,34,54.4,20.4,65.8,5.89,814.5,15.2,48.5,Apple
112.6,26.5,78.9,22.3,49.8,6.05,905.3,20.4,33.7,Apple
99,40.2,32.1,21.9,62.9,5.94,827.7,18.3,56.4,Apple
91.3,35.8,29.4,14.5,73.3,6.06,875,19.7,46.9,Apple
51.2,50.8,81.7,13.2,61.4,6.35,859.9,18.7,51.3,Apple
105.5,35,47.9,19.1,52.7,5.55,1200,17.7,70.8,Apple
57.2,58.9,56.2,17.3,65.3,5.91,724.9,18.9,47.1,Apple
76.9,50.3,45.7,22.3,40,5.64,937.5,21.1,55.4,Apple
66.3,36.3,39.7,20.7,66,5.77,617.4,13.9,40.7,Apple
103.5,41.6,53.4,21.6,71.7,6.28,536,18.5,56.7,Apple
61.1,37.8,73.8,14.6,60.7,5.9,730.9,30,53.8,Apple
94.3,40.1,77.2,21.5,64.2,6.34,801.8,18.9,34,Apple
101.5,25.1,68.1,17.3,50.8,5.72,680.2,16,45.3,Apple
98.6,29,69,18.8,57.6,6.16,833.6,14.3,44.3,Apple
85.3,55.1,22.6,21.8,64.8,5.86,805.1,19.6,62.6,Apple
81.5,38.8,48.9,22.8,62.2,6.21,760.7,18.2,64,Apple
73.6,56.2,83.8,18.7,53.4,5.84,957.8,20.6,41.6,Apple
70.1,33.5,92.7,25.5,71,5.65,847.7,17.8,59.5,Apple
93.7,50.6,10,14.8,63.5,6.24,902.1,12.4,44.4,Apple
106.1,52.3,74.3,20.8,59.9,6.11,781.6,16,49.9,Apple
75.9,40,67.9,17,57.3,6.39,968.9,24.8,52.7,Apple
97.5,30.4,93.4,19,53.2,6.02,767.3,19.5,42.2,Apple
53.7,33.6,70.2,25.2,60.5,6.07,776.9,19,49.6,Apple
76.5,59.9,57,22.7,61.8,5.95,897.4,21.2,54.5,Apple
71.5,42.7,59,18.7,60,6.17,899.8,18.6,59.3,Apple
94.9,18.2,40.1,18,65.2,6.02,757.7,11.9,41.3,Apple
65.7,33.5,45.7,22.4,67.5,6.3,795.4,13.9,67.2,Apple
76.1,70.5,98.4,19.5,66.2,5.65,985.2,18.9,46.5,Apple
77,27.6,54.1,22.5,71.6,6.17,860.3,14.6,41.8,Apple
52.3,43,65.3,18.7,68.5,6.04,689,15.6,51.5,Apple
47.6,32.7,71,18.6,45.2,6.05,924.2,15.8,60.3,Apple
87.6,19.8,50.6,15.3,77.4,6.61,827.4,24.3,62.9,Apple
67.3,45.4,45.6,21.9,62.2,5.5,861.5,22.9,54.4,Apple
75.1,33.2,43.5,17.5,67.5,5.75,736.4,20.6,43.7,Apple
79.5,46.8,63.2,19.7,68.5,5.5,653.5,16.2,55.3,Apple
62.6,28.4,54.6,18,58,5.55,684.8,19,61.8,Apple
79,47.4,12.5,22,62.6,5.62,753.2,19.6,51.4,Apple
93.1,30.1,46.4,21.3,63.7,5.5,739.2,23.6,63.3,Apple
65.1,28.9,71.8,21.3,57.2,5.81,936.1,15.2,56.8,Apple
70.3,42,61.2,23.8,70,6.13,860.8,16.1,55.4,Apple
93.8,42.2,78.6,20.8,69.4,6.03,770.4,18.1,62.2,Apple
110.9,44.8,49.6,21.3,51.4,5.93,897.2,18.4,46.5,Apple
63.6,37,78.9,21.5,48.6,6.2,798.8,14.3,30,Apple
84.8,29.2,94.6,13.4,40,5.83,560.9,17.6,51.6,Apple
63.2,39.1,56.1,24,56.5,6.44,758.3,16.6,38.8,Apple
89.9,54.1,59.8,21.6,56.3,5.75,860.1,19.2,34,Apple
84.4,48,66.4,25,59.6,5.66,891.1,19.6,55.8,Apple
98.5,28.7,80.9,18.4,53.8,5.5,697.9,21.2,73.7,Apple
93.5,41.3,69.8,14.7,45.7,5.75,738.3,24.2,44.2,Apple
130,47.5,65.3,18.2,58.6,6.55,663.3,10.4,56.3,Apple
78.1,39.7,46.5,22.3,78.3,6.08,885.1,17,66.2,Apple
81.4,47.4,61.9,19.4,58,6.32,899.4,20,40.5,Apple
66.9,44.2,33.6,20.7,63.5,5.86,830.3,20.1,45,Apple
49.5,53.1,85.8,18.1,57,5.99,801.5,12.3,39.9,Apple
97.2,36.5,41.6,19.1,73.8,5.91,829.3,17.6,41.7,Apple
82.7,38.8,68.7,21,43,5.94,827.4,16.3,50.7,Apple
97.9,44.3,66.1,15.2,56.1,5.89,751.7,17.5,58.7,Apple
73.1,43.8,97.2,23.7,76.3,5.92,908.2,13.1,59.7,Apple
91.8,57,15,19.9,55.9,5.65,753.4,13.2,47,Apple
75.5,43,45.2,19.8,80,5.77,905.9,13.9,49.7,Apple
40.6,57.2,58.6,23.9,63.2,5.84,796.2,21.2,54.5,Apple
74.3,49.7,86.3,16.9,49.5,6.2,573.2,19.4,46.4,Apple
57.9,35.1,73.1,20.2,66.1,5.8,819.6,18.3,49.8,Apple
92.7,38.6,33.9,22.3,64.4,6.21,821.7,13.4,61.4,Apple
43.2,43.3,50.1,20.5,57.4,5.63,686.1,16.6,57.6,Apple
96.5,53.3,84.1,19.8,58.9,6.15,822.6,17.7,65.3,Apple
61.8,48.4,48.7,23.4,59.2,5.8,841.7,20.5,56.5,Apple
63.5,46.5,66,21,66.3,6.68,781.4,20.4,51.1,Apple
74.8,34.5,66.6,18.5,49.7,5.87,725.6,18.1,65.5,Apple
73.6,43.6,85.2,17.7,59.2,6.25,810.1,17.2,50.5,Apple
102.9,26.4,64.2,21.1,61.4,6.26,742.2,17.6,30,Apple
86.4,48,55.8,19.9,52.4,5.85,500,19.3,56.6,Apple
50.4,40.9,73.2,20.6,64,5.91,623.6,19,50.7,Apple
93.4,58.7,59.9,17.1,67.7,5.85,809,25.4,45.1,Apple
106.3,29.4,74,21.8,62.1,6.35,1200,22.7,67.4,Apple
62.6,53.1,36.7,23.7,68.3,6.17,922,20.4,51,Apple
65.4,52.1,59.2,21.4,72.3,5.5,696.5,13.1,65,Apple
71,49.2,92.9,18.3,74.4,6.12,782.7,20.6,39.6,Apple
70,37.5,73.3,18.1,67.1,6.21,812.2,18.2,41.7,Apple
109.7,33.8,34.2,19.1,63.7,6.37,894.3,17.6,36.3,Apple
120.8,30.8,41.8,16.3,55.2,5.7,839.2,15.6,43,Apple
114.1,45.9,63,20.4,56.5,6.25,658.5,22,41.4,Apple
112.1,47.3,62.4,21.3,54.1,5.81,748.7,20.3,51.5,Apple
79.3,48.7,55.7,18,43.2,5.85,677.8,13.9,65.2,Apple
102.9,20.2,48,20,64.2,5.92,854.4,14.8,51.5,Apple
73.7,46.8,45.8,20.4,58.5,6.05,744.2,14.8,37.5,Apple
44.4,56.4,48.3,21.3,74.5,5.5,801.3,17.5,40.5,Apple
74,47.3,66.7,27.9,68,6.01,959.9,20.3,50,Apple
79.1,35.3,58.5,18.9,48.2,6.57,772.7,18.7,42.6,Apple
73.3,46.3,78.9,21.2,63.5,6.05,918.8,19.2,59.9,Apple
57.1,34.1,91.9,20.6,51.7,5.67,764.4,18,53.7,Apple
76,39.2,53.6,21.2,44.3,5.52,789.4,18.8,70.7,Apple
75,53.7,59.1,17.8,60.7,5.78,886.3,20.8,55.9,Apple
107.1,52.1,67.8,19.6,53.5,6.13,959,20.1,53.8,Apple
58,31.9,59.2,20.3,57.5,5.5,952.8,19.8,45.4,Apple
81.1,46.5,61.5,17.6,66.3,5.52,840.5,14,51.2,Apple
97.1,43.4,37.7,19.8,70.2,6.35,874.4,13.1,48.5,Apple
76.7,41.6,81.5,24.9,63.1,5.56,611.1,18.4,51.8,Apple
109.6,40.5,43.8,23.3,61.6,6.4,866.4,20.3,58.9,Apple
83,46.7,66.2,25.9,73.7,5.57,892.3,17.6,40.1,Apple
67,22.2,74.3,19.2,62.4,6.05,790.2,18,60.1,Apple
87.9,52.8,36.2,25.1,65.9,5.9,884.2,20.7,73.7,Apple
71.3,43.3,67,19.6,62,5.8,969.7,15,62.8,Apple
89.5,56.9,62.7,20.3,48,5.78,908.6,19.2,54.4,Apple
95.6,51.4,58,20.2,64.3,6.47,949.7,13,54.7,Apple
103,24,24.4,19,50,5.68,1022,21,40.8,Apple
44.7,34.5,84,16.3,47.7,6.03,877.2,18.5,49.6,Apple
80.3,36.2,52.7,25.6,40.4,5.93,674.9,21,54.5,Apple
78.7,26.8,75.2,20.9,63.2,6.57,696.7,25.2,30,Apple
112.4,63,45.9,18.7,53.5,6.23,761.8,15.1,46.2,Apple
85.4,32.2,45.3,17.5,66.4,6.14,708.8,21.1,41.8,Apple
60.1,53.2,54.8,21.1,72.3,5.87,829.8,17.9,53.1,Apple
88.1,44.1,52.5,16,73.7,5.54,637.6,14,38.9,Apple
45.7,41.5,44.9,21.1,44.2,5.95,699.4,19.7,44.6,Apple
72.9,35.8,50.8,23.9,80,6.64,805.8,17.5,53.5,Apple
77,33.2,53.9,19.9,74.6,5.82,804.9,24.5,34.6,Apple
81.6,45.9,61.2,20.7,51.8,5.82,1200,18.6,48.3,Apple
134.8,33.2,35.6,21.7,59,6.37,636.6,25.8,45,Apple
94.1,49.5,103.9,24.6,56.4,5.72,841.1,22.7,58,Apple
30.3,33.9,71.1,22.4,80,6.38,728,19.2,59.7,Apple
85.7,41.6,88.8,20.7,49.2,6.17,936.7,19.7,53.1,Apple
64.8,51.2,63.7,22.9,52.7,6.45,797.6,24.6,73.6,Apple
60.1,39.8,51.4,20.4,73.9,6.41,893.2,20.5,40.9,Apple
74.3,26.1,36.4,20.3,46.9,5.73,891.8,19.1,39.7,Apple
150,47.7,67.4,23.6,72.4,5.98,754.1,18,47.2,Apple
76.9,41.3,81.1,22,49,6.45,724.9,20,43.7,Apple
74.9,63.2,56.3,19.7,60.4,6.47,832.6,15.3,46,Apple
103.1,32.2,64.1,17.2,64.1,6.01,888.3,17,51.4,Apple
102.3,43.5,98.8,21.2,50.1,6.12,984.3,17.7,67.8,Apple
49.4,53.7,38.4,24.2,40,6.3,808,15.5,41.2,Apple
86.3,45.2,57.3,19.5,43.9,5.5,900.6,18.9,69.7,Apple
84.4,32,50.7,21.2,40,6.35,801.7,18.6,54.7,Apple
63,32.7,80.6,17.6,80,6.17,663.3,21.5,54.8,Apple
71.6,49.5,63.8,21.2,55.4,5.83,738.2,15.6,54.6,Apple
68,55.6,50.4,19.2,66.6,5.5,723,20.5,61.4,Apple
56.1,42.8,17.6,17.4,48,6.14,850.9,17.3,58.4,Apple
144.7,38.7,63.9,20.9,55.1,5.96,804.2,18.8,57.3,Apple
62.2,10,91,19.4,53,6.16,824,18.7,74.5,Apple
67.2,37.1,76,23.7,44.2,6.09,948.4,17.2,30.4,Apple
82.9,25.7,61.4,20.7,61.6,6.16,1004.7,18.3,56.9,Apple
70.6,25.8,18.4,20.8,49.4,6.11,868.9,20.2,44.7,Apple
73.3,30,78.2,18.3,59.7,5.95,1038.2,17.3,60,Apple
62.9,31.5,57.3,22.8,60.8,5.5,790.3,16,34.7,Apple
55.3,48.5,67.4,17.3,54.2,6.03,704.6,16.2,52,Apple
106.3,43.5,34.6,24.8,62.5,6.16,755,18.1,64.5,Apple
75.8,42.3,65.5,16.7,50.1,5.5,863.2,24.7,62.1,Apple
69,23.9,49.5,21.6,79.6,6.39,728.8,15.8,61.9,Apple
94.7,41.1,25.7,20,66,6.15,994.5,15.4,45,Apple
120,36,35.9,23.3,60.6,6.18,829.2,18.4,50.3,Apple
77.5,51.5,67.5,16,65,5.93,896.9,20.6,30,Apple
81.1,23.2,70.3,21.2,48.3,5.87,811.1,15.9,54.4,Apple
57.8,35.7,72.5,19.6,52.7,5.99,767.1,15,42,Apple
74.2,49.7,73.3,18,65.6,5.79,642.8,21.5,30,Apple
87.6,60.2,46,23.6,43.9,5.73,804.2,16.1,40.6,Apple
137.1,33.5,80.6,26.1,64.7,6.34,631.7,15.4,55.4,Apple
107.5,19.4,97.4,24.6,64.3,6.25,889.6,10,66.3,Apple
108.9,55,99.4,17,72.1,5.98,619.1,16.1,53.1,Apple
66.9,46,63,17.6,51,6.5,729.3,18,36.8,Apple
103,50.3,89.3,19.8,58.2,6.37,869,20.1,48.4,Apple
78.8,53.6,59.8,15.4,49,5.53,758.7,19,63.1,Apple
94.3,44.1,21.5,21.1,57.1,6.05,892.9,19.6,45,Apple
97.9,39.1,70.4,14.3,58.7,6.7,1034.2,18.7,47.6,Apple
79.3,35.9,46.6,20.8,51.5,6.36,809.1,15.9,40.7,Apple
69.9,45.5,60.4,16.9,59.5,6.11,716.4,20.9,55.1,Apple
94.4,31.1,58.1,15.8,73.1,6.61,761.3,21.1,44.5,Apple
125.2,48.9,67.4,24.3,78.6,5.87,851.1,18.7,53.6,Apple
118.1,43.1,64.6,25.2,68,6.33,959.9,19.9,46,Apple
111.8,41.6,28,17.9,48.9,5.8,893.8,21.1,44.7,Apple
75.7,59.3,75,21.1,69,6,786.5,15.9,53.2,Apple
44.5,35.9,71.3,20.6,80,6.22,882.9,19.9,39.1,Apple
59.6,40.4,67,19.3,50,6.12,827.5,15.1,43,Apple
106,23.6,10,18.7,78.5,6.34,610.1,18.9,49.5,Apple
95.9,39.9,62.3,19.5,69.4,6.64,861.3,15.2,78.4,Apple
102.1,66.1,67.5,22.4,50.1,6,791.5,17.4,39.7,Apple
150,43.4,40.1,22.7,60.8,5.74,842.3,18.1,61.5,Apple
59.1,28.5,68.6,16.9,55.5,6.03,918.2,15.7,43.5,Apple
44.1,39,90.1,20.9,59.3,6.26,965.3,20.6,44.6,Apple
71.5,47.6,102.5,21.5,56.4,5.97,840,18.8,46.6,Apple
59.8,34.7,95.4,23.6,61.4,6.28,714.6,18.4,44.5,Apple
82.5,40.6,45.3,21.4,65,6.1,847.8,18.5,59.9,Apple
85.2,35.7,66.1,21.1,56.5,6.08,866.5,19.2,40.7,Apple
99.4,55.9,49.1,15.2,52.5,5.8,845.2,10.1,52.9,Apple
108.8,44.5,52.8,20.5,60.3,5.92,700,17.2,57.5,Apple
80.7,46.6,79.9,17.5,41.9,5.86,881,18,32.7,Apple
65.9,32.3,67,23.5,68.9,5.97,790.6,14.9,44.6,Apple
90,42.2,68.4,20.7,61,5.7,885.6,21.9,50.5,Apple
65.8,35.5,26.9,16.2,67.9,5.81,895.3,18.8,45.9,Apple
60,30.9,82.5,23.7,53.5,5.96,754.6,17.7,53.6,Apple
83.1,40.6,59.9,16.9,40,7,849.9,22,53.9,Apple
78.1,41.4,67.7,19.1,60.2,5.54,864.6,18.4,34.4,Apple
102,41.5,39.5,20.6,44.9,5.8,819.1,16.1,40.5,Apple
82.9,23.2,58,19.7,58.9,6.31,924.8,12,47.3,Apple
79.7,52.5,18.2,24.5,61.6,5.84,710.4,17,48.8,Apple
89.9,30,72.9,23.4,45.2,5.78,824,16.8,57.1,Apple
91.6,45.7,55.1,21.7,65.5,5.59,936,13.6,38.1,Apple
79.7,32.8,69.7,24.4,64.2,5.81,684.4,21.4,39.5,Apple
58.2,30.8,110.1,19.1,40,6.33,968.3,16.5,52.7,Apple
102.1,46.8,88.5,22,65.1,5.91,790.1,10.9,74.4,Apple
89.7,47.6,75.7,21.7,59.3,5.76,792.1,17.7,65.5,Apple
76.5,51.3,67,17.8,49.9,5.81,615.2,16,50.5,Apple
50.1,30.8,65.5,16.2,57.1,6.54,555.9,22.3,55.7,Apple
23.6,21.7,90.9,16.3,60.9,6.31,638,13.3,32.8,Apple
57.7,40.4,31.3,18.9,53,6.35,868.5,12.6,38.2,Apple
105,33.2,53.7,18.2,63.2,6.16,951.6,17.9,49.5,Apple
87.4,37.2,21.6,21.2,58.6,6.17,791.4,15.5,56.5,Apple
94.1,20.3,75,21.1,76.6,6.06,799.8,10,53.2,Apple
110.7,43.7,81.7,28.2,53.7,6.4,725.1,15.1,53.7,Apple
100.2,24.3,43.5,18.4,70.5,5.88,775.1,14.2,41.4,Apple
66.7,34.7,56.4,27.2,60.1,5.81,936.8,14.9,54.5,Apple
59,32.1,16.4,21.7,59.8,6.19,839.5,19.3,52.1,Apple
90.3,43.9,61.2,22.1,75.3,6.36,838,18.5,61.2,Apple
68.7,42.5,65.6,17.7,59.6,6.17,908.6,22.7,66.1,Apple
98.1,44.7,89.2,19.6,52.8,6.17,905,21.6,35.7,Apple
86.2,36.5,60.8,18.9,70,6.33,804.4,30,48.4,Apple
111,38.7,79.3,19.5,52.6,5.56,950.9,14.1,57.9,Apple
71.4,27.9,118.2,17.1,77.2,6.06,755,19.1,47.8,Apple
93.1,51.8,26.6,18.5,59.4,6.46,740.8,13.9,58.3,Apple
53.1,52.7,62.2,18.6,64.3,5.93,862.6,17.4,48.2,Apple
60.5,32,10,14.5,57.7,5.89,1041.8,17.3,63.4,Apple
112.5,40.6,55.9,15.2,40.2,5.76,599.5,17.3,41.8,Apple
75.6,10,46.6,17.3,57.8,5.68,1040,20.5,38.2,Apple
99.8,36.8,53,18.2,73.1,6.41,778.4,19.6,58.1,Apple
83.4,28.5,72,20.5,59.1,5.5,834.5,19.2,34.2,Apple
89.1,20.8,78.7,24.2,70.7,5.96,904.3,15,35.8,Apple
77.5,49.6,80.1,16.9,63.4,6.23,1038.1,17.3,66.1,Apple
61.1,36.1,55.5,16.1,54.8,6.12,810.4,16.2,58.3,Apple
62,63.4,94.9,14.4,68,5.64,856.2,24.9,40.4,Apple
110.5,62.4,47.6,19.6,49.9,5.65,810.1,21.5,55.6,Apple
90.4,27.6,113.8,22.8,66.4,6.02,664.9,20.3,47.9,Apple
101.9,44.4,58.5,19,60.1,6.41,711.3,18.5,48,Apple
102.4,42.1,42,20.3,57.2,6.04,926.2,16.4,57,Apple
91.6,71.9,36.8,22.6,47.6,6.54,742,16.5,57.7,Apple
67,44.9,42.4,18.3,52.5,5.87,639.1,13,71.7,Apple
135.8,37.4,41.6,20.2,57.4,6.03,966.6,19.5,33.7,Apple
86.8,30.1,61.7,21.3,63.2,6.25,776.1,18.7,35.4,Apple
83.3,32.4,23.5,22,63,6.12,815.6,15.6,42.4,Apple
72.7,43.8,46.6,21.1,66.4,6.16,803,23.7,56.4,Apple
72.8,43.4,51.2,20.7,59.9,5.5,771.3,13.9,62.3,Apple
67.5,44.9,40.8,18,80,6.09,760.4,15.4,48.4,Apple
70.8,60.5,38.5,16.9,62.1,5.77,764.6,19.9,41.3,Apple
106.5,51.7,43.6,19.2,70.4,5.62,693.9,17.8,46.1,Apple
77.8,25.2,29.5,23.7,50.4,5.86,660.3,21.5,42.9,Apple
76.3,35.6,20.1,16.3,68,6.53,772.7,15.9,33.1,Apple
64.8,51.5,55.5,14.8,56.7,6.22,817.8,16.6,30,Apple
97.9,42.7,18.1,20.1,67.2,6.03,843.8,19.5,50.7,Apple
77.4,32.7,58.4,22.1,80,5.9,964.3,16.1,64.7,Apple
74.2,46,58.7,19.9,80,6.02,597.4,16.7,64.4,Apple
93.9,53,90.4,21.4,53.8,6.09,793.4,19.2,62.1,Apple
91.7,47.7,25.4,19.8,48.7,5.96,697.5,30,60,Apple
73.2,32,46.2,23.3,45.6,5.96,753.4,14.9,60.5,Apple
77.6,29.2,38.6,22.5,66.6,6.42,810.9,17.9,46.3,Apple
75.9,30.9,62.4,22.8,57.8,5.99,991.7,19.1,59.8,Apple
47.1,56.2,52.7,19.3,80,6.33,718.8,21,58.1,Apple
80.3,31.1,101.5,18.9,53.9,5.99,615.2,19.7,53.7,Apple
73.8,41.8,68.9,21.9,56.6,5.5,936,19.4,31.8,Apple
79.1,52,45.9,26.2,40.9,5.78,758.5,13.5,63.6,Apple
90.3,24.6,63.8,10,59.2,6.17,877.3,24.5,51.7,Apple
84.2,39.9,61.3,21.9,75.8,6.11,597.6,20.5,45,Apple
75.4,49.9,71.8,21.3,73.9,5.69,932,18.1,30,Apple
70,33.3,54.4,17.6,65.9,5.5,722.6,23.3,51.3,Apple
132,24.5,59.7,24.7,62.3,6.1,922.4,16.1,59.3,Apple
108.1,37.2,58.8,19.6,68.6,5.61,694.2,17.8,80,Apple
69.6,23.3,46.4,21.3,57.7,6.54,924.9,12.1,48,Apple
102.2,40.4,71.3,20,62,6.16,663.7,23,50.4,Apple
88.2,38.4,65.6,20.3,58.8,5.83,819.5,17.5,45.3,Apple
100.7,80,84.9,16.9,51.2,5.71,868.5,13.9,37.6,Apple
75.2,52.8,97.1,19.2,40,5.75,990.5,14.5,60.8,Apple
70.9,34,45.1,19.4,54.9,6.09,826.5,20.8,53.7,Apple
107.9,53.6,86.8,14.7,64.2,5.99,845.3,11.6,32.7,Apple
90.1,53.1,46.8,17.8,57.9,6.07,768.1,16.1,47.6,Apple
94,34.7,35.1,26.7,47,6.14,841.9,18.1,53.3,Apple
138.7,39,71.5,16.6,80,6.23,829.2,19.6,57.5,Apple
84.5,46.9,53.7,22,57.9,6.07,865.4,17.9,55.6,Apple
73.1,38.1,102.2,18.5,61.6,6.04,700.8,19.5,47.7,Apple
88.2,48,83.4,17.6,61.7,5.69,854.3,15.2,36.3,Apple
67.4,56.4,25.8,18.7,58.4,6.47,658.6,13.8,47.1,Apple
85.6,43,67,21.8,52,5.76,944.8,14.8,52.2,Apple
106.4,41.9,43.9,22.9,55.9,5.55,718.4,16.9,54.2,Apple
58,43.6,84.4,17.2,66.1,6.49,693,20.9,62,Apple
67.1,39.2,77.4,19.1,62.8,6.09,962.2,21.9,62.2,Apple
90.9,38.7,56.2,23.2,66.8,6.09,804.5,20.7,44.4,Apple
57.5,44.3,71.8,24.6,80,6.18,766.4,20,47.9,Apple
53.4,40.3,108.2,22.3,60.5,6.34,870.1,19.1,53.6,Apple
71.5,43.2,65.7,22.8,72.3,5.81,803.1,22.1,39.4,Apple
86.4,37.3,47.1,21.3,47.3,6.69,681.4,18.2,39.2,Apple
81.3,57.5,41.7,19.8,60.1,5.54,972.7,18.1,44.7,Apple
66.8,37,44.1,21,65.3,6.61,850.5,13.3,52.9,Apple
61.7,36.9,84.5,21.5,72.5,6.21,796.8,16.7,46.8,Apple
102.2,43.8,81.8,21.2,79.1,7,765.4,21.5,53.5,Apple
80.6,32.2,112.6,21.8,59.4,5.68,847.8,15.6,58.9,Apple
59.9,51.3,59.6,25.5,52.2,5.87,883.6,18.9,71.8,Apple
55.6,39.8,35.2,16.1,41.3,6.37,699.4,14.2,54.1,Apple
76.7,36.3,75.8,24.1,52.9,6.17,1017.1,19.8,48.8,Apple
96.3,47.3,91.7,22.7,52.2,5.8,655.1,19.2,67.1,Apple
119.4,28.9,34.2,22.2,61.4,5.73,841.5,15.8,55,Apple
71.1,38,38.1,18.9,51.8,6.55,792.6,24.3,63.8,Apple
75.5,46.2,64.3,22.2,69.4,6.28,837.1,16.5,48.9,Apple
68.4,39.3,68.8,24.2,61.6,5.95,731.5,20.4,54.4,Apple
57.9,38.3,59.6,19,63,5.68,862,19,33.3,Apple
101.1,44.4,57.7,18.3,52.2,6.31,722.1,19,47,Apple
101,20.8,63.6,24.5,47,5.76,812,24.9,56.2,Apple
91,46.4,28,21.3,65.9,5.92,1014.3,20.9,46.7,Apple
74,49.4,47.4,16.1,52.7,6.12,831.5,15.8,39.8,Apple
50.9,26.6,77.5,16.5,51.1,6.27,754.7,13,52.4,Apple
101.2,27.6,51.2,16.9,73.3,5.88,729.1,20.5,46.5,Apple
92.4,38.3,43.5,17.7,77.2,6.01,881.4,18.7,35.3,Apple
71.8,55.7,47.3,22.8,46,5.65,889.2,19.7,39.4,Apple
96.5,45.8,71.9,18.2,48.1,6.15,766.1,16.2,33.4,Apple
60.5,38.3,48.2,16.8,59.1,6.12,889.4,19.6,47.2,Apple
91,52.8,70.3,21.7,54.2,5.85,883.9,19.6,54,Apple
94.8,26.8,85.4,19.8,52.7,5.6,549.6,14,53.2,Apple
88.5,43.5,54.8,18.6,58.8,6.19,685.8,14.5,53.5,Apple
89.7,34.8,109.8,20,59,5.58,753.5,17.2,40.1,Apple
79.8,26.6,53.6,21.5,58.5,6.2,820.8,10,44.7,Apple
70.7,47.4,59.6,17.6,66,5.84,905.1,19.9,39.8,Apple
95.6,32.6,74.5,22.3,72.8,5.5,872.1,22.1,48,Apple
67.9,47.1,74.8,22.7,63.3,6.15,783.9,23.6,57,Apple
82.6,54.9,87.8,14.3,53.3,5.98,949.8,23.4,45.3,Apple
111.7,44.4,54.1,19.3,64.3,6.35,809,16.6,33.2,Apple
75.8,28.8,43.9,22.2,53.1,6.06,723.4,18.2,30,Apple
90.9,29.4,69.1,15.8,58,6.23,770.7,17.5,44.7,Apple
88.8,39.2,71.2,21.9,80,6.28,800.7,21.5,58.9,Apple
74.9,44.1,33.5,24.2,45.3,5.73,787.8,15.3,41,Apple
81.6,29.9,85.7,16.1,61.5,6.09,656.1,16.7,63.9,Apple
62.2,38.9,48.7,22.1,73.9,6.49,804.1,18,49.8,Apple
33.2,39.9,72.1,21.9,53.9,5.5,876.3,15.5,43.5,Apple
53.1,32.2,107.1,20.7,55.8,6.19,915.7,18.3,63.1,Apple
83.4,13.4,63.5,27.3,47,6.07,875.2,16.9,51,Apple
67.7,35.7,62.2,20.2,43.6,6.13,735.6,16.7,43.8,Apple
85.6,14.3,62.3,17.5,57.3,5.5,904.1,17.9,48.8,Apple
75.4,40.2,79.2,23.2,61.7,5.9,768.3,15.5,46.8,Apple
54.4,37.9,61.9,15.5,54.7,6.27,572.1,16.1,63.9,Apple
70.2,48.1,71.4,23.6,43.5,6.13,697.3,17.4,31,Apple
108.3,41.9,55.4,19.5,59.4,6.01,1093,13.6,55.5,Apple
57,36.6,33.6,21.4,69.5,5.95,848.3,19.7,50.4,Apple
88.1,44.1,86.1,19.6,80,5.96,788.2,17.8,41.9,Apple
91.1,50.3,12.9,20.9,64.5,6,899.6,15.5,42.6,Apple
63.1,20.1,47.1,21.1,71.4,6.56,885.3,14.7,45.2,Apple
80.6,49.3,78,18.7,64.7,6.4,821,18.6,46.8,Apple
99.7,38.1,87.9,21.6,45.2,6.2,657.8,16.7,52.8,Apple
89.6,26.4,32.2,16.6,77,5.74,988.3,20.6,48.5,Apple
54.3,52,80,21.2,44.2,6.04,1025.7,19.3,41.3,Apple
44.9,39.4,67.6,18.9,64.9,5.5,728.2,18.2,42.5,Apple
65.4,46.7,56.7,20.4,78,6.56,783.8,19.8,53.7,Apple
77.8,37.3,77.7,20.4,61.6,6.23,777.6,16.2,49.9,Apple
88.5,54,47.4,16.7,60.9,7,771.8,20.6,47.2,Apple
78,45.7,97,18.5,65,6.07,720.9,21.8,63.9,Apple
84,41,23.4,14.1,59.3,6.32,724.1,16.6,44.2,Apple
101,21,75.1,20.9,46.9,5.75,833.5,19.2,58.6,Apple
84,26,48.3,17.5,64,6.19,839.3,15.4,54.9,Apple
54.3,26.5,69,23.9,71.4,5.94,826.6,22,40.4,Apple
50.2,47.4,71,21.4,47.4,6.17,590.7,17.6,40.1,Apple
109.6,51.6,63.5,21,60.8,5.5,760.1,18.1,58,Apple
92.5,37.8,56.5,25.3,46.2,6.14,621.1,18.7,57.6,Apple
89,32.3,72.1,20,58.8,6.09,941.7,19.8,58.1,Apple
104.1,41.4,68,17.9,62.8,6.57,952,19.6,57.9,Apple
100.9,42.6,42.5,16.9,64.6,5.77,699.9,16.9,55.8,Apple
90.3,27.1,69.7,21,66.2,6.04,773.9,22.4,45.6,Apple
91.8,39.4,57.1,17.8,57.5,6.33,832.5,10,40,Apple
57.4,51.4,56.9,20,58.5,6.54,902.7,18.3,40.9,Apple
108.7,37.9,130,21.1,45.5,5.97,569.1,21.2,37,Apple
71.9,53.8,94.8,16.3,80,6.12,810.2,15.2,49.3,Apple
69.8,63.6,95.7,16.6,46.9,6.13,657.8,14.5,52.3,Apple
80.1,34.3,83.6,17.1,58,7,894.3,11.5,38.4,Apple
67.5,38.6,68,15.9,80,5.79,712.5,21.4,44.8,Apple
111,37.5,65.9,18.1,57.6,5.96,1200,22.5,30,Apple
89.7,45,61.2,24.4,63.7,6.61,761.8,14.7,55,Apple
94.6,53.4,72.3,17.7,58.2,5.66,806.4,18,59.1,Apple
92.8,40.6,40.9,22.3,60.5,6.22,642.6,17.4,30,Apple
87.1,36.3,79.2,16.6,57.2,6.17,735.9,15.4,47.6,Apple
89.9,41.7,68.4,16.9,60,6.41,863.7,18.3,62.7,Apple
56.6,41.3,61.4,18.4,52,5.83,841.1,17,36.2,Apple
103.3,39.9,60.5,23.9,52.4,6.24,809.9,14.3,52.1,Apple
68.3,45.6,60.8,16.2,69.9,6.32,788.4,15.2,55.1,Apple
82.1,46.9,56.3,26.6,74.2,6.33,928.8,16.7,58.6,Apple
47.9,38,73,22.9,79.5,5.92,806.2,17.1,62.2,Apple
46.3,45,30.4,19.6,50.2,6.42,905.1,17,42.7,Apple
117.2,48.8,35.8,17.9,66.5,5.64,747.4,19,45.7,Apple
150,34.8,33.2,22.9,74.8,6.17,794.9,24.5,51.6,Apple
92.4,39,87.1,19.8,41.8,6.43,1102.5,21.3,37,Apple
105.1,35.8,69.1,18,77.3,5.8,880.9,19.9,54,Apple
100,55.4,60.6,18.8,64.2,5.5,784.1,17.1,40.5,Apple
63.2,46.3,39,23.3,53,5.5,878.6,18.6,30,Apple
129,43.2,55.9,16.5,56.6,5.81,864.6,17.8,53.4,Apple
84.1,26,79,22.3,61.2,5.5,743.1,20.2,53.3,Apple
98.6,44.1,62.3,30,40,6.11,956.1,20.1,51.1,Apple
74,41.4,51.4,18.7,71.9,5.96,674,17.5,44.5,Apple
54.1,51.6,55.3,17.3,59.3,5.84,894.4,22.4,45.8,Apple
80,41.7,24.6,18.9,40,5.91,756.9,17.4,38,Apple
83.7,54.4,67.8,22.5,51.3,6.06,867.4,16.8,52.5,Apple
119.4,35.9,39.5,16.5,80,6.16,681.8,18.6,67,Apple
90.3,39,77.3,19.3,50.1,5.94,989.9,20,40.3,Apple
76.5,41.4,67.3,20.8,73,7,996.8,15.2,70.4,Apple
26.3,51.6,10,23.4,64.8,6.22,989.4,20.8,46.5,Apple
61.4,23.4,69.1,21.5,41.8,6.22,955.3,16.9,45.9,Apple
62.2,50.9,52.9,19.8,77.7,5.93,829.2,17.3,46.8,Apple
82.3,47.6,63.8,22.8,67.5,6.11,720.5,19.1,47.9,Apple
91,49.1,53.9,11.7,54.1,6.04,754.7,27.6,62.8,Apple
77.6,48.7,88.5,21.3,67.6,6.07,897.2,16.8,45.5,Apple
64.8,31.2,56.5,15.7,52.4,7,942,17.1,38.2,Apple
70.7,39.6,86.3,24.8,54.2,6.15,677.3,18.2,53.7,Apple
50.2,33.8,68.6,21.6,54.9,5.5,867.9,16.8,42.2,Apple
78.4,40.2,20.9,20.2,65.7,5.74,795.1,21.1,35.8,Apple
48.5,39.4,51.8,16,54.7,5.96,773.8,12.4,48,Apple
67.6,38.6,48.7,20.1,48.2,5.88,867.1,21.3,34.6,Apple
83,23.8,93.8,21.4,40,6.07,724.3,21.7,53.2,Apple
60.4,33.9,47.7,27.8,55.3,6,600,27.4,71.6,Orange
33.7,31,99.1,28.2,72.7,6,1057,27.8,35.8,Orange
46,24.1,81.4,15,83.5,6.98,1014.8,32,59.9,Orange
94.5,32.5,43.1,25.5,83.1,6,948.9,26.4,55,Orange
52.6,27.6,54.3,24.4,61.7,6.51,629.8,28.4,45.1,Orange
71.3,34.1,78,28.6,75.8,6.74,1021.3,25,46.8,Orange
42.8,38.8,46.4,26.2,68.6,6.06,970.2,24.5,43,Orange
68.5,27.4,33.3,28.5,74.1,6.54,926.1,15,58,Orange
90.5,25.7,71.3,23.8,69.2,7.1,1400,19.3,59.6,Orange
40.8,24.1,94.5,28.7,64.8,6,872.8,24.5,65.3,Orange
74.6,40.2,59,23.7,59.2,6,814.1,30.4,46.1,Orange
91.5,32.9,79.3,28,80.9,6.49,1013.6,25.3,80,Orange
44.6,27.2,66.1,24.7,70,6.85,1005.4,26.8,41.9,Orange
87.8,47.3,67.4,26.7,58.6,6.15,1210.2,26.7,55.9,Orange
38,34.1,87.1,31.1,77.2,6.54,1154.7,23.9,34.8,Orange
51.4,34,68.1,28.8,72.5,6.12,936.1,24.8,32.8,Orange
79,42.7,66.2,29.5,74.7,6,1400,21.9,80,Orange
60.6,36.2,67.3,26.8,83.2,6.71,1229.6,30.2,44.1,Orange
82.2,32.5,64,30.7,90,6.14,1091,27.4,59.2,Orange
72.7,37.2,98.8,26.7,64.8,6.46,600,26.7,47.5,Orange
78.4,33.7,94.9,26.9,78.9,6.04,922.5,24.4,53.6,Orange
87.2,39.4,42.3,28.5,70.9,6.12,1110.8,27.5,43.6,Orange
42.1,14,94.2,24.9,67.6,6.69,735.7,32,44.1,Orange
58.3,29.7,74.8,32,59.1,7.4,1400,29.5,46.6,Orange
55.1,26,47.8,24.1,72.3,6.42,974.3,27.8,43.1,Orange
60.5,13.7,37.3,26.8,82.4,6.68,835,25.1,42.4,Orange
59.9,39.7,120.5,27.2,90,6.08,764.5,23.1,56.8,Orange
68.3,37.1,99.9,25.6,70.9,6.29,870.5,28.5,65.9,Orange
69.8,19.8,61.9,29.4,71.5,6,972.7,23.5,37.2,Orange
45.6,27.8,108.2,26.4,74.5,6.44,1098.2,26.6,47.8,Orange
52.5,24.5,77.5,24.4,63,6.23,1163.2,20.1,30,Orange
63,12,67.1,29.4,67.9,6.49,878,27.1,46.4,Orange
76.7,37.1,42.8,26.3,71.3,6.55,946.6,29.8,42.2,Orange
85.7,56.7,68.5,31.1,60.2,6.55,1141.3,22.2,53.3,Orange
31.6,29.7,70.4,22.4,50,6,948.8,23.1,35.8,Orange
60.9,31.2,78.1,26,62.9,6.96,777.6,17.1,53.1,Orange
60.9,26.4,45.1,28.4,51.5,6.56,1005,23.8,32.8,Orange
31.6,17.9,82.6,23.8,75.5,6.6,863,23.8,49.2,Orange
84.2,25.9,73,27.5,65.9,6.06,845,23.4,43.5,Orange
87.9,45.1,32.3,22.9,61.9,7.21,895.2,26,52.4,Orange
64.3,25.3,97.7,28.7,74.2,6.3,925.3,28.2,41.7,Orange
81,21.4,55.7,23.6,70,6,861.3,20.7,60.3,Orange
36.8,28.8,90.2,24.5,74.2,6.45,814.9,23.3,51.5,Orange
34.8,42.8,58.8,29.5,68.5,6.31,1042.7,22.7,43.3,Orange
64.4,32.5,48.8,26.1,68.1,6.77,900.3,22.4,50.2,Orange
62.3,47.6,63.5,20.7,65.4,6.99,1187.2,24.7,53.4,Orange
96.9,33,55.3,23.2,67.3,6.19,926.5,28.5,50.5,Orange
84.8,25.2,60.5,27.6,70.5,6.33,860.4,28.1,40.8,Orange
74.2,14.8,89.8,28.1,50,6.56,854.1,23.1,38.7,Orange
66.5,36.9,69.7,23.8,54.5,6.18,850.2,31.5,49.1,Orange
70.2,37.5,72.8,25.7,62.2,6.58,1191.5,24.4,49.9,Orange
50.4,37.7,82.7,25.5,81.7,6.11,921.4,26.4,46.6,Orange
91.5,28.4,66.4,27.3,64.2,6.04,626.4,23.6,47.4,Orange
86.6,24.9,62.1,28.8,66.6,7.24,1123.4,19.6,67.3,Orange
100.7,16.1,69.4,31.3,76.6,6,1199,15,51.3,Orange
76.4,33.1,57.4,27.1,78.7,6.87,1188.3,31.8,57.8,Orange
41.3,40.1,93.7,26.8,62.7,6.27,936.6,23.9,46.1,Orange
65,20.1,78.9,25.5,62.6,6.34,1185.6,25.2,40.1,Orange
81.3,21.3,83.1,28,86.9,6.53,1029.3,21.1,56.9,Orange
86.4,43.1,69.5,25.1,75.4,6.61,600,24.3,48,Orange
63.7,37.9,90.1,32,88.6,6.82,976.6,23.5,49.2,Orange
73.7,30.8,105.9,25.9,68.2,6.57,1299.6,27.5,37.5,Orange
70.5,27.1,80.2,15,63.8,6.32,1249.9,21.6,45.1,Orange
90,31.3,40,31.5,72.6,6.95,1198.6,22.3,46,Orange
48.6,25.8,57.4,22.6,70.5,7.11,1035.8,28.1,50.1,Orange
44.9,41.2,77.5,28.9,67.8,6.04,1073.7,23.6,33.2,Orange
67.1,36.7,101.4,27.4,65,6.66,1161.9,27.6,39.5,Orange
81.2,35,75.3,22.4,68,7.5,1122.9,24.2,40.2,Orange
75.7,35.2,53.6,26.3,77.5,6,895.3,27.9,46,Orange
77.4,28.2,82.8,25.2,90,7.15,1171.6,20.8,55.3,Orange
96.1,27.4,108.4,27.4,90,6.99,1119.4,25.4,54.7,Orange
51.3,22.2,50,29.2,65.1,6.97,1106,28.2,41.2,Orange
79.5,56.5,86.5,19.2,61.8,6.9,1071.4,27.6,37.5,Orange
91.4,40.5,78.3,26.5,74.9,6.48,887.2,30.7,49.6,Orange
52.5,31.2,43.4,16,70.9,7.11,1024.3,27.7,37.5,Orange
48.7,31.2,45.1,27.8,50,6.55,1071.5,27,68.9,Orange
84.3,30.2,37.3,26.3,60.9,6.35,746.4,25.2,46.4,Orange
57.9,31.4,76.5,25.2,63.3,6.57,1223,29.2,53.3,Orange
35.1,31,88.2,26.3,59,6.7,1021,25.1,80,Orange
85.6,19.4,74.1,22.9,74.5,6.51,650.6,31,30,Orange
42.4,20.8,57.3,31.3,74.2,6.67,989.5,27.3,60.8,Orange
70.7,20.5,37.4,24.3,80.6,6,1000.8,15,50.9,Orange
64.8,31.4,99.9,29.2,50.9,6.44,772.3,24.9,30,Orange
109.9,37,108.4,32,60.1,6,1140.8,24.4,58.1,Orange
52.7,23.4,59.5,32,90,6.92,1018.7,26.1,37,Orange
87.6,31.2,35.7,21.7,67,7.17,782.7,26.1,40.5,Orange
47.7,30.6,57.3,25.9,72.9,6.46,921.6,27.4,43.6,Orange
80.8,32.8,105.1,27.9,77.8,6.8,992.5,25.7,45.1,Orange
91.4,26.3,74.2,25.9,50,6,848.8,29.2,45.2,Orange
77.1,17.9,79.1,25.5,64,6,1189.1,27.5,47.6,Orange
60.5,20.7,21.3,28.9,66.2,6,911.9,23.6,37.1,Orange
61.8,22.8,45.6,29.3,86.8,6,836,28.9,30.3,Orange
43.8,32.2,38.4,25.8,73.5,7.5,1202.3,22.8,49.6,Orange
69.4,38.7,77.1,28,81.3,6.54,785.8,30.5,50,Orange
73,10,91.6,32,62.7,6.61,1075.7,22.4,43.9,Orange
89.3,42.1,67.5,27.4,83.9,6,821.8,30.9,48.6,Orange
61.7,32.3,87.2,27.5,64,6.06,831.9,26,51.5,Orange
90.5,38.3,67.4,26.6,70.9,6,1035.3,22.7,50.5,Orange
56,49.6,97,27,70.5,6.77,915.1,24.4,62.5,Orange
49.7,34.4,52.9,28.9,60.7,6.67,1076,26.4,57.3,Orange
81.5,41.2,65.3,25.3,90,6.23,933.4,21.4,44.9,Orange
96.3,30.4,92,27,58.9,6.65,787,24.4,55,Orange
62.8,28.8,94.9,29.2,56,6.71,1121.8,23.1,55.9,Orange
50.1,35.1,54.4,29.1,74.1,6.76,1093.7,26.3,46.1,Orange
54.8,17.7,48.5,23.5,75.5,6.3,992.8,24.8,55.9,Orange
42.3,12.5,46.8,31.5,65.8,6.82,1280.9,28.3,55.3,Orange
36.9,24.4,83.2,28,90,6.19,1164,26,61.5,Orange
89.2,29.5,84.8,32,78.8,6,1122.6,28.1,47.4,Orange
69.1,23.3,85.3,27.5,72.4,6,1092.6,26.4,53.6,Orange
76.3,34.4,77.9,27,56,6,1269.5,26.8,49.3,Orange
67.4,42.4,58.9,25.7,50,6.4,903.2,26.9,68,Orange
73.7,29,72.6,31.1,80.6,6.7,1043.6,29.2,54.7,Orange
85.3,24.3,118.2,23.6,67.7,7.17,1204.6,20.3,51.1,Orange
84,10.6,43.3,26.7,79.4,7.5,1400,25.1,58,Orange
87.1,27.4,86.5,26.2,79.5,6.56,1038.3,29.6,48.9,Orange
58.8,16.7,94.1,28.2,61.3,7.35,1131.9,21.6,42.3,Orange
70,24.5,10,26.6,76.6,7.5,1000,27.2,47,Orange
65.6,28,54,20.2,81,7.26,625.4,32,36.6,Orange
95.2,38.2,35.5,27.4,72.5,6.28,1200.4,24.5,34.4,Orange
60.3,38.1,43.4,25.6,71.6,7.13,724.6,22.4,55.7,Orange
64.5,41.8,81.4,32,54.2,6.27,891.7,23.5,36,Orange
104.5,38.5,75.2,29.5,57.4,6.64,973.4,30.4,56.6,Orange
69.4,24.5,71,29.5,79.3,6.02,1123.8,29.9,49.8,Orange
81.6,32.2,67.4,30,55.1,6.02,973.6,26.7,69.1,Orange
95.8,32,67.2,20.3,75.7,6.95,1181.1,25.4,44.1,Orange
62.3,35.2,67.1,29.7,63.7,6.83,1268.3,27.1,62.9,Orange
55.8,20.7,67.8,24.1,77.3,6.1,1180,27,50.6,Orange
103.5,19.1,52.6,22.9,81.8,6.63,1086.4,23.5,44.1,Orange
92.7,25.5,71.7,26.6,82.9,6.65,1120,29.4,39.3,Orange
59.7,51.6,73.7,26.1,70.7,6.11,1049.2,24.8,67,Orange
93.3,47.7,30.3,28.2,71.5,6.42,1154.2,31.4,66.7,Orange
58.6,35,62.3,22.1,55,6.05,1056.8,27.3,30.9,Orange
61.2,10,39.6,24.7,76.2,6.24,1012.7,25.3,43.6,Orange
57.2,19.6,101.3,27.1,65.3,6.8,1361.9,24.9,44.8,Orange
63.2,37.7,150,23.2,73.7,6.43,677.8,27.3,35.3,Orange
79.2,30.1,72.8,30.1,76.9,6.05,1393.1,32,64.3,Orange
103.8,41.9,92.4,29.6,80.3,6.9,940.6,15,37.1,Orange
44.7,50.2,78.2,32,83.4,7.07,1031.3,27.5,50.7,Orange
73.1,28.6,82.5,27.8,80.8,7.22,1023.1,23.9,36.9,Orange
65.4,18.9,89.2,31.9,75.2,6.84,923.5,26.2,47.6,Orange
107.3,47.5,54.7,27.1,79.9,7.5,1354.4,15.3,54.4,Orange
76.6,20.9,54.8,26.8,70.5,6.75,1302.3,28.2,55.9,Orange
58.5,26.2,54.7,24.7,69.4,7.46,746.8,23.6,47.5,Orange
51.4,43.9,75.3,27.2,75.9,6.35,1094.9,18.1,41.6,Orange
39.6,31.1,101.2,24.5,72.9,7.18,1205.9,25.3,38.9,Orange
74.1,22.7,44.9,29.3,72.7,6.84,990.7,30,47.5,Orange
62,22.8,62.8,27.3,64.8,6.26,1143.8,19.4,50.6,Orange
86.4,16.5,84.3,28.6,82.3,6,865.6,23.5,52.1,Orange
44.9,39.1,67.3,29.4,56.7,7,972.5,26,59.6,Orange
66.3,35.1,90.8,29.3,67,6.91,605.8,23.3,45.7,Orange
55.2,51.6,84.9,25.7,73.9,6.07,666,21.8,30,Orange
103.6,39.2,46.3,30.9,76.5,6.5,1039.9,24.8,64.1,Orange
65.1,25.4,66.8,32,71.8,7.5,1119,26.7,63.3,Orange
70,51.3,94,29.5,69.8,6,1113.2,21.5,48.7,Orange
95.9,33.2,61.9,26.6,70.5,7.21,1032.6,28.2,47,Orange
78.5,24.4,38.1,27.3,86.1,6.34,1017.9,19,59.7,Orange
32.1,40.7,54.3,27.2,72.7,6.55,1211.5,24.5,45.3,Orange
60.4,51,78,26.4,72.5,7.19,1070.2,32,52.8,Orange
68.3,39.2,53.5,29.8,69.2,6.25,942,19.6,44.5,Orange
83.5,28.9,94.2,28.4,81,6.29,871.4,32,45.6,Orange
27.8,16.7,90.6,25.6,64.8,6.31,894.4,25.5,46.7,Orange
92.3,37.1,62,24.1,82.1,6.41,1033.2,29.2,55.7,Orange
75.8,25.2,70.8,30.3,87.8,6.17,874.9,24.3,34.8,Orange
74.8,32.1,78,31,68.5,6.36,690.1,23.3,36.5,Orange
65.1,31.1,45.4,28,70.6,6.95,1138.7,24.7,41.8,Orange
77.6,29.4,26.5,27.1,82.7,6.2,1000,21.1,37.9,Orange
51.7,26.3,58.2,29.7,72.6,7.5,692.4,26.6,62.1,Orange
36.7,28.7,150,28.1,72.6,6.15,1125.5,28.4,41.7,Orange
79.5,33.2,62.2,29.2,78.3,7.24,1176.6,21,41.4,Orange
81.6,21.5,48.6,29.5,57.7,7.48,940.5,25.9,39.7,Orange
79,34.6,88.3,30.7,70.5,6.67,774.2,19.9,55.2,Orange
70.5,17.6,47.2,24.9,78.7,7.41,1194.5,26.4,65.4,Orange
69,28.2,77,27,72.3,7.35,864.5,23.7,56.5,Orange
92.9,22.2,28.8,28.5,67.6,7.5,954.6,21.1,33.5,Orange
75.8,40.1,82,25.4,80.3,6,1177.2,23.1,51,Orange
70.1,34,83.3,30.5,78.3,6.44,686.8,23.9,45.3,Orange
81.2,40.9,64.7,25.3,79.3,6,1277.1,26.1,57.9,Orange
61.9,41.6,107,28.7,59.4,6.33,1107.3,28.2,39.7,Orange
88,20.3,44.5,26.9,71.6,6.64,659.1,22.6,42.2,Orange
33,19.5,45.6,24.6,81.1,6.79,981.3,24.3,54.9,Orange
101.2,51.7,60.7,31,60.2,6.48,821.1,22.8,45.6,Orange
74.5,21.8,29.5,32,63.3,7.32,807.9,23.1,43.3,Orange
64.4,13.4,61.5,26.8,62.8,7.34,1284.6,27,48.1,Orange
93.8,45.8,50,28.3,74.9,7.1,880,25.6,56.6,Orange
64,10,25.4,32,79.5,7.03,978.5,29.2,49.4,Orange
86.9,30.2,56.2,28.7,67.8,6,1033.7,19.2,36.5,Orange
84.9,32.1,83.5,32,61.4,7.04,1184.7,26.5,42.2,Orange
120,26.5,102.5,27.8,63,7.01,1292.2,22.2,53.9,Orange
66.9,23,48.4,28.2,50,6.64,988.9,22.9,47.1,Orange
64.2,39.9,77,27.3,65.5,6.28,746.7,23.7,58.6,Orange
64.9,32.2,71.9,26.7,76.3,6,1105,21.2,56.8,Orange
74.6,33.2,69,25.9,68.5,6.35,916.9,15,57.1,Orange
67.4,43.6,92,15.7,74.8,6.21,1054.4,24.1,57.5,Orange
42,31.7,46.4,28.4,53.8,6.1,945.1,28.1,37.9,Orange
47,30.4,99.9,29.2,74.3,6.58,1068,25.1,47.5,Orange
81.4,25.5,42.7,29,79.6,6.86,1044.3,18.7,43.4,Orange
68.4,20.3,101.3,27.8,59.2,6.61,1193.6,24.3,58.3,Orange
75.5,47.9,62.9,27.9,62.3,6.22,750.5,26.3,63.6,Orange
72,20,66,23.4,76.5,6,1290.6,24.7,56.4,Orange
58.7,23.3,78.8,25.2,76.3,7.04,1174.4,27.7,39.8,Orange
66.2,26,73.8,26.1,90,6,847.3,25.1,40.2,Orange
84.6,19.5,94.9,26,65.6,6,843.8,24.4,46,Orange
41.5,46.8,75.3,28.1,90,6.69,1244.4,23.7,45.5,Orange
93.3,23.4,86.7,28.9,56.7,6.56,822.9,28.3,43,Orange
73.7,36,68.7,30.2,65.3,6.41,1152.1,15,30,Orange
91.2,18.2,62.4,22.8,54.4,6,600,21.6,50.1,Orange
57.2,34.8,79,28.8,61.4,6.03,1119.7,25.9,44.7,Orange
120,35.4,77.2,23.8,75.2,6.7,632,21.2,44.8,Orange
67.3,25.9,88.8,24.5,74.6,6.62,1162,21.5,50,Orange
40.7,31.1,65.5,24.8,71.1,6.88,1400,25,80,Orange
60.4,30.6,84.2,26,64.9,6.02,874.9,28.9,49.4,Orange
79.6,50,27.6,29.3,81.5,6,1057.9,23.5,64.6,Orange
106,27.2,73.2,28.3,58.1,6.73,999.6,18.3,55.7,Orange
91.4,28.4,111.1,26.2,73.4,6.08,933.2,24.9,51.8,Orange
89.7,54.8,47.1,28.8,90,7.16,839.4,23.2,52.5,Orange
70.7,22.4,41.9,30.1,83.9,7.14,600,26.4,42.5,Orange
57.5,29.8,77.8,28.7,55.7,6.38,1369.5,20.6,59.5,Orange
90.7,27.5,60.3,25,79.4,6.81,600,24.2,50.5,Orange
89.1,34.8,55.4,28.8,77.7,6.37,996.2,25.8,47,Orange
70,35.1,70.4,22.6,59.3,6.85,1400,23.9,47.8,Orange
48.2,15.7,71.7,28.2,68.9,7.33,808.4,21.2,55.7,Orange
78.3,18.6,80.1,29.4,74.2,6.47,1298.5,22.3,53.2,Orange
107.5,41.2,40.2,27,77.7,6.74,842.1,24.7,32.6,Orange
32.9,18.9,42,25.8,60.7,7.29,1385.3,26.3,47.7,Orange
109.7,40.3,36.6,24.4,66.2,6.37,629.2,24,53,Orange
89.5,20.4,92.6,29.6,71.2,7.05,898.9,28,39.7,Orange
52.4,32.8,63.1,24.6,66.7,7.08,984.7,30.7,55.9,Orange
76.6,41.8,119.7,31.3,64.7,7.07,742.5,28.3,53.4,Orange
53.6,28.9,75.3,29.9,83.5,6.28,981.6,29.4,47.2,Orange
54,28.9,75.9,24.8,50,6.14,1118.2,29.6,40.8,Orange
57.8,28.8,88.3,24.7,72.1,6.54,1258.1,30.4,58.1,Orange
40,15.4,95.3,22.9,64.6,6.82,974.8,24.7,61.6,Orange
80.7,23.2,98,26.9,65.7,6.73,852.1,27.2,40.3,Orange
101.9,35.8,101.5,23.8,51,7.2,937.9,24.3,39.4,Orange
99.9,34,82.4,26.1,72.4,7.5,1110.5,26.2,53.2,Orange
79,25.9,50.9,26.2,77.9,6.1,1391.6,22.4,40.5,Orange
66.3,22.1,60,26.8,59.7,6.6,749.1,24.6,57.6,Orange
99.4,24.2,75.5,32,63.6,6,1070.2,28,49.3,Orange
79.5,23.5,64,30.4,78.5,6.71,894,22.1,49.2,Orange
61.1,28.4,121.3,24.8,85.5,6.23,1112.1,23.2,32.5,Orange
62,30.8,89.4,27.5,70.2,6,1030.6,17.1,66.8,Orange
29.6,44.6,34.8,23.6,64.3,6.52,1400,23.4,40,Orange
85.9,46.1,55.6,28.7,85.6,6.53,600,26.8,30,Orange
77.2,35.1,97.3,31.1,72.7,6,1224.1,22.8,34.4,Orange
69.6,24.5,59.2,22.1,62.2,6.66,1208.3,24.3,45.6,Orange
99.1,35.3,111.6,29.2,75.3,6.52,1162.3,22.6,44.2,Orange
30.8,38.7,69.5,27.3,68.2,6.09,745.8,22.6,48.4,Orange
46.5,29,94,25.9,68.3,6,1204.1,25.7,57.2,Orange
38.7,30.5,50.4,22.9,72,7.21,952.1,27.3,41.3,Orange
70.4,31.3,91,26.8,65,6.69,943.9,24.9,49.6,Orange
51.1,27.7,57.5,27.3,64.4,7.19,1067.7,24.5,50.2,Orange
59.3,37.8,35.9,28.3,75.7,6.56,996.9,31.2,48.5,Orange
112.4,18.4,60,30.8,79.2,6,804,21,33.7,Orange
67.2,35.9,98.4,23.9,70.5,7.23,1165.3,26.2,53.1,Orange
77.9,35.5,98.4,24,52.2,7.32,1094.4,29.4,40.4,Orange
72.4,19.8,51.9,30.8,63.7,6,950,27.5,64.8,Orange
53.8,32.9,115.6,27.5,65,6.86,1009.7,29,57,Orange
59.7,16,88.8,18.2,56.1,6,1069.3,23,41.7,Orange
64.4,29.8,57.8,32,74.9,6,1234.5,21,41.1,Orange
91,29.1,24.8,25.1,64.6,6.72,731.3,21.7,56.8,Orange
45.5,30.8,79.2,26.6,74.8,7.49,1044.1,23.8,51.7,Orange
60.5,38.6,72.4,22.9,70.2,6.16,1039.5,22.1,50.7,Orange
57.5,35,85.8,21.4,76.3,6.39,760,27.2,64.7,Orange
58.8,32.8,59.3,28.7,51.9,6.59,1059.7,29.9,65.1,Orange
71.3,38.6,74.3,29.8,78.5,7.05,1090.7,23.5,37.5,Orange
61.8,34.5,65.6,27.8,75.5,6.22,1400,26,48.2,Orange
34.1,39.6,45.7,24.5,72.5,6,960.8,24,63.2,Orange
109.5,25.9,85.6,32,57,6.51,1126.5,26.8,51.8,Orange
25.6,24.3,60.1,26.2,80.1,6,1059,21.7,40.1,Orange
60.6,31.9,62.5,27.2,69.9,6,1250,29.2,45.4,Orange
88.3,16,67.7,28.6,90,6.99,1067,32,49.6,Orange
56.8,36.8,106.7,26.7,68.1,6.88,1342.9,25.2,55.5,Orange
47.3,34.9,109.8,21.8,67.1,6.52,1085.3,28.6,62.2,Orange
96.8,35.8,32.8,27.7,81.8,6.65,1087.6,24.7,34.6,Orange
24.2,18.7,49.3,29.6,68.1,6.98,965.4,23.2,73.9,Orange
75.9,25.1,29.6,26.4,61,6.04,981.3,26.7,58.5,Orange
65.6,25.3,63.7,26.1,65.5,6.08,895.8,24.7,61.1,Orange
54.2,32.3,64.7,29.3,60.2,6.31,1085,30.3,54.3,Orange
59.9,29.4,42.3,24,69.4,6.74,1032.7,27.2,79,Orange
84.6,38.4,80.8,27.8,67.1,6.45,940.3,30.9,67.9,Orange
63.1,45.4,73.9,27.4,66.2,7.45,932.9,28.7,57.7,Orange
72.7,10,66.8,30.6,63.5,6.25,831.7,21.8,52.8,Orange
61.9,22.3,68.2,26.9,60.7,7.01,808.2,32,30.4,Orange
74.1,35.7,57.4,30.4,50,6.39,1275.1,32,44.3,Orange
77.3,30.2,55.5,21.5,87.9,7.25,647.2,26.7,40.4,Orange
120,24,20.4,23,75,6.24,1062.1,23.7,66.1,Orange
68.8,34.3,67.9,27.8,64.3,7.24,1033.4,23.5,49.1,Orange
107.2,31.9,47.4,30.2,90,7.26,1003.5,26.2,71.8,Orange
60.8,22.4,71.2,31,74.3,6.22,1223.1,25.9,53.5,Orange
58.7,28.9,89,27.3,80.5,6.57,1202.7,24.5,63.5,Orange
89.1,10.8,61.1,26.5,87.8,6,979,21.3,51.3,Orange
55.7,34.3,134.3,32,69.7,6.76,1035.2,23.4,36.8,Orange
42.2,25.6,63.8,29,58.3,6.98,967.4,24.6,61.8,Orange
32.2,33.4,69.3,23.2,66,6.31,896.3,18.1,53.2,Orange
69.5,11.5,81.5,23.2,68.9,6.44,1124.4,25.8,51.5,Orange
58.2,41.8,40.6,27.9,72.5,6.51,763.8,23.8,40.5,Orange
48.7,20.5,47.4,23.5,66.8,6.56,936.8,25.5,57,Orange
110.2,27.2,69,27.6,78.6,7.2,720.7,24.1,43.5,Orange
56.8,27.2,51.8,29.4,59.7,6.95,1067.1,26.7,50,Orange
54.5,45.6,31,31.5,52.2,6.71,600,27.8,71.9,Orange
94.8,36.5,77.5,26.2,67.9,7,623.2,26.4,50,Orange
90.5,29.2,115.3,26.1,69.7,6.81,823.3,23,43.8,Orange
55.2,22.8,102.3,29.5,76.7,6.23,1165.1,21.6,59.9,Orange
86.8,43.3,85.2,26,58,6.08,1054.1,25.1,44.5,Orange
22.6,32.6,53.5,22.9,86.4,6.41,731.1,23.9,51.7,Orange
60.2,40.4,89,32,67.6,6,621.1,27.3,64.7,Orange
74.5,37.9,74.3,29.2,86.7,7.5,941.5,27.2,62.5,Orange
53.2,49,44.6,26.5,63.5,6,1021.8,21.2,30,Orange
75.8,21.2,74.1,27.7,69.2,6,1125.1,24.4,49.7,Orange
62.7,30.1,74.6,30.5,90,6,1142.8,25.6,50.3,Orange
97.8,23.6,61.5,23.8,69.8,6.35,1068.9,25,38.2,Orange
93.3,37.8,86.4,27.8,75.6,6.43,952.6,20.9,49.8,Orange
46.3,13.8,91,28.6,70.9,6.71,982.8,25.5,60.2,Orange
56,17.4,74.9,26.8,80.7,6.93,1031.4,27.9,45.7,Orange
29.1,41.8,88.5,24.3,76.7,6.56,776,26,51.9,Orange
62.1,22.9,73.5,25.7,64,6.49,994.3,22.8,47.7,Orange
69.9,14.4,72.3,24.5,77.5,7.21,708.4,26.5,60.7,Orange
101.8,48.1,55.3,26.6,90,6.27,1231.8,22.6,30,Orange
80.8,19.5,41.2,29.5,73.8,6.26,922.5,23.7,55.5,Orange
73.6,38.8,53.8,25.5,72.1,6.43,703.2,25.3,58,Orange
120,37.3,13.9,24.7,74,6.01,1089.6,32,42.8,Orange
79.1,36,41.9,29.6,74.3,6.59,978,23.7,30.6,Orange
30.6,29.2,69,25.2,57.3,6.45,976,26.9,30,Orange
46.9,31.9,65.1,24.4,85.3,7.5,726,26.6,46.5,Orange
33.4,21.6,108.8,32,63.7,6.85,1074,24.1,61.4,Orange
73.4,32,89.8,24.7,53.3,6,843.9,26.2,80,Orange
91.9,35.6,93.4,29.6,67.9,6.53,1008.9,25.1,30,Orange
68.5,44.4,60.9,22.9,65.9,7.11,1068.4,26.4,53.6,Orange
59.2,40.2,70.1,24.6,62.9,6,1130.4,23.7,50.1,Orange
34.3,33.6,44.5,22.8,76.5,6.26,1005.4,23.9,35.9,Orange
71.9,49.7,81.4,25.3,77.7,6,1380.8,24.4,56.5,Orange
64.1,26.8,74.1,25.5,76.8,6,964.2,20.1,60.5,Orange
82.5,28.3,95.3,30.5,70.7,6.03,1013.4,25.9,56.9,Orange
58,29,52.2,22.2,70.4,6.08,1137.2,22,58.2,Orange
42.8,27.3,58.6,24.2,61.1,6.62,904.6,27.7,51.4,Orange
72.6,39.3,51,27.7,65.1,6.92,600,27.1,47.7,Orange
56.9,26.4,74.2,23.3,77.2,6.63,1024.5,25.7,41.9,Orange
67.2,22.5,88.8,24.2,76.4,7.16,884.5,29.6,47.8,Orange
71.1,38.2,93.2,27.2,83.7,6.3,845.2,25.3,69.4,Orange
67.9,20.3,60.1,30.2,54.1,6.67,1088,28.2,54.5,Orange
77.2,22,21.7,26.3,72.9,6.36,1292,23.4,57.2,Orange
49.1,22.8,45.4,28.5,50,6.35,1400,22.9,47.9,Orange
76.1,27.6,59.2,30.7,66.4,6,781.5,20,43.5,Orange
38.8,20.9,51.6,28.8,63.5,7.13,895.3,20.6,45.1,Orange
69.6,10,56.8,31.2,80.9,7,757.5,25.3,39.3,Orange
52.7,26.1,70.6,30,74.6,6.22,845.9,23.3,55.5,Orange
45.7,15.6,67.2,26.1,74.4,6.37,649.7,24.7,52.7,Orange
95.4,34.6,76.3,20.2,73.9,7.09,628.9,23,37.6,Orange
65.6,43.1,93.1,21.9,56.5,6,1111.6,24.6,59.2,Orange
96.9,17.1,67.9,27.9,71.1,6.87,920.7,29.8,56.5,Orange
61.2,24.5,105.7,27.1,70.1,6,1400,23.1,54.8,Orange
77.8,24.1,88.3,28.6,74.3,6.87,1089.3,27.1,46.5,Orange
60.6,14.4,27.8,28.6,74.5,6.58,960.9,22.7,62.1,Orange
55.1,48.4,59,27.8,57.6,6.53,895.4,25.3,61.2,Orange
110.2,21,62.6,25,79.1,6.84,1213.6,21.3,44.2,Orange
69.3,44.7,60.1,25.3,69.7,6.36,1400,22.7,30,Orange
67.6,26.2,60.5,24,90,6.88,1269.7,26.7,54.7,Orange
65.1,26.8,47.6,27.3,58.5,6.43,1069.8,24.7,64,Orange
25.2,10,54,30.9,63.5,6.25,1253.1,30.5,42.3,Orange
39.5,20.8,91,23.3,52.1,6.53,1148.7,22.5,37.6,Orange
103.6,39.9,85.5,32,70.8,6.01,974.1,22.4,68.2,Orange
64.5,26.8,49.5,25.8,77.2,7.5,1136.4,25.6,37.5,Orange
78.2,30.7,27.8,26.9,61.8,6.68,1153,24.8,63.9,Orange
110.6,46.7,101,27.3,71.9,7.3,812.5,24,78.4,Orange
57.2,48.5,71.4,29.7,76.8,7.49,1122.5,22.7,54,Orange
93.4,39.1,60.1,30.3,63.4,6.46,1292.2,25.5,63.1,Orange
36.7,23.4,95.6,26.3,70.7,6.44,1063,28.6,40.7,Orange
44.6,33.1,75.8,24.1,68.6,6,1367.3,27.5,65.1,Orange
54.6,18.7,110.5,27.1,83.6,6.83,1050.9,23.1,56.4,Orange
49,29.6,87.7,26.8,85.4,7.06,1197.1,25.3,80,Orange
41.8,20.3,66.8,27.1,77.7,6.74,1226.6,26.2,36.5,Orange
83,42.2,83.4,25,79.4,6.27,1322.2,25.2,65.8,Orange
66.3,26.4,56.5,27.5,63.1,6.81,784,23.3,43.3,Orange
69.4,25.4,56.9,24.5,57.2,6.96,801,21.7,48.2,Orange
63,21.3,61.1,27.6,90,6.35,833.2,23.8,49.7,Orange
80.7,34.4,92.2,30.9,73.5,7.04,1048.1,28,58.3,Orange
54.4,32.5,55,27.5,67.2,7.44,915,25.6,62.9,Orange
103.5,29.6,104.2,30.8,50,6.26,825.3,21.9,49.2,Orange
66.3,31.2,57.7,29.6,77.8,6.05,840.2,20.8,52.6,Orange
60.8,22.2,45.1,26.2,79.1,6.76,940.9,28.4,62.9,Orange
102.7,41.1,76.4,31.8,74.3,6.24,1046.8,21.7,55.8,Orange
25.5,23.2,113.8,24.8,89.1,7.5,1040,24.7,53,Orange
59.3,51.2,58.8,26.9,83.1,6.04,1051.1,26.2,56.9,Orange
92,25.7,78.2,25.2,80.2,6,1400,22,64.1,Orange
120,32.7,55.8,32,67.6,6.95,939,27.8,64.9,Orange
80.8,11.8,65.7,25.5,73.3,6.83,995.8,26.9,38.1,Orange
37.4,10,65.5,29,70.1,7.29,943.5,26.4,62.3,Orange
67.1,48.8,53.2,30.2,69.5,6,1011.9,27.3,56.1,Orange
22.1,27.7,48.8,25.8,76,6.54,821,22.8,78.5,Orange
56.4,29.1,55.8,27.5,69.7,7.33,862.8,21.8,61.7,Orange
69.4,13.1,53.4,20.9,64.7,6.45,932.5,26.8,48.7,Orange
98.8,33.6,59.9,23.2,69.6,6.62,1032.4,20.3,53.7,Orange
67,10,58.7,32,56,6.46,782.2,22.7,63.9,Orange
73.6,32,44.3,24.8,64.1,6.82,1118.2,32,42.3,Orange
99.6,41.1,72.7,26.5,57.2,6.47,1095.3,19.2,39.3,Orange
120,41.4,94.2,32,69.1,6.7,1327.1,25.7,38.9,Orange
120,35.3,74,23.2,75.4,6.04,1124.6,26.3,49.6,Orange
46.1,31.9,44.7,27,70.8,6.29,1018.6,22,46.5,Orange
94.3,24.9,98.5,26.5,66.3,6.92,742.5,19.3,30,Orange
70.1,38.9,65.3,25.2,50,7.04,1230.5,20.9,53.6,Orange
83.5,18.9,63.2,24.6,64,6.94,1158.5,23.1,64.7,Orange
58.6,51.5,59.8,20.6,87,6,1074.6,23.2,39.2,Orange
112.2,41.7,81.3,26.9,72.3,7.12,979.5,21.4,44.5,Orange
83.1,43.3,79.1,25.6,58.7,7.09,600,22.1,31.1,Orange
77.9,28.5,88.5,32,68.3,6.46,894.4,22.1,43.1,Orange
73.2,22.5,101.2,32,87,6.25,1156.8,26.1,43.9,Orange
72.8,21.7,101,23.5,71.1,6.93,870.2,23.1,51.8,Orange
64.5,41.2,45.9,28.4,64,6.52,817.4,28.3,49.5,Orange
65.5,30.5,74.6,26.5,77.5,6,871,32,56,Orange
51,33.7,101,25.8,64.6,6,764.5,23.6,49,Orange
76.7,46.1,45.1,26.4,67.9,6,687.4,26.8,42.5,Orange
89.5,31.1,120.3,25,80.4,6,823.6,31.6,52.1,Orange
74.5,35.6,79,25.1,73,6,1139.1,21.5,74.9,Orange
46.6,16.4,97.9,25.2,64.6,6.43,1168.7,24,50.3,Orange
48.3,37.2,99.8,22.3,61.1,6.83,1400,22.7,44.5,Orange
80.1,24,55.5,26.1,85.8,6.64,818.1,32,47.5,Orange
84.2,23.9,64.7,29.2,67.3,7.5,1098.6,23.1,49.3,Orange
58.3,10,56.6,23.3,73.6,6.65,1010,23.3,47.5,Orange
85.5,38.5,84.9,25.6,79.8,6.8,600,26.7,51.7,Orange
53.6,45.5,48.8,32,74.2,6.16,1298.7,26,50.9,Orange
41.3,28.7,26.4,19.2,74.2,6.5,649,27.7,39.2,Orange
87.3,35.4,80.6,28.2,53.3,6.38,866.3,20.2,47.8,Orange
25.7,49,54.3,28.5,64.9,6,1212.9,22.5,60.2,Orange
67.8,18.2,48.4,29,66,6.09,1138.2,21.4,55.2,Orange
55.1,23.4,63.1,29.5,62.6,6.29,861.4,22.8,30,Orange
90.7,40.8,69.7,27.3,50,6.73,1161.4,26.4,60.7,Orange
55.6,54.8,93.2,27.7,70,6.84,931.1,25.3,40.8,Orange
78.4,33,80.6,26.3,60.5,6,1050,28.4,56.5,Orange
64.8,25.5,72.5,26.3,87.1,6.08,977.3,27.1,63.8,Orange
80.7,31.5,102.3,27.8,79.6,6.42,732.9,23.4,41,Orange
67.8,15.9,63.7,27.1,53.8,6,900.1,28,37.3,Orange
68.6,34.1,59.3,23.7,71.7,6.58,980.5,23.6,62.2,Orange
101.5,17.8,51.8,24.2,83.1,6.45,1191.3,29.9,63.3,Orange
71,27.7,57.6,27.8,56,6.69,750,25,32.4,Orange
74.8,46,60.5,24.1,54,6,966.1,19.6,56,Orange
87.7,23.4,75.9,25.3,79.9,6,1075.2,24.2,37.6,Orange
83.6,16.2,79.7,23.1,68.7,6,1311.3,25.2,50.5,Orange
87.5,26.5,81.8,29.6,74.4,7.25,1388.2,25.9,61.5,Orange
86.2,31.1,125.2,27.8,50,6.79,1012.6,25.7,47,Orange
83.4,44.5,80.4,29.2,84,7.12,624.2,25.8,62.5,Orange
59.3,36.2,67.5,25.5,50,6,1178.9,24.2,31.5,Orange
85.7,25.8,67.6,22,68.3,6.46,673.1,23.3,52.6,Orange
72.9,25.9,90.6,25.7,77.5,6.73,838.5,24,54.2,Orange
81.1,27.4,54.2,29.2,70.3,6.98,823.4,26.8,42.3,Orange
96.2,26.8,114.3,26.2,78.5,6.47,1140.3,25.1,42.1,Orange
72.7,22.2,62,28.9,65.5,6,1138.8,24.2,44.8,Orange
54.5,26.5,70.9,24.9,63.8,6,974.4,23.9,59.8,Orange
44.1,28.6,63.1,30.5,66.7,6.47,1061.7,23,47.2,Orange
120,44,68.3,32,77.5,6.02,916.4,28.2,62.1,Orange
63.5,42.1,74.4,22.1,68.7,6.34,1349.6,24.4,45.1,Orange
110.7,30.6,55.6,30.7,63.2,6.54,941.7,21.1,48.9,Orange
54.3,25,60.8,19.4,50,6.89,841,23.6,51.8,Orange
118.4,44.1,56.1,28.2,75.3,6.87,998.1,25.2,40.1,Orange
63.1,43.5,50.7,29.8,55.6,6.28,956.3,24.8,47.9,Orange
93.6,36.3,100.9,26.8,60,5.5,1278.5,21,58.3,Papaya
83.2,71.6,73.7,26.3,69.9,5.5,1044.3,25.8,39.3,Papaya
87.3,67.6,121,26.5,80,5.94,1094.5,18,52.6,Papaya
105.6,79.9,86.4,23.5,69.1,5.5,1148.7,26.6,46,Papaya
107.8,67.5,58.3,22,60.5,5.5,1095.2,28.6,66.2,Papaya
86.1,51,61.5,23.7,67.2,5.5,1155.2,29.2,61.6,Papaya
75.8,71.3,58.5,22.2,63,5.75,1334.5,18.9,63.7,Papaya
118.1,30.7,125.9,24,64.1,5.56,1214.8,24.6,61.4,Papaya
101.8,70.9,94.1,22,62.7,5.94,1271.9,28.7,54,Papaya
88.9,46.9,121.9,26.2,66.3,6.2,1322.9,28.7,42.3,Papaya
105.5,46.8,67.9,28,79.3,5.5,1287.4,24.5,55.2,Papaya
103.4,63.9,50,28,60,6.5,1400,18,46,Papaya
134.9,42.8,83.1,28,60.3,6.5,1153.1,18.7,50.8,Papaya
95.3,57,113.9,25.9,60,6.05,1178.9,20.2,40.9,Papaya
104.3,66.3,83.5,28,64.8,5.5,1400,20.9,62,Papaya
131,39.8,118.8,23.7,75.1,6.11,1100.9,23.8,48.2,Papaya
93.2,65.3,103,25,72.7,6.14,1372.8,26.6,36.2,Papaya
120.1,57.6,92.4,24.1,64,5.5,1189.4,25,56.3,Papaya
109.6,66.9,127.4,25.9,60.2,5.5,1065.6,22.1,47.7,Papaya
130.1,44.7,108.4,22,70.5,5.5,1285.5,30,44.9,Papaya
124.1,64.2,174.8,24.5,61.1,5.97,1180.6,23.5,35.8,Papaya
54.8,62,112.3,28,67.6,5.67,1360.7,25.8,60.2,Papaya
68.9,75.7,98.9,27.7,67.9,6.5,1321.3,26.6,33.7,Papaya
97.4,37.7,54.3,28,60,6.5,1207.8,25,49.8,Papaya
100.5,72.5,71.1,22,67,6.5,1344.3,23.3,51.3,Papaya
65.9,44.3,60.4,22,71.9,6.23,1045.7,25.1,79.8,Papaya
94.7,61.4,97.9,26.4,71.8,6.31,1181.5,22.2,54.7,Papaya
93.8,74.5,63.6,23.5,74.8,6,1400,26,48.6,Papaya
74.7,64.8,72.3,26.1,60,6.5,1114.6,24.4,49.1,Papaya
110.3,45.7,109.3,23,63.5,6.01,1122.1,24.7,58,Papaya
89.2,60.3,87,22.9,60,6.09,1086.2,20.4,75.5,Papaya
92.5,61.3,91.5,27.5,70,6.07,1160,30,61.9,Papaya
50,75.3,50,25.4,69,6.28,1264.2,20.4,48.9,Papaya
99.2,72.4,100.9,22,66.9,5.5,1128.8,28.5,47.4,Papaya
111.6,71.9,88,22,60,6.17,1355,22.6,56,Papaya
108.1,59.2,115,22.8,66.6,5.83,1276.7,23.3,42.6,Papaya
101.5,44.3,87.7,22,71.5,6.5,1035.8,20.3,60.7,Papaya
123.7,67.7,143.9,22.3,61.4,6.5,1000.1,25.2,45.3,Papaya
80,60.6,78.5,24.2,65.7,6.5,1337.5,22.3,49.5,Papaya
92.2,61.4,74.9,27.7,70.5,6.37,1252.4,21.2,42.9,Papaya
98.5,69.5,122.3,22,71.4,6.47,1208.2,22.8,68.8,Papaya
99.1,36.7,54.3,25.5,68.1,5.78,1194.7,29.2,59.3,Papaya
130.6,40.4,55.7,25.5,60.2,5.81,1295.6,25.7,57.5,Papaya
86.7,53.5,161.5,24.4,68.3,5.5,1105.8,20.4,55.2,Papaya
107.5,36.1,169.5,27.9,62.6,6.05,1188.6,24.1,49.8,Papaya
108.2,55.5,71.3,24.7,66.7,6.39,1157.1,20.8,53.7,Papaya
125.9,53.2,111.8,24.9,70.4,5.5,1201.9,23.4,68.4,Papaya
79.8,48.8,109.3,28,74.4,6.33,1400,28.1,62.1,Papaya
87,77.2,129.7,27.1,69.9,6.14,1291.7,22.2,51.1,Papaya
96.8,68.5,129.2,25,63.5,6.07,1174.8,27.2,36.9,Papaya
97.2,34.3,50,22.6,62,5.5,1315.7,23.9,50.2,Papaya
94.6,85,58.3,25.6,63.7,5.54,1228.8,21.9,71.6,Papaya
107,61.9,130.5,26.5,67.5,6.2,1256.8,19.8,64.2,Papaya
86.3,95,101.6,28,67.8,6.43,1051.3,24.4,43.7,Papaya
115.5,76.6,108.1,25.6,69.7,5.76,1163,27.1,43.4,Papaya
73.6,80.6,51.9,22,65.3,5.5,1147.6,26.4,52,Papaya
106.4,49.2,95.3,28,70.4,6.5,1341.2,24.5,46.6,Papaya
106.5,53,130.1,28,62.4,5.66,1331.9,25.5,69.3,Papaya
109,82.5,100.1,22,67.6,6.34,1198.6,27.7,45.2,Papaya
150,40.6,118.5,22.7,66.6,5.5,1163.2,23,35.3,Papaya
99.1,51.9,92.9,23,73.3,6.44,1166.5,22.2,47.1,Papaya
101.4,83.2,63.2,24.9,72,5.87,1223.6,29.2,80,Papaya
117.6,72,157.1,24.5,62.9,6.09,1134,26.6,53.1,Papaya
108.9,89.3,117.1,25,69.2,5.9,1321.4,23.9,39.4,Papaya
97.4,45.2,146,23.6,69.2,6.5,1218.5,30,60.7,Papaya
99.4,52.7,142.2,28,65.2,5.93,1176.9,28.5,39.9,Papaya
50,63.6,124.8,26.8,65.4,6.16,1121,25.3,52.9,Papaya
123.4,71.9,99,22,75,5.5,1263.1,26.6,57.6,Papaya
98.9,81.2,84.1,24.5,67.4,6.38,1221.7,27.3,53.7,Papaya
99,52.2,72.1,26.9,63.7,6.37,1081.5,24.9,52.6,Papaya
123.4,49.7,105.2,28,66.7,5.77,1064.9,30,30,Papaya
113.9,53.1,126.5,28,60,6.5,1066.9,25.1,34,Papaya
86.4,89.5,123,22,60.8,5.5,1325.5,25.9,80,Papaya
71.2,52.9,125.3,26.6,66.4,6.02,1298.9,23.3,49.8,Papaya
54.9,92.6,142.3,25.3,68.8,5.5,1186.7,20.8,63.2,Papaya
84.6,28.2,138.7,24,70.6,6.5,1080.3,23.1,48,Papaya
95.3,35,72.7,26.3,71.7,6.11,1283.4,26.1,34.3,Papaya
92.4,67.9,138.4,22.7,65.1,5.75,1189.3,25.1,45.9,Papaya
73.2,70.6,122.5,27.1,79.5,5.5,1030.1,30,61.2,Papaya
63.5,28.6,94,22,66.8,6.05,1350.4,18,57.5,Papaya
93.6,50.1,82.5,22,71.6,6.5,1088,26.4,52.5,Papaya
92.4,79.7,105.9,25.1,62.6,6.42,1062.3,22,34.7,Papaya
83.4,73,111.1,22,65,5.53,1150.4,30,53.7,Papaya
96.5,76,64.7,25.7,60.4,5.51,1074.8,22.9,51.7,Papaya
150,51.5,110.9,26.1,60,5.8,1226.6,24.3,41.5,Papaya
122.5,64.4,82.4,23.6,74.2,6.5,1100.7,21.4,56.9,Papaya
117,53.3,150.1,23.3,61.5,5.5,1202,24.8,54.5,Papaya
94.9,46.2,113.7,25.9,63.2,5.95,1214.4,22.8,41.1,Papaya
97.2,47,127.6,26.7,60,6.08,1209.4,26.5,35.3,Papaya
73.4,80.1,78.1,25.7,60,5.5,1286.3,24.4,62.2,Papaya
104,61.6,93.1,27.6,60,5.81,1234.4,24.9,51.7,Papaya
74.5,61.7,153.9,28,60,5.5,1400,22.7,63.1,Papaya
98.7,34.3,53.2,27.1,64.2,6.44,1295.5,24.4,47.9,Papaya
99.3,54.7,75.4,27,74.6,6.36,1197.4,25.2,39.4,Papaya
110.5,37.4,103.5,26.8,68.3,5.81,1318.4,24.7,43.8,Papaya
95.2,55.8,67.8,22.8,68.9,6.44,1068.7,23.3,51.4,Papaya
71.7,60.2,96.4,27.2,63.4,5.76,1187.4,22.3,61,Papaya
111.2,34,143.2,26.7,62.1,5.72,1245,27.3,54.2,Papaya
77.9,46.9,75.6,28,62.9,5.5,1339.5,24.1,30,Papaya
104.3,66.5,103.6,22.6,68,6.09,1074.7,26.9,40.6,Papaya
112.9,93.8,79.8,27.9,60,5.5,1126,21.8,44.7,Papaya
98.5,42.9,119.7,24.3,76.8,6.41,1154.5,27,66.4,Papaya
97.1,63.5,96.7,23.2,70.5,5.67,1045.6,21.8,59.8,Papaya
105.6,53.9,71.1,26.7,65.7,5.5,1147.1,29.1,49.4,Papaya
54.4,62.9,71.9,25.9,70.6,5.81,1343.7,28.3,60.6,Papaya
112.9,50.7,102.1,28,63.2,6.43,1222.8,24.7,48.1,Papaya
101.3,71.9,99.9,27.9,70.8,5.91,1148.6,19.7,60.1,Papaya
105.1,60.5,107.4,23.9,63.5,5.89,1300.1,21.3,51.8,Papaya
102,33.7,126,26.9,64.9,5.83,1193,21.8,49,Papaya
57.7,88.8,53.5,26.7,63,6.25,1058.8,20.9,50.3,Papaya
100.4,63.5,125.4,25.4,64.4,5.7,1136,21.9,61.7,Papaya
99.4,42.9,82.8,28,62.6,5.5,1088.6,22.8,60.9,Papaya
111.2,65.3,72.7,22.3,69.4,5.77,1094,25.4,69.7,Papaya
99,72.7,90.6,22,64.6,5.79,1090.9,30,50.9,Papaya
101.4,51.6,50,23.4,60,5.96,1132.9,25.8,47.8,Papaya
113.4,70.3,76.8,25.5,68.3,5.75,1252.9,24.2,41.1,Papaya
86.9,51.9,121.4,28,67.7,5.5,1293,24.6,50.8,Papaya
102.7,51.4,98.4,24.5,62.5,6.29,1121.8,27.9,51.1,Papaya
97.7,59,68.1,22,61.3,6.27,1051.7,23.3,57.4,Papaya
50,64.3,171.4,23,60,5.84,1301.1,27.8,62.3,Papaya
105,76.4,117.4,23.2,63.7,5.74,1178.4,22.4,66.6,Papaya
98.7,65,119.5,28,71.1,5.97,1084.2,21,50.6,Papaya
70,79.9,56.7,28,66.8,6.35,1227,21,41.1,Papaya
106.1,47.4,74.1,25.9,64.1,5.84,1175.9,30,66,Papaya
80.7,58.8,87.6,26.9,65.8,5.59,1247.6,23.4,55.6,Papaya
99.6,52.9,114.5,27.5,65.8,5.61,1288.6,27.1,64.5,Papaya
81.6,65,125.6,28,68,6.5,1239.1,20.1,50.4,Papaya
98.5,100,145.9,22.9,66.6,5.94,1214.3,21.3,64,Papaya
77,60.4,56.5,27.1,70.8,5.72,1193.4,21.1,44.4,Papaya
109.1,100,109.8,27.9,80,6.4,1207.6,24.9,56.3,Papaya
99.5,49.3,162.8,25.6,61.9,5.5,1179.4,26.5,46.3,Papaya
82.1,65.5,64.9,22,71.4,5.5,1274.6,23.6,42.1,Papaya
125.5,76.5,154.1,26.5,62.9,5.84,1037.8,21.3,37.3,Papaya
146.2,47.9,75.3,22,68.5,6.18,1400,22.2,46,Papaya
109.1,68.7,130.6,24.4,65,5.6,1133.3,24.7,30.1,Papaya
68.8,58.9,102,22,64.9,5.97,1224.2,24.3,57.7,Papaya
106.5,64.5,91.9,24.3,67.5,5.83,1285.9,18,67.8,Papaya
124,68.5,120.6,22.4,66.5,5.63,1091.5,24.6,55,Papaya
73.8,55.2,108.5,26.8,60,6.5,1159.3,24.5,49.2,Papaya
100.7,50.6,82.8,24.3,66.9,5.5,1122.4,26,54.8,Papaya
107.5,32.9,112.4,24.8,66,5.5,1096.4,23.5,48.6,Papaya
98,41.8,113,27.3,75.6,5.65,1262.7,21.2,37.8,Papaya
125.2,56.4,138.6,26.3,71.2,5.83,1400,26.2,46.3,Papaya
96.3,48.8,167.9,22.2,60,5.66,1220.9,22.1,49.2,Papaya
105.8,46,118.5,25.2,63.1,5.97,1057.3,22.3,40.3,Papaya
123.6,36.8,59.1,22.8,65.6,5.87,1058.2,29.9,42.7,Papaya
74.6,77.5,114.8,28,66.6,5.58,1018.7,24.1,36.4,Papaya
109.4,65.9,136.5,22.2,65.8,6.5,1373,23.9,63,Papaya
125.1,52.3,92.2,22,67.3,5.5,1189.8,23,63.4,Papaya
99.3,52,125.5,26.6,72.4,5.5,1183.3,24.5,58.8,Papaya
121,61.2,73.4,23.7,69,6.26,1215.3,20.4,58.1,Papaya
96.7,28.6,106.2,28,67.8,5.82,1205.7,26.8,30,Papaya
73.6,88.9,86.6,27.3,71.6,6.23,1337.1,30,60.5,Papaya
145.6,73.9,79.6,26.2,74.2,6.16,1236.5,25.3,44.6,Papaya
121.9,47.1,99.8,22,66.1,6.37,1144.7,22.2,42.6,Papaya
80.6,75.8,91.4,28,60,5.94,1224.3,24.1,52.7,Papaya
72.2,48.8,72.1,23.8,68,6.05,1321.3,27.1,57.5,Papaya
73.2,64.8,64.3,24.1,65.7,5.95,1225.1,19.9,56.5,Papaya
117.5,78.6,168.4,26.4,60,6.09,1107,20,68.1,Papaya
111.6,66.8,108.5,28,64.7,5.86,1204.2,24.8,42.9,Papaya
71.6,65.5,63.4,22,73.8,5.77,1400,23.6,42.7,Papaya
88,94.4,50,28,73.8,5.92,1276.9,22.6,72.2,Papaya
100.5,50.3,137.7,22,60,6.5,1360.4,23.1,56.9,Papaya
101.6,44.9,73.8,27.9,68.1,6.5,1226.2,21.8,52.8,Papaya
83.7,50.2,86.3,24.1,61.6,5.54,1142.7,25.8,37.7,Papaya
94.3,70.8,108.8,22,79.1,6.3,1285.1,21.8,57.1,Papaya
81.5,43.4,73.4,26.3,66.7,6.27,1314.1,20.7,43.1,Papaya
65.7,48.1,50.7,24.5,68.5,6.5,1241.1,25,46.6,Papaya
97.6,53.7,86.8,28,60,6.5,1235.1,26.5,35.3,Papaya
103.3,36.4,93.2,28,64.9,5.73,1024.8,27.5,34.1,Papaya
108.2,43.3,81.2,26.3,65.1,6.5,1093.8,23.2,59.3,Papaya
98.2,63.5,76.7,22.7,60.4,6.5,1208.1,27.4,52.1,Papaya
80,60.7,114.2,28,62.9,5.64,1348.9,20.6,45.7,Papaya
117,70.8,95.9,22,64.3,6.09,1328.8,27.4,52.7,Papaya
121.8,65.1,151.4,22,69.8,5.91,1106.2,24.2,40,Papaya
73.8,76.3,79.2,28,60,6.5,1192.3,22,52.7,Papaya
110.1,62,77.5,27.1,69.8,6.32,1141.4,24.7,30,Papaya
78.5,39,75.4,26.4,68.7,6.5,1100.1,19.7,71.7,Papaya
124.6,68.8,129.6,22,62.1,6.4,1103.9,25.3,43.9,Papaya
61.9,50.5,128.4,22,70.9,5.57,1187.1,25.9,53.1,Papaya
72.7,58.9,69.2,28,69.1,5.63,1228,25,58.6,Papaya
114.1,32.1,108.6,25.6,60,5.5,1271.7,23.3,42.8,Papaya
86.8,50.7,115.3,22,68.2,6.32,1336.8,21.4,62.2,Papaya
100,45.1,108,25,61.7,5.77,1190.7,28.1,73.2,Papaya
115.2,55.9,119.7,26.7,62.3,6.5,1130.8,25,44.2,Papaya
91.6,82.2,148.4,25,66.4,5.5,1163.2,24.3,58.5,Papaya
95.5,45.5,110.3,22,71.5,5.93,1184.9,22.7,53.8,Papaya
128.8,59.1,97.8,22.4,64.8,6.19,1265.4,22.1,48.7,Papaya
110.9,73.3,116.3,25.7,67.7,5.5,1237.2,19.9,53.2,Papaya
93.4,42,143.6,22,65.6,6.47,1121.9,24.3,31.6,Papaya
95.7,78.9,116,22,63.7,5.8,1259.7,30,56.3,Papaya
110.5,69,106.4,22,62.4,6.05,1092.6,23,49.7,Papaya
101.3,60.1,70.4,27.5,66.2,6.5,1205,20.8,53.3,Papaya
100.2,54.9,137.6,22,67.9,6.33,1215.4,26.3,58.2,Papaya
98,41.5,109.1,28,60.6,6.5,1140,25.6,49.4,Papaya
80.7,100,62.4,22,62.9,6.2,1400,22.4,54.5,Papaya
86.3,68.6,166,23.8,60,6.18,1220.8,28.7,49.8,Papaya
103,67.7,66.9,26.4,72,5.56,1253.9,24.7,50.8,Papaya
122.9,48.6,64.3,22,63.8,6.5,1390.2,27.6,63.1,Papaya
117,73.5,110.5,22,67.2,6.04,1000,27.2,58,Papaya
129.9,64.7,86.3,22.9,63.4,5.99,1203.4,18,51.5,Papaya
87.6,71.4,70.4,28,71.3,5.97,1080.8,23.4,66.4,Papaya
80.9,64.8,111.7,23.9,60.1,6.5,1383.2,30,48,Papaya
117.8,42.9,88.8,28,64.5,6.22,1076.6,25.2,55,Papaya
76.6,46.2,86,26.9,70.1,5.5,1290.4,23.1,43,Papaya
129,32.2,66,28,60,5.93,1105.7,23.5,55.3,Papaya
50,60.6,116.5,28,70.4,5.95,1229,26.2,55.1,Papaya
109.4,39,119.6,23.1,69.6,5.74,1161.4,18,38.4,Papaya
97.4,31.6,75,24.4,66.8,6.19,1374.9,24,53.6,Papaya
129.9,56.7,97.8,22.7,70.3,6.01,1170.3,28.1,32,Papaya
74.7,64.3,123.8,26.3,77,5.5,1140.1,24.8,48.3,Papaya
73.3,38.2,84.5,27.1,70.9,5.5,1055,25.2,53,Papaya
105.5,63.1,72.5,22,70.3,6.32,1223.1,24,52.2,Papaya
134.8,48,200,25.8,72.3,6.02,1162,26.8,43.5,Papaya
99.9,45.3,78,26.6,72.4,5.58,1122,23.5,45.5,Papaya
129.3,62.3,98.8,24.1,63,5.5,1009.5,26.6,31.7,Papaya
95.2,59.5,100.4,26.7,65.4,5.57,1192.2,26,37.7,Papaya
54.7,48.4,84.2,28,66.6,6.15,1202.9,30,43.2,Papaya
125.3,76.9,172.1,24.8,61.9,6.36,1122.7,25,47,Papaya
92.6,67.4,101.2,24.3,72.1,6.25,1178.5,23.3,51.9,Papaya
68,68.9,132.7,28,63.5,6.37,1000,23.5,55.4,Papaya
98.8,80.9,152.9,26.4,61.1,6.21,1202.8,24.9,32.5,Papaya
71.8,53.4,83.4,22.2,69.4,6.2,1144.9,21.5,53.1,Papaya
113.2,50.9,102.8,27.3,67.8,5.73,1223.1,28.4,51.9,Papaya
117.3,48.4,93.8,22,64.3,6.5,1213.6,30,53.3,Papaya
105.8,50.6,148.1,26.2,62.8,6.47,1229.5,27.6,58.3,Papaya
119.3,100,101.5,25.7,71.1,5.5,1150.3,29.6,48.4,Papaya
76.5,49.5,131.5,28,70.3,5.82,1142.4,27.2,80,Papaya
108.3,42.3,81.1,22,67.1,6.5,1384.4,22.5,48.9,Papaya
99.3,69.1,63.6,26,60,6.25,1300.6,26.9,43.5,Papaya
75.5,63.2,57.2,24.8,68.3,5.82,1312.5,22.8,56,Papaya
103.6,59.4,67.3,25.7,63.9,5.89,1193.7,21.4,45.1,Papaya
97.2,21.6,122.1,28,67.6,5.78,1098,28.8,61.1,Papaya
98.1,68.5,78.1,26.8,69.7,6.07,1251.2,27.5,50.8,Papaya
123.2,82.9,101.9,25.6,65,5.9,1379.8,24.3,53.5,Papaya
105.2,69.3,79.4,24.2,67.6,6.28,1165.6,24.9,44.4,Papaya
63.1,40,92.8,24.8,66.3,5.72,1237.9,18.3,35.1,Papaya
100.1,69.8,99.7,24.3,70.5,5.74,1187.5,24.6,53.6,Papaya
94.4,43.4,114.4,22.5,61.9,6.11,1145.9,21.5,55.2,Papaya
102.8,58.1,76.5,27.9,61.1,6.5,1117.3,27.1,55.8,Papaya
102.8,35,50,23.7,76.3,5.5,1247.9,24.8,41.4,Papaya
103.9,60.2,58.5,22,63,5.71,1093.3,26.1,60.6,Papaya
108.2,73.2,70.5,25.4,60,5.5,1390.5,22.2,47.5,Papaya
99.6,44.5,78.7,23.6,64.9,6.24,1071.7,23.6,30,Papaya
100.2,37.5,84.8,27.1,69.4,6.41,1252.5,24.3,43.9,Papaya
97.9,59,101.1,24.1,62.9,6.22,1194.1,28.2,31.9,Papaya
114,48.1,129,23.3,67.4,5.78,1267.9,21.6,56.6,Papaya
59,44.8,84.2,28,63.8,6.5,1211.5,26.6,35.6,Papaya
133.4,71.1,58.9,25.4,65.8,5.5,1222.1,29.6,53,Papaya
124.1,33.1,136.3,22.3,62.2,5.86,1315,29.9,54.8,Papaya
113.1,66.8,168.4,22,61.9,6.15,1230.6,30,55.9,Papaya
130.8,58.7,77,22.4,70.4,6.5,1152.9,25.8,61.2,Papaya
88.6,77,106.8,22,62.7,6.37,1195.2,18.4,56.5,Papaya
86,46.1,91.3,22.7,71.7,5.88,1353.3,23.9,49.2,Papaya
72.9,68.6,104.2,25.6,64.6,6,1389,30,40.8,Papaya
99.6,41,147.6,26.2,62.1,6.27,1283.7,20.2,36,Papaya
68.1,66.3,76.8,26.5,60.3,5.5,1044.1,23.7,42.4,Papaya
89.3,43.8,85.7,24.7,62.1,6.37,1218.9,23.1,53.1,Papaya
79.3,70.4,96.4,27,80,6.39,1108.2,25.9,41.1,Papaya
75.9,46.8,59.3,22,60,6.5,1122,22.9,44.2,Papaya
97.6,100,107.9,25,65.4,6.5,1262.9,27.1,49.7,Papaya
88.2,41.9,80.5,23.8,62.7,6.5,1262.4,28,59,Papaya
105.3,37.2,100.2,28,63.3,6.31,1326.8,19.2,45.4,Papaya
103.1,38.5,90.6,27.5,75.1,6.36,1282.1,24.9,54.3,Papaya
117.6,50,102.3,26.9,77.8,6.3,1187.7,22.8,41.1,Papaya
113.5,77.6,107.8,28,60,5.5,1140.1,28.8,67.1,Papaya
66.3,61.9,89.6,26.4,60,6.21,1292.7,18,41.3,Papaya
118.4,78.1,98.7,22.4,70.7,6.2,1321.7,21.2,40.7,Papaya
103.9,86.8,118.3,22,80,5.5,1077.9,19.3,42.6,Papaya
60,26.7,51.4,28,67.6,6.14,1195,26.2,63.2,Papaya
125.8,61.1,100.8,27.8,68.9,6.32,1314.9,25.5,49.2,Papaya
89.1,60.6,75.6,25.3,77.9,6.5,1060.8,25.8,38.9,Papaya
77.3,56.3,96.3,25,70.8,5.53,1207.4,28.4,39.9,Papaya
78.4,43.4,87.2,25.3,69.3,5.73,1184.9,26,42.6,Papaya
107.3,72.8,150.2,26.7,64.8,5.5,1105.5,24.7,52.5,Papaya
76.3,58.6,132.3,28,70.9,6.14,1337.7,23.7,31.5,Papaya
73.9,51.5,109.8,28,60,5.5,1263.4,21.4,48.7,Papaya
97.7,55,104.5,22.7,63.1,5.86,1267.9,29.9,39.7,Papaya
89.1,48.9,130.7,26.1,60.3,5.5,1228.2,28.7,72,Papaya
96.2,42.4,73.8,26,66.5,5.69,1249.3,24.7,55.7,Papaya
87.4,68.7,50,22.5,69.2,6.5,1147.1,21.5,65.9,Papaya
82.9,70.8,95.9,25.6,63.3,5.69,1142.4,25.9,49.1,Papaya
106.2,76.6,81.9,26.4,64.5,6.24,1265,25.5,62.3,Papaya
104.8,52.9,108.7,26,68.8,6.43,1330.9,26.4,62.2,Papaya
91.5,61.2,169.1,26.1,70.9,5.5,1160.1,23.3,40.2,Papaya
130.6,51.9,59.1,23.8,65.8,5.93,1290.9,24.2,55.1,Papaya
113.5,36.4,89.6,26.6,66.3,6.04,1008.4,27.7,61.7,Papaya
90.9,68.8,94.2,28,72.2,5.69,1207.5,24,56.9,Papaya
61.4,32.3,117.7,28,73,6.05,1147,22.1,63.7,Papaya
109.9,50,106.9,28,68.1,5.71,1170.7,29.3,46.9,Papaya
128.9,83.4,50,27.5,62.5,6.01,1364.8,24.3,52.2,Papaya
97.5,54.2,83.3,23.4,71.8,6.5,1211.2,25.5,67.5,Papaya
114.8,41.8,108.7,24.8,64.6,6.5,1312.7,29.6,73.6,Papaya
108.4,64.5,147.1,22,62.2,5.85,1319.4,23.1,48.6,Papaya
96.9,79.8,69.3,23.7,60,5.61,1320.3,23.2,69.4,Papaya
77.1,59.3,126,28,74.3,6.5,1226.8,21.1,55,Papaya
100.1,86.6,106.1,24.8,64.8,6.46,1162,29.4,50.7,Papaya
91.7,44.4,77.3,25.1,77,6.47,1305.3,20.8,59.9,Papaya
120.7,47.2,118.1,25.9,73.5,5.5,1241.5,21.6,59.4,Papaya
62.2,75.5,115.2,24.6,68.9,5.72,1302,22.1,34.8,Papaya
119.8,40.9,106.1,22.9,68.7,6.14,1304.8,23.9,42,Papaya
93,28.6,50,26.3,69.4,6.32,1006.4,27.1,47,Papaya
80.3,50.8,90.9,26.5,63.8,5.5,1267.3,30,35.4,Papaya
108.8,54.5,70.4,28,68.9,5.85,1074.3,24.5,36.8,Papaya
75.1,64.9,145.4,24,67.8,6.47,1165.8,24,51.3,Papaya
82,69.5,147.6,24.5,71.4,6.5,1349.1,21.9,33.5,Papaya
99.9,82.4,59.3,26.4,68.9,5.5,1158.5,24.7,66,Papaya
57.1,40.2,125.5,25,68.6,5.91,1133.5,24.4,58,Papaya
97.2,49.9,111.8,23.3,60.1,6.25,1213.3,21.9,41.2,Papaya
92.1,57.5,97.5,25.3,60,5.5,1127.9,25.7,41,Papaya
135.2,70,95.5,24.1,69.3,6.5,1047.7,26.6,41,Papaya
73,32.9,76.1,23.3,64.7,6.5,1259.1,28.7,57,Papaya
104.1,30.4,115.6,28,69.6,5.5,1107.7,24.5,50,Papaya
122.6,74,80.5,24.8,60.4,5.74,1172.5,22.3,30,Papaya
105.2,69.4,55.3,22.9,64.9,6.5,1231.5,22.3,44.9,Papaya
82.9,52.1,87.9,28,73.7,6.19,1382.9,25.8,36.4,Papaya
119.1,72.1,88.9,25.9,67.6,6.3,1242.5,25.2,68.1,Papaya
112,56,73.7,22,63.1,6.03,1115.6,19.6,57.9,Papaya
119.6,68.6,104.5,28,70.6,5.5,1184.9,22,42.3,Papaya
55.5,77.1,99.4,28,80,5.5,1367.8,21.8,49.9,Papaya
104,65.2,128.1,24.9,68.5,5.94,1117.4,23.8,53,Papaya
113.8,59.6,103.3,22.4,71.5,5.76,1151.5,22,63.4,Papaya
96.6,66.9,111,28,66.4,6.21,1236.3,22.9,47.6,Papaya
111.6,49.9,105.4,26.1,60,6.5,1000,30,39.6,Papaya
109.8,47.9,70.4,26.1,68.6,5.82,1312.5,22.5,61,Papaya
100.6,53.5,75.3,22.5,64,6.29,1210.1,24.1,55.7,Papaya
101.2,66.1,85.7,26,62.3,5.7,1128.6,30,30,Papaya
96.7,82.5,120.6,27.3,64.4,6.5,1234.8,23,41.9,Papaya
134.9,65.1,118.8,24.3,60.3,5.64,1152.7,20.2,44.5,Papaya
106.6,32.2,135.6,28,71.7,6.27,1187.9,23.5,43.8,Papaya
76.2,37.8,131.1,23.5,65,5.5,1091.9,21.6,62.6,Papaya
132.8,79.3,51.4,28,76.8,6.5,1316.5,24.9,55.8,Papaya
75.1,76.5,60.4,27.3,64.3,5.74,1172.4,24,36.9,Papaya
65.8,36.1,138.7,23.1,72.5,6.5,1258.1,22.4,36.2,Papaya
63.6,73.3,120.7,26,64.9,6.3,1298.9,22.2,60.1,Papaya
131.7,20,106.2,22,66.8,6.13,1400,21.7,30,Papaya
108.9,47.3,137.1,26,64.8,5.64,1196.8,23,53.4,Papaya
96.5,67.9,61.8,22,65.9,6,1322.6,22.8,54.4,Papaya
96.7,48.2,93.9,28,69.2,6.5,1148.1,19.8,56.5,Papaya
150,54.1,86.1,25.8,71.8,5.89,1064.4,28,37.8,Papaya
103.6,51.7,67.8,23.6,69.4,5.5,1083.5,24,70.4,Papaya
105.2,86.7,53.3,26.1,60.4,5.5,1181.2,21.4,56.3,Papaya
87.8,71.5,101,28,75.6,6,1080.5,19.9,43.3,Papaya
120.1,38.1,113.6,24.9,67,6.5,1088.9,29.1,48.2,Papaya
112.8,66.2,88.2,22.7,60,5.97,1237.5,24.7,50.3,Papaya
50,45,106.4,27.8,80,5.95,1102,23,53.5,Papaya
113.5,67.9,124.7,26.3,62.5,6.46,1346.5,23.2,39.3,Papaya
116.5,47.6,105.2,28,60,5.75,1281.1,26.4,39.1,Papaya
119.4,50.3,141.3,25,62.3,5.94,1034.6,21.8,30,Papaya
107.2,69.7,124.2,25.1,65.3,5.79,1377.1,21,45.4,Papaya
104.6,70.4,75.4,24.1,66,6.5,1377.4,20.7,80,Papaya
115.3,74.4,134,25.9,67.6,6.5,1048.1,27.9,46.5,Papaya
101.9,62.3,115.2,25,71,6.07,1120,27.1,41.6,Papaya
112.9,63.6,53.2,22.6,68.1,5.71,1190.6,20.4,49.9,Papaya
133.3,69.8,55.2,26,60,5.5,1236.8,25.1,56.2,Papaya
77.8,46.2,109.9,28,63.9,5.5,1197.7,22.8,44,Papaya
80.9,44.1,80.8,28,62.1,5.72,1125.2,23.7,54.4,Papaya
135.9,61.3,138.2,28,61.8,5.5,1286.2,23.4,61,Papaya
106.6,69.4,132.4,26.1,67.4,5.7,1187.5,29,67.3,Papaya
79.5,68.3,85.3,22.7,60,5.5,1305.9,23.6,55,Papaya
87.6,46.3,99.2,25.6,60.1,6.33,1243.9,23.2,38.5,Papaya
132.6,56.6,50,25.5,73.3,6.17,1312.9,26.7,50.9,Papaya
119.4,70.7,80.5,23.9,64.7,5.73,1264.9,22.9,47,Papaya
89.6,60.6,89,26.5,75.4,6.2,1165.2,27.8,59.1,Papaya
115.1,64.9,86.8,26.6,61.6,6.23,1197.2,20.8,56.8,Papaya
121.6,73,87.6,22,63.4,5.66,1244,20.3,54.1,Papaya
127,68.7,99.7,24.6,69.6,6.1,1121.7,23.1,41.7,Papaya
121.1,56.9,72.7,22.1,66.2,5.9,1296,24.6,59.9,Papaya
100.8,53.2,86,28,71.5,6.17,1043.8,25.6,30,Papaya
109.4,51.1,89.5,26.9,70.3,6.39,1233.9,26.8,39.8,Papaya
106.4,71.4,108.5,23.4,70.6,6.42,1207.8,28.2,47.7,Papaya
91.2,62.8,50,28,63.6,6.15,1364.6,21.8,49.4,Papaya
99.4,59.4,165.2,25.7,70.3,5.5,1170.1,21.8,57.6,Papaya
107.8,40.3,116,23.8,65.6,6.17,1199.5,21.4,45.6,Papaya
106,35.9,69.4,27.9,74,6.28,1080.6,21.8,46.7,Papaya
96.6,54.4,108,22,66.9,6.5,1289.1,23.8,55.2,Papaya
80.7,65.1,94.1,25.1,72.8,6.5,1185.1,27.9,55.8,Papaya
123.5,82.2,157.9,28,62.3,5.5,1150.2,20.6,55.1,Papaya
111.9,76.7,86.9,24.1,63.9,5.64,1184.4,25.6,46.3,Papaya
98.1,74.2,112.7,22,64.7,5.5,1126.1,23.7,48.5,Papaya
71.6,59.7,116,28,72.8,5.5,1346.1,26.1,45.1,Papaya
113.3,67.6,146,24.3,68.8,5.73,1175.1,25.2,52.3,Papaya
103.7,57.9,85.1,22,60,5.68,1055.2,30,61.2,Papaya
98,59.9,58.8,25.1,64.6,5.77,1173.5,22.9,55.8,Papaya
103.8,73.2,112,22,67.9,6.29,1237.8,18.5,62.6,Papaya
123.6,49.2,106.4,23.6,67.5,6.5,1207.8,20.1,54.2,Papaya
108.4,64,132.4,23.8,60,6.5,1107.9,30,32.3,Papaya
90.3,70.2,99.1,28,60,6.5,1263.5,23.8,43.2,Papaya
141.9,46.4,97.6,25,69.9,6.12,1165.4,24.8,44,Papaya
98,62.9,78.5,26.1,72,6.5,1160.1,18,40.9,Papaya
70.8,41.1,86.7,25.5,67.3,6.16,1272,23.4,37.1,Papaya
106.5,65.7,113.9,25.5,75.3,6.5,1161.6,24.4,44.9,Papaya
84.5,85,85.8,27.9,63.2,5.61,1159,22.7,49.7,Papaya
115.7,61.4,124.6,22.6,63,5.82,1400,20.7,36.1,Papaya
124.8,42,120.6,22,60,5.89,1272.4,23.8,56.9,Papaya
86.2,46.4,75.1,28,60,5.5,1101.3,22.1,56.5,Papaya
104.6,68.5,70.1,22.9,63.5,6.5,1069.5,23.6,49.1,Papaya
94.1,62.7,50,24.4,66.7,5.9,1199.3,21.6,64.6,Papaya
101.5,49.8,108.6,25.3,76.8,5.64,1183.1,21.3,64.4,Papaya
79.7,61.4,134.7,24.1,64.3,5.8,1156,27.2,39.3,Papaya
120,62.2,86.2,24.7,69,6.13,1078.3,26.7,60.8,Papaya
118.1,62.4,111.7,26,71.3,6.13,1222.9,18,72,Papaya
116,44.1,89.6,22,70.7,6.5,1230.4,24.1,51.1,Papaya
150,45.4,50,22,66,6.46,1324,22.2,54.1,Papaya
93.2,53.9,91.3,25.8,64.7,5.5,1220.8,22.6,41.9,Papaya
59.5,46.4,111,28,65.4,6.34,1218.8,23.9,47.1,Papaya
83.6,58,131.7,24.4,65.5,5.57,1388.1,24.9,46.7,Papaya
50.5,46.3,107.3,26.6,64.4,5.76,1267.3,24.1,47.1,Papaya
87.7,47.2,105.9,24.1,69.9,5.78,1246.7,22.2,51.9,Papaya
150,81,67.7,24.5,70.8,5.82,1162.2,20.3,62.6,Papaya
127.1,39.8,124.7,25.3,66.1,5.5,1112.2,19.5,47,Papaya
50.4,34.9,108.8,22,68.1,6.31,1254.2,26,58.7,Papaya
90.1,58.7,116.4,23.2,61.2,5.5,1312.7,24.9,56.1,Papaya
89.3,59.9,72.1,27.5,65.3,6.31,1224.7,18,41.6,Papaya
111.7,35.4,119.9,26.1,66.8,5.65,1219.3,22.1,55.5,Papaya
136.4,62.2,97.7,22.9,69.4,5.88,1021.9,25.5,44.1,Papaya
106.5,78.2,50,27.6,66.2,5.5,1311.6,22.6,50.9,Papaya
111.1,53.3,103.2,25.7,63.5,6.5,1234.5,23.3,65,Papaya
116.5,50.6,51.4,26.8,67.3,5.5,1232.5,28.4,45.4,Papaya
113.5,69.3,59.1,25.8,68.3,5.5,1375.9,24.2,50.7,Papaya
130.2,66.6,157.5,22.7,61.9,6.19,1098.2,30,49.6,Papaya
81.2,52.1,92.8,25.7,60.2,5.5,1003.8,22.6,60.4,Papaya
61.2,64.2,103.8,27.7,60,6.33,1146,20.7,64,Papaya
123.5,49.9,72.4,23,68.3,6.5,1140.6,28.5,39.9,Papaya
86.1,67.3,106.9,25.1,63,6.02,1216,23.5,48.9,Papaya
117,79.3,120.5,26.7,63.8,6.5,1044.6,22.3,55.7,Papaya
87.8,59.6,111.3,27.2,65.8,6.21,1098.1,25.8,37.9,Papaya
110.4,47.8,116.4,25.1,61.7,6.22,1343.8,21.9,55.4,Papaya
137,83.6,123.6,22.1,66.6,6.25,1163.6,21.7,43.1,Papaya
72.7,80.9,94.6,26.8,65.1,6.5,1143.8,25,58.9,Papaya
110.2,77.1,97.5,22,63.9,6.5,1310.5,23.5,39.6,Papaya
96.3,85.5,98.6,26.9,65.8,5.57,1107.5,25.2,50.9,Papaya
126.6,77.1,146.5,24.6,69.8,5.8,1096.6,22.6,44.5,Papaya
95.3,52.9,124.5,27.6,74.5,6.09,1158.4,23.3,37.7,Papaya
89.3,63.5,112.8,26.5,68.3,6.25,1221.1,23.1,30.8,Papaya
94.4,49.4,50,28,66.2,6.38,1168.8,22,41.3,Papaya
99.6,58.4,128.6,25.3,70.3,5.94,1359.8,30,40.9,Papaya
109.7,29.9,75,25.6,65.5,5.9,1154.3,25.2,30,Papaya
67.9,100,53.1,25.7,64.8,6.14,1094,30,44.3,Papaya
73.4,74.5,59.9,22.2,68.3,6.02,1110.9,21.3,61.1,Papaya
129.2,71,105,28,66.5,6.1,1285.2,27.9,54.9,Papaya
122.6,46.6,64.7,25.9,69.1,5.5,1285.1,27.9,48.4,Papaya
107,55.7,65.3,25.6,64.3,5.83,1102.3,21.6,43.1,Papaya
100.2,35.4,112.9,24.3,63.7,5.5,1168.2,26.4,34.1,Papaya
92.5,73.3,100,24.2,69.4,6.5,1113.9,25.8,40.5,Papaya
81.5,78.4,92.8,27.1,79,6.45,1017.1,27.2,61.8,Papaya
75.2,53.6,105.6,27.5,66.2,6.03,1260,22.2,55.3,Papaya
109.2,56.6,122.9,24,61.2,6.5,1289.6,18,36.7,Papaya
104.6,63.8,97.9,22,64.1,6.5,1184,23.5,35.1,Papaya
86.5,68.1,107.7,27.6,63.2,5.9,1140.6,21.6,49.3,Papaya
105,77.1,118.7,23.5,64.1,5.5,1125.7,22.5,33.2,Papaya
111.4,74.8,62,22.1,70.1,5.5,1198.8,22.5,46.1,Papaya
85.6,50.3,94,22,65.5,5.5,1214.1,22.7,30,Papaya
115,38.1,100.2,28,71.1,6.5,1163.9,22.8,35.5,Papaya
70.5,51.8,267.2,27,76.8,6.27,1500,30.1,34.3,Coconut
72.2,55.6,140.4,27,75.8,6.53,2010.8,25.3,40,Coconut
115.2,41.8,170.5,32,77.2,6.24,1822.6,30.7,55.8,Coconut
87.8,54.7,272.5,32,80,6.99,1913.5,29.3,45,Coconut
92.6,68.2,100,27.5,70,6.69,1500,27.5,56.3,Coconut
101.5,36.5,148.6,27.8,71.6,6.84,1750.3,31.8,45.6,Coconut
108.6,59.8,212.2,29.8,74,6.26,1573.3,22,41.4,Coconut
127.2,58,185.1,29,70,7.21,1584.5,26.2,34.2,Coconut
115.1,51.5,164.5,27.2,72.1,6.02,1596.6,26.6,50,Coconut
129.9,46.9,256.3,28.5,74.2,6.63,1635.8,26.5,58.8,Coconut
104.8,43.2,188.7,31.8,80,6.66,1748.3,32,31.6,Coconut
92,52.3,197.9,30.5,77.9,6.3,1947.6,26.1,34,Coconut
116.4,58.9,195,32,76.5,6.61,1765,28.7,44.9,Coconut
98.7,41.7,100,30.3,80,7.31,2400,31.4,49.7,Coconut
127.2,50.3,164.6,32,71.6,6.78,1500,32,61.2,Coconut
74.6,43.4,173.5,30.5,77,5.81,1883,29.3,71,Coconut
74.3,43.7,204.2,30,73.4,6.95,1560.5,23.6,80,Coconut
106.7,39.1,191.4,29.6,70,5.6,1689.8,29.3,58.3,Coconut
93.6,65.2,142.6,27,80,6.8,1961.1,24.3,46.3,Coconut
105.6,27.7,190.8,32,76.4,6.63,1500,25.4,46.2,Coconut
107.3,36.6,136.7,32,80,6.68,1624.1,31,49.7,Coconut
124.8,55.7,252.3,30.8,76.5,6.83,2063.4,26.2,55.8,Coconut
86.5,72.1,110.9,32,76.4,7.5,1905.5,32,64.1,Coconut
87.6,69.6,202.1,28.1,78.9,7.47,1710.1,31.2,47.9,Coconut
119.7,50.4,223.6,32,70,6.51,2098.3,27,45,Coconut
82.4,51,164.9,27,80,6.47,2085.7,32,58.2,Coconut
96.2,50,261.8,28.4,79.9,6.56,1980.7,26.7,47.5,Coconut
117,78.6,185.5,32,78.3,6.19,1783.9,31.3,40.6,Coconut
111.4,73.8,126.3,29.4,77.6,6.56,1839.5,28.3,52,Coconut
79.6,72.8,282.3,29.9,79.9,6.41,1810.9,25.8,38.5,Coconut
98.5,20,213,32,72.9,6.91,1500,27.7,49.5,Coconut
98.3,29.7,157,28.9,79.7,5.99,1500,31.8,73.5,Coconut
104.6,32.7,222.3,32,76.8,7.04,1771.3,30.7,51.5,Coconut
77.3,48.4,161.5,30.2,75.6,6.78,1745.5,25.9,67.3,Coconut
79.5,46.2,156.5,28.9,77.2,7.5,1756.5,31.9,53.2,Coconut
80.4,63.4,114.8,29.8,80,6.26,1548.2,25.4,41.6,Coconut
94.4,62.4,168.9,27,70,6.65,1500,27.1,41.3,Coconut
95.8,43.2,162.6,31.1,70,6.14,1802.5,27.8,33.9,Coconut
100.3,43.2,191.5,32,70,6.41,1674.9,29.9,41.6,Coconut
112.9,37.3,175,32,80,6.77,2085.8,22,50.1,Coconut
100.4,52.3,176.5,32,77,6.26,1541.5,26.8,49.1,Coconut
112.1,51.4,157.2,32,70,7.41,1500,26.1,49.5,Coconut
62.6,56.5,172.8,27,77.3,6.78,2018.9,27.5,70.5,Coconut
62.7,47.3,179.5,29.1,74.3,7.14,2400,29.6,65.8,Coconut
79.9,42.2,266.8,27.5,76,5.89,1500,30.1,30,Coconut
106.2,46.5,125.7,30.7,70,6.64,2360.4,32,56.1,Coconut
113.2,40.8,219.8,31.7,76,6.17,2116,29,60.9,Coconut
95.7,51.7,210.2,29.5,70,7.11,2104.2,24.1,50.8,Coconut
60,60.7,168.8,27,71.9,6.37,1576.3,31.8,37.7,Coconut
108.5,49.4,238.9,32,76.1,5.7,2168.1,27.4,70.5,Coconut
76.1,48.7,231.8,31.4,79.9,7.1,1779.3,29,38.5,Coconut
78.3,40.1,177.5,28.7,72.4,6.25,1500,28.9,42.4,Coconut
67.3,87.1,185.3,28.7,75.3,5.95,1500,25.9,38.6,Coconut
100.6,49.6,156.9,27,70,7.19,1579.4,31.2,57.9,Coconut
124.5,54.5,200.9,31.5,71.3,6.22,1987.1,28.9,62.9,Coconut
67.2,41.1,258.2,28.6,80,5.5,1500,25.4,47.2,Coconut
115.8,50.4,230.8,32,70,7.09,1559.3,29,52.5,Coconut
77,45.8,227.1,32,78.3,6.03,1514.1,26.6,59.6,Coconut
102.8,36.7,102.8,32,75.4,6.46,2037.9,30.6,36.2,Coconut
100.7,44.7,143,32,74.4,6.99,2008.9,25.3,40.9,Coconut
94.3,33.5,127.5,29,72.2,5.79,2021.2,31.5,64.2,Coconut
78,59.7,183.5,29.9,72.5,6.02,1568.1,32,55.7,Coconut
106.5,70.2,235.9,29.9,71,6.29,1603.3,27.1,30.8,Coconut
77.7,20,259.8,27,76,7.07,1848.3,29.8,39.4,Coconut
83.7,60,142.1,29.7,78.1,6.21,1878.4,32,39,Coconut
88.4,73.4,203.5,32,77.6,6.78,1824.9,23.4,67.4,Coconut
116.1,45.9,197.7,32,74.5,6.17,2010.4,23.9,39.8,Coconut
109.5,69.9,185.4,32,73.2,6.32,1800.3,30.7,43.8,Coconut
111.1,49.2,252.8,27.8,70,7.29,1787.6,25.6,42.7,Coconut
83.5,89.8,136.7,31.9,80,5.58,2400,29.5,46,Coconut
97.8,60.5,186.2,32,71.4,6.07,2244.5,23.3,45,Coconut
125.7,47.7,204.7,30.3,77.5,7.44,2207.2,28.9,55.6,Coconut
113.1,30.7,339.1,31.2,73,6.93,1654.7,28.4,64.6,Coconut
93.8,50.2,131.3,27,71.1,5.74,1500,27.7,35,Coconut
122.3,39.4,186.3,27,73,5.83,2050.3,28.9,57,Coconut
90.5,60.6,258.7,27,72.8,5.81,2102.7,26.1,55.5,Coconut
86.9,59.9,341.5,27.6,70,6.76,2400,28,46.9,Coconut
117.4,23.2,268.9,30.3,73.2,6.77,1500,24.5,45.9,Coconut
107.1,40.1,213.3,30.2,80,6.21,1981,27.7,59.2,Coconut
76.6,65.5,205.9,29.7,80,7.17,2028.8,28,64.6,Coconut
104.4,86.4,220.9,27.1,71,5.54,1773,28.5,53.5,Coconut
110,49.9,125.8,27,72.8,6.63,2067.3,27.2,57,Coconut
87.2,45.2,220.6,30.6,73.7,6.54,1795.6,28.1,55.7,Coconut
65.6,55.4,187.1,27,80,5.76,1809.6,27.4,39.9,Coconut
101.4,39.6,116.6,27,70,6.78,1852.7,29.5,73.9,Coconut
111.2,73.4,202.8,27,77.5,6.25,1805.9,26.6,43,Coconut
117.2,65.7,193.7,29,71.4,6.44,1541.3,32,55.4,Coconut
187.9,51.5,234.3,30.5,71.7,7.03,2111.9,28.2,57.2,Coconut
146.1,58.1,184.8,32,80,6.43,1642,30.2,69.4,Coconut
92,23.5,199.7,30.9,70,6.86,1500,29.5,44.2,Coconut
91.6,20,265.9,29.5,80,6.51,1842,31,50.5,Coconut
110.5,46.4,217.2,29,72.7,7.29,1500,30.5,60.9,Coconut
88.9,45.2,226.4,31.4,70,6.99,1727.5,28.5,34.2,Coconut
93.8,34.4,173,27.6,70,5.89,1887.4,29.9,31.5,Coconut
104.1,56.3,195.1,29.5,77.6,6.9,2400,29.6,46.7,Coconut
130.2,43.1,154.8,30.8,76.5,6.41,1761,32,39.6,Coconut
119.1,85.4,203.7,32,80,7.5,1658.4,28.1,59,Coconut
76.2,42.7,221.8,32,71.6,5.93,1906.8,27.7,56.6,Coconut
117.5,35.5,186.8,31.1,80,7.5,2068.7,32,51.7,Coconut
79.9,61.5,320.2,27,75.7,6.89,1500,22,39.8,Coconut
118.3,49.4,163.5,28.3,76.3,6.48,1500,29.5,47,Coconut
87,67.5,225.4,30.9,79,7,2073.1,23.9,64.1,Coconut
124.9,57,263.1,30.7,75.4,6.11,1940.8,32,47.8,Coconut
115.4,64.5,233.3,30.6,77,6.23,1975.8,23,76.3,Coconut
121.4,28.4,273,32,77.6,6.78,2271.8,29.6,54,Coconut
67.7,23.5,212,27,75.1,5.9,1500,25.8,42.1,Coconut
83.6,37.1,180.2,31.2,70,6.31,1500,25.7,36.1,Coconut
103.8,58.5,148.1,31.4,71.6,6.49,1810.6,32,50.6,Coconut
113.3,20,175.3,27,80,6.25,1778.9,22,60.1,Coconut
102.2,64.1,305.8,27,78.5,6.16,2126.4,28.5,68.5,Coconut
91.3,33.8,205.8,27.8,78.8,6.66,1854,28.8,47.3,Coconut
104.9,39.5,199.7,30,75.6,6.28,1500,29.3,46.3,Coconut
119.8,57.5,170,27,74.3,7.24,1500,28.3,58.7,Coconut
104.2,37.7,122.6,32,70,6.78,1717.2,24.4,53.5,Coconut
108,60.3,273.8,31.4,70,6.55,2228.8,30.3,42.8,Coconut
107.3,46.9,205.2,28.8,70,7.5,2183.3,30.2,31.3,Coconut
75.1,52.2,195.9,27,73.5,6.73,1632.6,24.9,57.3,Coconut
93.9,49.8,177,30.7,74,6.91,1500,22,48.9,Coconut
57.4,35.4,183.9,32,75.8,7,1500,29,69.7,Coconut
127.6,40.1,225.6,32,70,6.32,1500,27.3,50.6,Coconut
109.2,60,178,32,70.9,6.39,1500,27.4,67.7,Coconut
81.9,40.1,155.8,27,73.2,6.74,2046.6,30.7,49.7,Coconut
85.3,51.4,201.2,30.8,77.2,6.41,1918,22,46.3,Coconut
95.4,80.6,221.4,32,70,6.97,1672.9,31.1,62.9,Coconut
109,50.7,241.9,27.3,78.9,6.1,1500,25,53.6,Coconut
109.8,40,111,32,80,6.2,1946.3,30.1,55.5,Coconut
103.1,33.8,146.9,29.2,78.3,7.23,1671.8,30.2,54.2,Coconut
104.6,79,118.5,31.2,75.3,7.01,1968.8,30.1,50.9,Coconut
133.4,38.8,111.6,27.4,73.4,6.35,2173.4,25.7,41.9,Coconut
149.7,58.1,210.4,27,78.9,6.1,2017.3,24.5,66.9,Coconut
127.8,44.8,208.8,28.1,73.2,6.56,1968.3,26.4,72.4,Coconut
75.7,43.1,202.6,32,80,5.62,1984,28.9,60.9,Coconut
88.5,26.7,308.8,27.2,78.3,6.78,1913.6,29.3,50.7,Coconut
82.3,44.1,243.7,27.2,70,6.34,1500,32,31.5,Coconut
100.6,46.4,164,32,80,6.39,1500,25.5,30.5,Coconut
113.6,81.4,184.4,27,75.4,6.22,1690.3,27.4,51.7,Coconut
125.9,34.6,312.9,30.2,71.9,7.5,2033.9,30,30,Coconut
120.9,47,279.2,32,80,7,1758.8,22.3,50.6,Coconut
123.3,50.7,285,30.7,78.9,6,1549,31.2,52.1,Coconut
98.7,48.7,226.7,29.7,76.9,6.46,1919.4,24.6,51.3,Coconut
90.3,39.4,205.3,28.2,77.5,6.85,1647.7,27.8,37.7,Coconut
107.3,46.2,286.1,32,70.9,7.33,1684,32,39.3,Coconut
100.1,56.2,165.5,29.6,80,6.7,1713.1,27.1,30,Coconut
120,44.3,154.3,27,78.6,6.07,1911.5,27.8,52.8,Coconut
122.7,41.4,100,30.6,80,6.27,1882.8,28.8,54.9,Coconut
124.3,41.9,215.6,30.1,70.8,6.55,1889.3,30.7,48,Coconut
127.4,87.2,134.8,29.3,79.7,6.35,1762.6,28.9,46.1,Coconut
99.7,62.8,238.7,29.9,74.1,5.8,2140.5,27.4,43.2,Coconut
110.3,45.3,197.2,27.7,80,6.73,1924.8,24.2,30,Coconut
96.2,29.7,221.2,28.7,80,7.5,1720.1,25.8,30,Coconut
89.9,53.3,184.7,30.8,70,6.14,1570.3,28.3,51.7,Coconut
61.8,52.7,263.7,32,77.1,6.89,1500,26.9,56.2,Coconut
131,21.5,163.6,30.2,75.3,6.9,2168.1,24.7,50.9,Coconut
117,59.6,193.6,28.6,72.9,6.46,1741.3,30.7,59.7,Coconut
62.9,55.2,248.4,32,70,6.27,1790.8,31.1,64,Coconut
118.7,57.1,144.4,27.8,70,6.07,1837.9,30.1,51.1,Coconut
129.1,39,162.4,32,80,7.27,1817.4,27,46.8,Coconut
119.7,61,161.2,32,76.1,6.95,2017,24.7,46.2,Coconut
121.5,57.7,233.4,27,75.6,6.12,2118.8,27.1,49.8,Coconut
117,45.1,259.6,32,77.1,7.15,1500,32,62.4,Coconut
70,85.7,181.1,31.9,80,6.22,1615.9,22.4,57,Coconut
111.5,36.3,289.1,27.7,73.6,6.37,2315.8,28.8,51.3,Coconut
106,24.2,100,30.6,79.9,7.5,1689,30.9,52,Coconut
83.5,34.5,289.2,32,70,6.86,2202.2,29.2,53.9,Coconut
104.9,46.5,163.9,27,76.8,6.79,1879.5,30.1,57.1,Coconut
88.2,88.4,211,29.1,77.4,5.96,1556.5,22,47.3,Coconut
136.1,46.9,387.6,32,80,7.31,1851.9,30.3,39.5,Coconut
104,56.1,270.1,27,70,7.43,1816.5,27.7,39.3,Coconut
132.3,24.2,232.3,32,70,6.53,1500,28.4,41.6,Coconut
90.8,48.3,248.4,28.5,75.3,7.08,1923.5,28.1,50.2,Coconut
63.6,61.5,221.9,27.4,80,7.11,1784.2,26.3,48.6,Coconut
92.1,34.1,144.2,28.3,70.6,6.2,1796.6,27.1,62.8,Coconut
120.8,64.4,100,30.9,74.3,6.79,1952.5,27.7,44.2,Coconut
85.6,34.3,128.1,27.8,72.3,6.47,1594.5,28.3,59.1,Coconut
61.8,34.6,195,32,73.3,6.07,1993.8,28.5,61.4,Coconut
66.6,66.5,180,32,70,6.82,1619.5,26.6,54.1,Coconut
76,42.8,140.8,28.6,74.3,5.61,2400,22,59.7,Coconut
97.9,34.2,188.7,32,80,6.44,1856.3,29.3,35.8,Coconut
99.6,41.6,189.3,28.6,72.5,5.86,2021.6,31.5,41.8,Coconut
71.5,75.1,229.7,27,71.9,6.22,2217.4,28.9,53.6,Coconut
84.5,42.9,170.6,31.6,80,6.79,1639.4,28.5,37.3,Coconut
99.6,45,100,30.8,80,5.75,1500,23.1,59.3,Coconut
81.8,64.8,284,30.6,77.3,5.99,1918,28.4,42.3,Coconut
109.2,50.5,280.9,28.5,80,6.7,2268.8,26.1,38.8,Coconut
103.9,44.3,185.5,31.6,70.7,6.89,2259.6,24.7,54.9,Coconut
80.4,35.4,217.6,31.9,72.4,6.4,1715.6,31.1,56.8,Coconut
59.9,46.9,306,30.1,71.9,6.45,1500,29.8,53.2,Coconut
76.7,69.9,123.2,27,74.1,7.5,1704.5,26.5,52.9,Coconut
135.7,51.1,197.7,30.2,71.6,6.7,1607.6,29.4,63.2,Coconut
82.1,97.5,254.6,27.3,72.5,6.88,2294.3,30,47.6,Coconut
86,79.5,136.6,27,80,5.73,1500,30.4,51.3,Coconut
100.3,31.8,113.2,27.5,80,6.36,1779.2,25,43.8,Coconut
95.5,36.3,188.9,30.2,70,6.13,2110.5,23.7,37.4,Coconut
104.3,37.8,175.6,29.3,78.9,7.5,2220.2,26.5,60.2,Coconut
128.3,54.1,230.9,30.4,71.9,6.73,1670.4,23.8,45.5,Coconut
84,20,125.5,29,70,6.39,1856,27.3,53.7,Coconut
115.2,43.4,122.6,30.2,80,7.5,1851,27.7,51,Coconut
112.1,44.9,224.1,32,80,5.74,2208.4,30.9,67.4,Coconut
106.7,56.1,191.6,31.7,70,6.65,2063.1,31.9,67.9,Coconut
129.7,27.7,100,27,74.4,5.53,2076.9,24.9,73,Coconut
108.7,49.8,126.9,27,70,6.17,1960.2,28.4,79.1,Coconut
101.4,45,170.5,28.5,71.9,6.83,1902.2,29,60.4,Coconut
103.4,46.5,174.6,29.6,76.8,7.44,1714.5,27.8,55.1,Coconut
84.5,78.3,213.5,29.4,70,6.44,1865.4,25.5,54.4,Coconut
102.2,64.2,245.4,31.5,73.8,7.19,1817.7,22.7,58.5,Coconut
86.1,59.1,171.9,31.1,74.1,6.47,2035.4,28.7,39.2,Coconut
82.8,43.8,305.8,27,70,6.86,1962.8,32,80,Coconut
127,45.6,225.4,28.8,76.1,6.35,1706.7,29,50.4,Coconut
74.8,67.4,134.7,30.5,80,7.22,1583.1,22.4,42.3,Coconut
91.9,33.4,278.6,27.4,75.2,6.55,2181.9,30.1,46.6,Coconut
94.8,42.7,138.8,32,80,7.5,1519.6,23.1,36.5,Coconut
96.6,67,100,30.5,70.1,7.5,1861.1,24.3,68.6,Coconut
112,72.2,287.1,32,74.6,6.13,1949.7,24.8,53.7,Coconut
95.9,46.9,105,27,73.5,5.96,2168.4,27.8,38.5,Coconut
105.4,50.7,157.6,32,77.8,7.2,2039.3,30.7,51.2,Coconut
83.9,39.9,200.9,32,74.7,7.12,1770.7,23.9,39.9,Coconut
77.1,63.1,203.7,27,74.6,6.77,2337.7,23.3,45.2,Coconut
68.6,71.3,260.3,32,75.2,6.26,1759.7,22,37,Coconut
124.2,65.8,116.2,29.3,76.3,6.7,1843,29.4,58.4,Coconut
110.3,34.1,241.7,32,74.8,6.87,1756.4,27.9,40.4,Coconut
82.6,46.7,216.6,29,75.9,6.5,1766.9,26.9,50.7,Coconut
117,54.4,189,28.3,80,6.69,1987.4,29.3,50.6,Coconut
88.9,20,214.2,32,70,7.16,2020.3,29.4,56.9,Coconut
94.7,69.9,204.8,28.9,80,6.2,1941.7,25.3,55.1,Coconut
82.4,31,210.3,28,70,7.34,1500,29.7,53.8,Coconut
102.4,100,113.5,27,76.5,7.05,1500,27.5,64.1,Coconut
78.2,71.3,203.2,28.7,70,5.83,1500,29.1,32.9,Coconut
100.8,36.2,253.3,32,76.1,6.94,2085.9,25.1,59.7,Coconut
117.1,60.2,250.7,29,80,6.5,1870.1,26.3,53.6,Coconut
107.2,28.7,261.5,29.9,72.3,5.6,1816.2,32,47.9,Coconut
77.5,65.8,186.9,31.1,80,6.5,1986.2,31.4,61.6,Coconut
103.2,46.2,185.3,27,76.3,6.1,1738,28.6,31.9,Coconut
91.8,48.7,209.6,32,79.1,5.5,1975.4,22,61.8,Coconut
132.6,38,205.8,31.8,71.6,6.31,1742.6,25.7,49.8,Coconut
137.1,38.9,236,31.4,80,6.04,1820.5,27.1,43.8,Coconut
99.6,55.9,223.7,30.3,73,6.99,2143.3,25.4,41.6,Coconut
92.7,20.3,255.7,30.8,70,5.9,1588.6,25.1,62,Coconut
99.9,63.7,196.4,32,75.4,5.5,2122.9,22,50.5,Coconut
90.1,45.6,199.9,28,74.4,6.89,1939.8,25,39.1,Coconut
101.3,45.6,130.8,32,76.2,6.03,1500,27.3,67.1,Coconut
92.1,64.2,248.9,32,78.6,6.77,1874.4,24.6,46,Coconut
133.1,33.9,130.8,28.5,75.1,6.87,1986.4,27.6,45.7,Coconut
133.1,41,262.5,29.2,70,5.5,1757.2,25.7,52.6,Coconut
94.5,58.6,155.6,32,71.7,6.72,1500,26.9,38.1,Coconut
89.6,23.7,166.5,32,70,6.72,1842.6,30.8,35.9,Coconut
69.8,42.2,241.8,32,70,5.99,1500,22.2,54.6,Coconut
82.3,66.7,180.5,31.2,73,6.71,2097,30.7,44.7,Coconut
115.3,68.6,156.3,29.3,73.1,7.04,1584.4,24.2,31.5,Coconut
100.7,44.9,117.1,28.1,72.5,6.31,1783.9,32,50.9,Coconut
88.9,46.1,258,32,74.5,6.75,1500,25.4,52.5,Coconut
99.7,46.1,268.3,32,78.7,7.09,2271.3,24.3,67.2,Coconut
76.7,39.6,217,30.6,74.9,5.94,1500,30,66.6,Coconut
92.5,33.5,167.2,27.2,80,5.79,2312.6,29.8,57.4,Coconut
128.2,47.3,167.3,32,78.3,6.44,1939,27.9,34.8,Coconut
85.4,35.3,264.5,30.9,73.3,6.04,1670.1,25.1,63.3,Coconut
103.1,48,105.9,30.6,80,6.57,2400,26.8,62,Coconut
75.3,81.6,186.1,28.5,71.4,6.07,1805,29.7,43.1,Coconut
88.8,50,209.9,27.1,75.7,6.75,2038.2,29.1,50.3,Coconut
103,52.1,179.5,30.8,70.3,6.95,1644.9,27,64.4,Coconut
121.2,63.6,201.5,28.6,80,6.04,2392.6,26,42.6,Coconut
113,50.2,189.9,31,70.1,6.08,1958.1,23.3,53.2,Coconut
147.2,29.8,258.8,27.4,73.4,6.59,1707.7,25.1,40.1,Coconut
124.7,47.9,230.1,32,71.8,5.73,1500,26.2,62.4,Coconut
130,33.7,231.6,27.7,75.4,6,2400,32,51.1,Coconut
103.7,65.6,223.8,30,78.6,6.37,1500,28,45.6,Coconut
88.3,20,237.3,32,77.4,7.02,1907.8,26.5,33.6,Coconut
91.5,74.7,113.4,31,71.6,6.41,2216.4,32,46,Coconut
50,47.6,219.6,31.7,79.4,5.8,1903.9,23.3,59.4,Coconut
102.2,41,164,28.7,73.3,5.56,1527.9,31.5,38.2,Coconut
133.8,99.3,203.4,27.2,77.9,7.5,1500,28.4,38.7,Coconut
120.4,40.6,229,29.2,70,5.75,1862.7,30.9,50.7,Coconut
99.9,69.8,107.6,30.9,73.6,6,2203,27.1,60.2,Coconut
102.3,46.7,270.2,27,73.4,7.16,1641.3,23.8,58.1,Coconut
93.7,64.4,180.7,27.2,80,6.84,1938.6,25.5,66.4,Coconut
101,57.9,223,30.2,74.9,6.26,1848.5,25,45,Coconut
121.5,39.1,168.9,28.1,70,6.47,1915.3,24.2,40.6,Coconut
95.6,68.3,197.8,29.6,74.4,7.5,2014.5,29.5,77.7,Coconut
104.1,60,239.2,27,70,7.45,1741.6,24.5,80,Coconut
124.5,62,273.1,27,77.5,5.97,1500,29.9,62.6,Coconut
151.6,28.1,181.9,27,75.3,5.96,1554.3,29.7,52.8,Coconut
86,93.9,268.6,27.2,74.5,5.5,1932.2,31.8,55.3,Coconut
91.7,71.3,260.3,30.8,80,6.22,1500,31.4,47.6,Coconut
86.5,38.4,225.7,32,74.8,6.63,1851.7,26.4,47.4,Coconut
200,43.1,264.3,31.1,70,7,1909.6,23.5,56,Coconut
95.7,56.8,201.3,29.1,80,6.21,1823,31.5,52.5,Coconut
124.7,71.3,170.2,30.7,74.1,7.37,1626,28.1,55.7,Coconut
88.8,63,265.1,29.6,77,6.62,1552,24.4,36.1,Coconut
105,50.6,328,31.4,70,7.41,1555.4,32,52.7,Coconut
104.9,56.7,237.7,31.8,73.2,7.11,2154.5,28.3,64.7,Coconut
94.9,59.1,216.9,32,79.9,6.49,1871.2,30.4,49.1,Coconut
82.4,69.5,230.7,29,75.1,7.5,1500,25.1,30,Coconut
135.4,67.3,212.7,32,74.2,6.38,2172.6,31.5,42.7,Coconut
83.4,61.3,217.7,32,75.3,6.51,1930.7,25.9,34.6,Coconut
132.3,51.8,101.2,32,75.1,5.92,1802.9,32,66.8,Coconut
75.5,41.4,211.7,28.2,74.8,7.01,2088.6,30.3,54.5,Coconut
93.3,34,100,30.4,78.3,5.5,1500,28.7,46.5,Coconut
64.4,58,176.2,28.6,78.9,6.52,2242.9,29.4,52.6,Coconut
144.1,34.9,185.8,28.8,76.4,6.68,1500,25.1,54.2,Coconut
68.9,49.6,188.8,31.7,78.4,7.17,2400,26.1,61.6,Coconut
81.5,58.5,100,27,71.6,7.26,2274.6,24.7,52.4,Coconut
80.9,58.8,201.7,29.8,77.1,5.71,1676,26.4,40.9,Coconut
81.2,30.6,184.9,30.6,80,6.44,2047.4,29,32.4,Coconut
95.9,57.3,164.2,32,72.4,6.49,1948,27.5,56.9,Coconut
95.8,54.4,226,27,79,5.93,1539.9,24.9,50,Coconut
110.8,22.7,211.3,32,72.3,6.15,1684.4,31.4,58.7,Coconut
81.1,46.9,215.3,32,80,7.37,1500,25,38.6,Coconut
95.3,67.6,192.9,27,70,7.5,1788.3,26.9,44.5,Coconut
104.2,20,167.1,32,75.5,6.85,1781.3,31.2,63.5,Coconut
102.9,45.3,267.6,32,73.6,6.11,1907.5,26.6,35.6,Coconut
101.3,50.7,187.5,27,78.1,5.99,1884.9,32,53.9,Coconut
92,67.3,124.6,27,71.4,6.95,1654.8,23.7,56.4,Coconut
91.1,32.3,200.3,28,80,6.94,2161.7,27.5,61.4,Coconut
95.8,27.2,246.9,28.3,76.3,6.07,1887.3,29.1,47.1,Coconut
104.5,63.9,181.9,32,73.7,7.05,1979.5,32,33.2,Coconut
126.4,66.6,230.5,32,77.9,6.81,2400,26.1,63.6,Coconut
116,40.1,173,27,78.5,6.92,1619.1,30.4,35.5,Coconut
87.8,31.4,182.6,32,75.6,6.35,2070.7,28.7,40.1,Coconut
200,68.1,201.9,27.5,72.8,7.28,1906.7,29.9,59.2,Coconut
112.9,64.9,221.3,32,79.9,6.5,1736.2,27,42.6,Coconut
108.8,34.6,206,32,80,7.5,1596.4,27,58,Coconut
82.1,35.1,155.4,30.6,80,6.69,1504.1,27,30,Coconut
106.7,37.6,223.1,28.5,80,7.03,1566.5,28.8,45.3,Coconut
111.7,64.8,100,32,75.2,6.17,2400,31.6,57.8,Coconut
109.6,40.2,203.3,32,74.1,6.72,1500,27.6,40.2,Coconut
115.3,37.9,123.1,31.4,76.5,6.11,2175.3,25.3,47.8,Coconut
64,47.8,141.7,32,76,7.14,1898.8,22,36.3,Coconut
77.5,38.5,210.3,27,70,7.05,1897,27.1,54.6,Coconut
82.5,29.2,117.7,32,70,6.65,2225.4,24.7,68.9,Coconut
66.4,58.8,176.6,28.8,73.3,7.19,1764.1,28.4,30,Coconut
87.5,37.4,208.7,32,74.1,7.13,1786.4,27.3,58.2,Coconut
112.1,51.2,126.2,32,80,5.5,1547.2,28.1,35.8,Coconut
118.9,37.1,170.9,32,76.5,6.46,2179.9,22.2,46.7,Coconut
165.1,45.4,215.7,29.7,75.8,7.5,2400,25.6,59,Coconut
88.1,29.9,100,27,73.1,6.64,2032.2,32,64.7,Coconut
102.4,41.6,126.2,28.8,70,6.85,2352,26.6,30,Coconut
110.6,62.3,236.3,30,73.4,7.5,1500,22,46,Coconut
79.7,63.8,174,29.5,71.5,6.38,1857.3,26.6,55.4,Coconut
120.3,66.7,296.3,27,70,5.5,1500,32,66.2,Coconut
106.8,65.7,222,30,70.9,6.68,1773.4,25.9,48.3,Coconut
104,32.8,265.3,27,73.9,5.89,1777.8,24.6,30.7,Coconut
82.5,51.3,141.9,32,70,7.07,1500,29,50.8,Coconut
116.7,63.3,100,27,72.5,6.13,1904.2,28.2,49.7,Coconut
92.2,26,164.5,29.3,79.4,6.68,1661.6,24.4,52.2,Coconut
86,50.9,276.6,28.7,70,6.53,2372.9,24.8,63.6,Coconut
106.4,45.9,200.3,30.1,70.2,6.95,1639.3,32,45.7,Coconut
79.4,64.9,234.7,27,74.9,6.51,1951.5,32,40.1,Coconut
133.1,48.4,128.9,32,73.4,5.9,1731.1,23.1,39.9,Coconut
75.2,56.1,100,31.2,76.6,6.34,1979.5,32,30,Coconut
87.6,25.7,197.5,32,76.5,6.03,1897.9,31.1,37.3,Coconut
95.5,26.6,186.9,32,73.2,6.49,1500,29.8,57.4,Coconut
92.5,35.5,268.7,27,73.3,6.79,1770,26.7,47,Coconut
120.8,69.6,166.4,30,76.7,7.24,2175.6,24.5,59.5,Coconut
66.4,45,155,29.9,74.6,6.64,1850.5,26.6,30,Coconut
74.9,43.1,236.8,28.8,76.7,6.38,1778.1,27.1,53.7,Coconut
95.5,41.9,230.4,29.6,76.4,6.34,1969.3,27.6,44.7,Coconut
117.9,53.8,241.9,27,75.4,6.61,1755.1,23.9,43.5,Coconut
86.5,75.4,205.2,29.5,75.1,6.42,2082.2,23.9,48.4,Coconut
94.5,45.7,147.6,27,79.9,6.62,2011,31.4,39.3,Coconut
80.5,44.9,219.6,30.5,75.3,6.55,1500,27.3,48.2,Coconut
84.7,20,155.1,31.9,70,7.5,1765.9,28.2,42.6,Coconut
102.6,38.2,175.5,31.9,74.4,6.26,1500,23.3,61.1,Coconut
95.9,52.7,265.4,31.1,75.7,6.29,2012.3,26.1,54.5,Coconut
80.1,25.6,226.2,27,75,5.5,1810.5,26.7,56,Coconut
103,20.9,216.4,32,70,6.69,1841,28.1,57.2,Coconut
124.2,58.7,177.8,28,74.5,6.82,2400,27.8,41.3,Coconut
121.3,49.7,207,32,74.5,6.69,2027.7,31.7,46.5,Coconut
90,58.5,216.7,28.8,70,6.31,1500,28.7,55.3,Coconut
77.8,35.2,240.3,32,80,6.4,2393.6,22,31.9,Coconut
70.6,68.8,214,30.7,70.1,6.91,1807.7,26.9,43.4,Coconut
86.9,40.4,208.9,29.4,76,5.65,2019.1,31.4,53.9,Coconut
64.4,35.4,327.2,32,73.6,6.85,1991.1,27.9,46.9,Coconut
76,80.1,254,32,70,7.5,2141.9,32,55.4,Coconut
100.4,44.8,228,27,73.5,5.55,2020.4,23.3,39.4,Coconut
131.3,58.4,196.6,32,73.3,7.26,2199.3,24.5,59.9,Coconut
99.8,45.1,191.5,30.3,71.2,6.1,1745.3,22.9,34.5,Coconut
89.3,54.2,209.9,32,75.9,5.7,1863.9,31.4,66.3,Coconut
92.3,73.8,237.4,32,70,5.97,2076.8,29.5,65.1,Coconut
80.5,43.4,131.3,28.3,70,6.24,1964.9,29.1,34.9,Coconut
70.5,63.9,216.4,29.3,73.3,5.9,2400,27.3,42.3,Coconut
105.1,56.3,213.1,32,71.8,6.37,2245.4,30.6,32,Coconut
103.2,54.7,213.3,27.8,70,6.57,1887.6,31.6,30,Coconut
80.8,34,273.6,32,75,6.6,1857.9,22,45.9,Coconut
74.8,68,198.1,29,72.2,5.77,1704.7,32,53.6,Coconut
100,34,170.7,31.4,72.2,6.97,1500,26.5,38.1,Coconut
118.7,60.8,259,32,73.5,6,1500,25.4,54.3,Coconut
104.6,60.2,165.2,27,73.8,6.4,1500,26.3,51.3,Coconut
50,67.1,278.2,31.1,75.6,6.96,1784.6,28.9,64.3,Coconut
89.7,31.9,228.3,31.6,70,6.43,1870.3,32,43.1,Coconut
113.2,45,123.5,27,80,5.97,1652.8,28.3,49.1,Coconut
91.8,36,116.2,32,79.4,6.37,2400,29.7,50.7,Coconut
154.3,58.6,223.3,29.2,80,6.51,1923.9,24.8,57.2,Coconut
135,77.6,193.5,29.2,70.2,5.95,1785.4,22,51.2,Coconut
116.1,34.5,275.8,32,70,6.15,1617.1,26.4,57.2,Coconut
63.6,30.6,219.3,29.5,70.2,6.23,2121.7,29.1,45.4,Coconut
97.1,35.1,208.4,32,70,6.68,1626.6,25.5,46.1,Coconut
81.7,43.7,110,28.4,73.4,6.97,1853.6,32,53.7,Coconut
82.2,85.3,162.6,31.1,77,5.66,2103.7,26.5,46.4,Coconut
143.5,51.8,107.1,27,70,5.73,2042.3,25.5,58.9,Coconut
90.1,34.4,187,31.6,80,6.89,1758.5,25,60.5,Coconut
101.5,60.4,206.2,27,70,5.81,1545,22.7,50.2,Coconut
137.6,62.7,227.1,27,70.7,7.5,1567.2,29.6,39.9,Coconut
99.2,64.1,146.4,27,72.6,6.5,1877.7,28.3,30,Coconut
117.9,45.9,247.8,30.6,72.4,6.19,2400,26.2,44.9,Coconut
93.2,60.3,181.3,27,79.5,6.65,1500,26.5,44.9,Coconut
102.5,23.1,143.7,27.3,80,5.94,1796.4,31,48.1,Coconut
102.2,37,107.9,32,79.9,6.16,1548.9,31.6,49,Coconut
65.1,34.5,126.1,29.8,74.7,7.03,1503.3,22.9,58.9,Coconut
89.8,66.8,261.3,27.8,72.8,6.47,2400,27.6,56.3,Coconut
117.9,77.2,147.6,32,80,5.65,1500,25.1,42.6,Coconut
84.7,53.4,244.1,27,80,6.99,1996.7,25.7,51.3,Coconut
109.2,46,169.2,30.2,70.4,7.38,1657,30.9,47.5,Coconut
103.5,31.3,183.3,32,74.1,6.46,2045.9,23.4,56.8,Coconut
106.5,49.9,198,27.3,76,7.37,1886.8,27,52.5,Coconut
114.8,25.3,242.4,32,77.8,7.23,1500,26.6,58.8,Coconut
132.8,39.9,171.4,31,80,7.34,1975.2,28.3,33.5,Coconut
104.3,75.3,159,31,70.3,6.46,1835.9,31.4,70.8,Coconut
103.3,54.8,151,32,70.3,6.76,2175.8,32,61.5,Coconut
94.8,20,233.2,29.2,74.8,6.84,2059.4,29.5,45.5,Coconut
131.7,29.6,180.3,32,74.6,6.36,1607,30.1,44.1,Coconut
107.7,54.9,235.6,32,75.8,7.15,1691.8,31.5,76.1,Coconut
82,33.7,226.2,32,80,6.01,1770.3,28.8,55.8,Coconut
102.8,51,209.4,31,80,6.14,2226,24,64.7,Coconut
121.3,84.2,155.8,27.9,72.5,6.96,1965.9,28.7,38.7,Coconut
132.7,54.4,178,31.5,77.7,7.5,2165.4,27.3,60.2,Coconut
200,39.4,137.4,27,75.1,6.83,1913.5,31.9,59,Coconut
130.1,71.8,182.8,27,74.9,6.36,1500,28.7,35.1,Coconut
55.2,68.6,239.4,29.9,72.7,7.5,1868.4,30,80,Coconut
107.1,44,203.5,27.9,70,7.5,2047.6,32,54.4,Coconut
63.6,41.4,147.2,30.4,70,6.31,1637,32,52.5,Coconut
110,47.4,194.5,28.7,77.3,6.44,1770.9,27.6,52.6,Coconut
70.8,20,193.6,31.2,75.9,6.09,1500,29.6,50.6,Coconut
111.5,50.1,167.2,28.7,79.4,6.75,1500,27.6,44.3,Coconut
65.2,55.9,275,28.4,76.5,7.5,1744.3,23.3,43.3,Coconut
108.3,30,191,32,80,6.47,2229.3,25.5,46.4,Coconut
118.1,45.9,231.3,31.2,79.4,5.65,1793.7,32,59.7,Coconut
94.7,40.9,143.1,30.4,73.3,6.22,2330.2,29.9,45.9,Coconut
110.2,43,141.2,27,80,7.33,1738.2,32,33.2,Coconut
114.6,44.2,161.5,32,76.8,6.75,1729.4,32,48.5,Coconut
104.6,63.4,263.9,27,73,6.49,2000.1,29.5,52.4,Coconut
105.8,33.4,234.9,32,72.3,6.55,1793.5,28,71.6,Coconut
114.9,20,187.7,31.3,70,6.13,2400,30.1,48.4,Coconut
98.6,79.9,171.5,27,75.6,6.22,2004.9,27.1,38.9,Coconut
79.9,65.2,202.3,27,73.7,6.15,1574.1,27,45.7,Coconut
103.9,40.6,266.6,27.2,73.9,6.98,1936.6,31.2,37.4,Coconut
117.3,54.4,267.3,27,80,6.21,1978.1,25.2,32.6,Coconut
57.7,56.5,209,27.9,70,6.36,1730.8,27.3,50.5,Coconut
86,65.9,242.1,32,73.8,5.55,1705.8,28.9,48.8,Coconut
74.2,49.7,192.6,32,80,6.57,1634.7,26.4,59.5,Coconut
92.5,65.2,181,27,73,6.89,1500,24.9,66.5,Coconut
84.2,62.5,211.2,32,78.7,6.5,2321.5,30.3,50.4,Coconut
111.3,42.6,185.7,29.7,76.4,6.84,1576,30,53.6,Coconut
93.8,39.5,201.9,31.2,73.7,6.36,1812.1,32,54.9,Coconut
96.5,36.3,128.7,27,75.2,6.38,1704.1,28.1,57.4,Coconut
115.3,39,194.2,32,77.5,7.5,1820.4,29.4,50.9,Coconut
200,30.9,100.8,30.3,40.5,7.28,624.9,24.9,26.3,Cotton
120.1,52.4,33.2,29.5,59.7,6.87,643.1,27.4,36.6,Cotton
157.1,39.6,75.8,29.5,50.4,6.37,747.5,27.1,38.7,Cotton
102.8,41.5,92,32,52.8,6.24,688.3,24.9,18.2,Cotton
137.1,36.6,67.3,27,36.8,6.43,696.5,30.9,24.4,Cotton
200,53.7,52.4,27,68.9,6.39,547.9,26.2,37.3,Cotton
139.3,25.6,66.5,31.1,54.5,6.91,503.3,22.9,14.1,Cotton
148.5,22.8,97.1,27,39.4,6.58,406,23.7,32.7,Cotton
176.2,47.4,71.9,32,34.2,6.92,615.2,22.6,17.4,Cotton
158.4,42.8,79.4,27,58.6,6.66,744.6,23.5,55.7,Cotton
195.3,28.3,106,31.6,33.2,6.81,531.9,31.5,27,Cotton
176.8,51.3,52.3,32,64,6.03,487.7,31.6,30.2,Cotton
141.3,24.2,88.4,27,44,6.44,690.4,30.6,24.8,Cotton
164.3,46.5,75,28,50.4,6.82,645.8,31.7,26.4,Cotton
176,32,93.9,30.9,44.6,7.29,604.1,29.3,10,Cotton
117.7,40,73.5,32,55.2,7.33,460.5,26.9,37,Cotton
178.9,30.7,72.5,32,52.1,6.63,653.5,32,45.5,Cotton
140.8,35.5,63.7,27,40.6,6.95,715,32,33.5,Cotton
142.3,46.4,107.4,31.8,48.5,7.04,490.7,30.6,18.9,Cotton
109.8,18.8,97.9,30.5,62.1,6.5,672.3,27.1,33.9,Cotton
175.3,41.3,80.1,27,54.1,8,667.5,27.8,26,Cotton
169.4,54.1,88,27,40.5,6.95,584,20,38.7,Cotton
147.5,49.6,65.9,30.4,44.7,7.28,637.4,29.4,44.1,Cotton
80,17.7,89.2,29.1,39.1,7.74,509.3,29.7,34.4,Cotton
153.1,55.9,85.9,30.8,34.1,7.44,518.6,27.7,27.3,Cotton
168.1,29.7,88.4,30.6,42.6,6.04,626.8,24.5,26.5,Cotton
129,60,84.2,29.3,39.2,7.65,698.1,29.5,40.5,Cotton
97.4,36.2,68.4,32,65.8,7.56,566.8,27.8,15.7,Cotton
191.1,28.6,103.3,32,61.9,7.04,688.1,28.1,20.5,Cotton
151.4,38.5,66.3,27,45.5,7.23,417,27.3,32.8,Cotton
111.7,40.8,84.6,31.6,49.8,7.73,722.1,26.1,46.6,Cotton
113.6,29.4,62.1,29.7,42.8,7.04,400,30.8,27.3,Cotton
169.6,20,72.3,32,37.3,6.7,472.2,20.6,51.1,Cotton
124.6,42.4,84.8,32,51.7,7.26,590,28.4,29,Cotton
108.3,55.9,70.7,32,70,7.35,434.1,27.9,29.3,Cotton
145.3,49.7,103.7,32,54.7,6.54,524.9,26.1,21.7,Cotton
109.8,33.1,88.6,30.9,38.2,7.36,537.4,23.9,31.2,Cotton
136.3,58.3,72.8,31.8,56.3,5.87,468.1,21.9,42.4,Cotton
173.3,37.5,56.3,31.4,57.2,6.92,599,28.1,22.7,Cotton
127.4,32.6,58.4,28.6,51.5,6.77,400,25.7,41.1,Cotton
166.7,20.8,88.1,32,70,7.12,587.9,23.8,36,Cotton
168.6,32.6,68.4,29.2,39.9,6.9,693.3,29.1,41.6,Cotton
133.9,28.4,66.9,32,47.2,7.24,568.3,20,23.7,Cotton
170.3,32.2,75.1,27,43.2,7.03,543.2,28.5,35.2,Cotton
198.6,39.5,79.3,32,46.9,7.2,761.6,29.8,39.1,Cotton
87.2,25.1,76.1,32,58.2,7.74,588.8,28.5,45.7,Cotton
147.4,28,58,31.9,67.8,7.34,576.5,28.2,23.1,Cotton
200,34.8,111.3,29.9,68.5,6.68,605.5,27.2,15.6,Cotton
128.3,35,73.8,32,58,6.99,628.8,26.1,16,Cotton
144.4,40.3,70.2,27.8,38.3,6.56,547.8,25.6,42.1,Cotton
153.1,38.7,85.4,32,41.1,7.15,406,22.1,18,Cotton
97.1,33,80.9,28.3,52.8,8,1000,28.6,29.8,Cotton
174.1,32.5,71,28.5,70,6.21,631.7,32,37.1,Cotton
126.8,30.1,146.1,31.4,55.7,7.47,732.7,25.1,36.8,Cotton
172.1,31.6,90.6,27,43.5,6.79,628.2,28.8,29.1,Cotton
151.4,49.2,47.6,30.3,54.6,7.01,896,29.5,23.8,Cotton
154.5,30.9,54.4,27,50.8,6.68,667.1,29.8,19.7,Cotton
168.2,32.6,72.4,29.5,55,7.19,554,27.2,10,Cotton
160.7,55,93,28.7,44.6,7.43,432.9,31,36.4,Cotton
169.9,24.7,92.5,31,47.3,7.71,717.9,30.8,46.5,Cotton
199.3,21.8,66.5,29.2,53.6,7.23,557.7,25.2,24.2,Cotton
109.7,42.1,65.4,27.4,55.6,6.76,594.6,28.5,21.8,Cotton
169.5,32.9,66.2,32,61,6.65,593.1,20.7,34.8,Cotton
140.5,52.2,57,31.2,44.7,7.09,588.9,24.2,24.8,Cotton
135.7,24.4,86.5,27,47.4,6.42,483.8,31.6,27.8,Cotton
181.6,50.2,75.6,30.2,44.9,7.72,722.3,29.7,34.4,Cotton
80,36,77.1,31.7,38.7,6.9,546.6,26.7,10,Cotton
200,29,111.3,27,43.4,6.91,640.5,21.3,28.6,Cotton
151.3,34.5,64.4,31.9,47.5,7.17,663.8,32,40.5,Cotton
156.9,58.2,100.9,32,44.1,7.65,427.7,27.4,42.1,Cotton
136.9,54.2,92.8,32,54.2,7.11,620.2,25.6,22.9,Cotton
183.6,54.9,95.7,31.9,56.4,6.48,671.1,28.2,43.5,Cotton
168.4,60,83.9,32,70,6.62,547.9,25.9,24.6,Cotton
135.1,23.5,68.7,27.2,35.3,6.81,456,28.8,33.3,Cotton
135.7,37.6,79.9,27,53.4,6.64,502.8,28.8,35,Cotton
160.4,41.1,95,32,47.3,6.3,682.5,24.3,27.8,Cotton
178.5,42.9,64,30.5,44.4,6.81,595.3,26.7,33.3,Cotton
161.2,37.9,80.4,29.4,59.5,6.96,547.5,27.2,41.8,Cotton
192,45.9,72.8,30.4,37.4,7.16,543.8,23,49.1,Cotton
118.6,34.4,107.5,29.6,64.9,7.42,543.9,23.1,33.5,Cotton
192.6,50.4,30,29.1,52.9,6.19,629.3,28.5,12.6,Cotton
125.7,26.5,86,29.5,66.2,6.55,914.9,28.3,32.2,Cotton
161.3,21.5,34.3,30.2,53.6,6.71,565.1,29.8,14.3,Cotton
167.6,58,62.9,32,57.9,8,423.3,30.8,31.8,Cotton
150.7,38.1,89.1,32,39.4,6.64,637.5,27.1,37.9,Cotton
156.5,52.4,74.1,28.6,38.8,8,615.5,26.1,10,Cotton
132.7,35.3,51.8,27.6,36.2,5.5,583.8,28.7,36.6,Cotton
150.7,18.5,108.6,30.9,43.9,7.78,564,25.8,37.2,Cotton
161.4,40.9,75.7,31.3,46,7.73,679.8,26.2,30.4,Cotton
163,38.4,85.4,27,48,6.99,400,27.8,28.4,Cotton
148,44,79,31.2,54.1,6.26,823.9,26.2,37.4,Cotton
182.6,26.7,90.9,29.4,55.1,5.93,602.6,29.7,31.2,Cotton
96.3,56.4,111.9,31,53.3,6.94,809.6,27.2,34.2,Cotton
127.6,38.1,80.3,31.1,46.3,6.99,492.7,27.6,21.8,Cotton
183.2,48.9,87.1,32,63.3,6.83,687.3,29.3,37,Cotton
142.5,34.7,60.1,31.1,57.7,7.22,646.9,30.2,42.7,Cotton
125.9,30,97.4,31.6,50.1,6.49,477.3,26.1,33.6,Cotton
90.3,42.8,150,29.8,61.8,7.17,698.1,32,44.7,Cotton
168.6,58.8,102.7,32,41.6,6.96,654.7,32,18.1,Cotton
121.9,39.3,86.8,30.5,70,6.31,564.4,29.6,18.9,Cotton
177.8,32.2,50.3,31.3,38.1,5.63,595.2,32,27.1,Cotton
138.4,37.3,107.7,31.3,54.9,8,599.1,30.2,47.3,Cotton
153.9,27.6,59.3,29.3,62.2,7.5,694.1,25.3,25.8,Cotton
163.2,35,49.8,31.6,38,6.69,549.4,28.4,25.5,Cotton
123,39.4,74.2,30.3,50.8,7.29,549.2,28.9,33.8,Cotton
153.2,30.1,60.8,27.5,59.6,6.14,722.7,31.8,31.4,Cotton
157.9,60,60.7,32,51.7,7.74,466.2,26.7,17,Cotton
84.6,46,93.2,30.8,53.3,6.91,611.2,27.7,35.7,Cotton
168.6,46.2,47.5,27,56.5,6.23,581.2,26.2,39.2,Cotton
165.3,40.8,62.3,30.4,45.1,6.69,794.4,24.8,26.2,Cotton
134.8,29.9,107.8,27.7,43.2,6.84,720.4,31.5,19.7,Cotton
200,42.7,63.2,32,30,7.41,555.9,24,19.5,Cotton
155,30.2,74.6,32,49.4,6.76,572.1,29.2,30.8,Cotton
171.8,43.4,87.7,27,57.4,6.95,653,27.8,32.4,Cotton
166.9,30.9,62,31.4,42.1,6.8,642.6,20,36.6,Cotton
167.4,13.9,101.2,30.8,48,7.29,556.2,30.2,40.4,Cotton
170.2,60,119.5,32,54.3,6.88,523,25.8,32.8,Cotton
164.2,43.7,62.2,32,54.9,7.36,459.6,31.8,33.5,Cotton
134.8,37.3,69.3,27,52.1,7.88,558.1,30.6,29,Cotton
122.2,38.2,90.9,32,51.4,6.57,489.3,30.5,32.7,Cotton
149.4,60,87.6,29.7,59,6.48,513,25.6,26.6,Cotton
135.2,25.7,41.1,27,43.8,7.09,574,26.4,23.9,Cotton
123.7,23.7,48.2,27,57.6,7.29,757.6,30,41.7,Cotton
156.3,48.3,74.5,31.5,39.9,6.46,485.1,27.4,24.7,Cotton
174.1,54.9,95.7,28,40.3,6.82,530.3,31.4,57.1,Cotton
158.7,39.7,86.4,27,53.6,7.1,577.3,26.7,31.8,Cotton
167.8,29.7,94.5,31.7,48.8,8,598.1,29,36.4,Cotton
120.7,27.5,31.3,27.2,70,7.26,631,27.2,47.2,Cotton
161.6,29.3,100.7,29.5,43.4,6.97,434.8,28.1,18.2,Cotton
159.8,42,99.3,29.6,41.5,6.09,561.1,31,27.3,Cotton
200,41.7,53.7,27,68.4,7.09,697.1,30.2,13.9,Cotton
176.6,29.4,76.1,31.7,49.9,7.39,635.2,27.5,31,Cotton
175.4,22,42.2,32,47.5,7.59,552,27.2,42.9,Cotton
181.7,39.7,103,31.7,50.9,7.07,554.8,31.4,16.1,Cotton
200,32.6,72.2,27.5,39.9,7.35,679.2,31.1,44.3,Cotton
128.4,52.7,66,30.5,36.9,6.57,712.4,28.2,47.7,Cotton
168.5,15.7,78.1,32,45.9,7.03,462,28,25.3,Cotton
144.1,25.4,60.1,28.8,67.1,6.83,569.8,32,18.8,Cotton
169.8,28.3,67.7,32,52.9,8,527.7,30.9,30,Cotton
160,45.3,62.5,29.6,33.1,6.69,512.1,23.1,55.6,Cotton
147.2,45.4,73.5,32,44.3,6.92,582.9,27.4,44.5,Cotton
158.1,42.5,72.2,30.8,55.7,6.63,567.2,24,25,Cotton
139.4,41.8,69.5,28,51.9,8,503.2,29.6,22.1,Cotton
163.1,37.6,105.3,29.6,50,6.41,586.3,26.6,19.5,Cotton
126,25.2,50.6,32,52.3,6.46,526.7,31.8,29.5,Cotton
191.1,30,97.6,27,57.9,6.66,619.4,25.8,16.3,Cotton
154.4,42.9,82.6,28.9,48.2,6.91,541.4,28.2,37.9,Cotton
106,19.7,66.6,32,30,6.75,649.1,31.1,28.9,Cotton
168.5,25.6,67.3,32,59.9,6.73,485.6,28.8,40.2,Cotton
200,41,84.1,32,52.4,7.05,494.4,24.1,16.7,Cotton
110.8,47.4,79.4,32,47.7,7.56,579.8,25.9,14.1,Cotton
133.7,19.7,81.7,30.4,57.5,7.22,724.1,30.8,28,Cotton
174.7,52.6,97,27.6,33.4,6.27,586.3,23.7,49.4,Cotton
143.8,53.5,81.2,31.7,41.7,7.23,543.7,20,35.2,Cotton
133.8,48.2,88.6,27.1,53.5,6.96,801.2,25.5,30,Cotton
108,20.7,91.3,27,41.5,6.76,537.7,32,10,Cotton
133.1,54.9,86.7,31.8,39.2,8,678.1,28.5,20.6,Cotton
148.4,48.6,88.8,28.3,50.4,7.56,563,32,25.2,Cotton
157.1,37.6,108.7,32,51.6,6.93,461.3,28,30.1,Cotton
80,44.6,73.5,32,51.3,7.63,683.5,26,41.4,Cotton
144.6,47.8,78.8,27,52.5,7.81,511.8,24.8,28.9,Cotton
158.9,42.6,32.4,32,60.7,6.16,666.7,24.1,14.5,Cotton
163.2,29.7,55.5,31.2,60.1,6.36,576.2,28.9,17,Cotton
144.6,34,82.4,31.1,48.7,6.32,466,27.5,51,Cotton
148.7,59.1,89.3,32,38.1,7.4,524.5,29.8,39,Cotton
160.3,45.8,115.8,28.3,52.3,8,590,27.2,28.6,Cotton
117.2,34,89.3,27.1,45.8,7.68,652.1,27.6,31.2,Cotton
169.4,38.9,77.5,31.7,62.3,7.98,496.2,24.7,24.7,Cotton
151.3,34.2,92.4,31.3,30,8,567.3,29.6,37.1,Cotton
180.7,54.6,50.2,30.6,45.1,7.53,609.2,25.2,50.6,Cotton
165,54,74,28.6,59,7.49,662.7,32,31.5,Cotton
151.1,36.4,75,32,60.5,6.83,439.4,27.5,43,Cotton
115.1,31.9,45.3,31.5,53.7,6.42,400,24.7,37.1,Cotton
141.5,51.6,70.6,28.6,38.3,7.15,721.8,22.7,36.4,Cotton
174.8,36.3,87.5,32,60,6.85,808.1,27.3,23.7,Cotton
104.5,42.2,71.4,27,46.6,7.31,400,29.7,27.9,Cotton
127.6,32.8,76.1,28,53.3,6.61,537.5,27.4,29.7,Cotton
145,34.3,65,27,44,6.46,604.8,27,28.3,Cotton
138.2,60,63.1,32,60.1,7.44,541.8,20.9,26.5,Cotton
138.2,46.6,64,32,39.2,8,603.8,30.4,38.3,Cotton
130.3,42.4,97.2,32,53.4,7.12,562.3,30.4,17.4,Cotton
200,46.3,53,27.1,41.3,7.38,604.5,31.7,41.7,Cotton
153.6,36.8,82.6,32,53.2,6.88,743.5,22.6,44.9,Cotton
164.4,35.4,66.8,29.4,62.4,7.56,750.1,29.4,35.9,Cotton
139.7,49.8,65.8,32,30,6.87,598.6,29.5,33.4,Cotton
200,32.1,64.9,27.2,44.1,7.29,603.6,28.1,36.1,Cotton
163.5,44.3,76,30.5,39.7,6.39,682.6,31.8,23.6,Cotton
146.3,36.2,90.1,29.5,44,7.01,466.3,24.6,40.3,Cotton
184.4,42.8,71.3,31,56,5.94,527.1,24.6,31.4,Cotton
134,29.5,57.3,31.2,42.5,6.87,585.9,30.4,34.4,Cotton
148.2,40.1,76.1,27.5,45.7,6.48,557.8,26.1,22.2,Cotton
189.7,57,64,31.2,39.1,7.94,760.4,27.8,26.1,Cotton
171,39.9,55.3,31.8,55.9,6.92,503.2,30.1,32.9,Cotton
119.8,55,111.3,31.3,36.5,6.4,506,26.8,30.4,Cotton
114.3,36.1,126.4,28.5,34,7.5,552,25.9,27.2,Cotton
193.2,50.5,71.5,32,62.1,6.71,553.5,31.7,35,Cotton
180.8,34.7,93.1,29.6,37.1,6.51,607.7,29,55.8,Cotton
171.1,49.9,30,32,49.9,6.51,518.5,25.8,36.3,Cotton
147.8,42,87.9,30.4,59.1,6.02,474.5,30.6,33.1,Cotton
139.1,52.3,123.7,32,54,7.1,603.4,32,37.6,Cotton
152.7,40.6,65.9,29.1,60.1,7.72,586.1,32,34.7,Cotton
163.4,41.9,99.2,31.6,48.2,6.25,518.7,29,21.4,Cotton
155.2,35.7,85.8,27,31.1,6.6,521.7,25.6,20,Cotton
190.3,40.7,123.1,29.2,70,6.54,510.1,25.5,17.2,Cotton
148.2,27.9,91.2,27,44.5,7.11,515.5,31.5,29.8,Cotton
143.8,59.4,82.7,31.7,30,6.85,760.7,32,35.7,Cotton
129.6,36.7,74,30.4,38.4,7.32,488.1,29.1,31.1,Cotton
112.3,49.6,98.8,30,36.8,7.17,881.5,24.9,23.7,Cotton
141.8,35.4,77,28.9,64.4,6.65,430,30.8,46.1,Cotton
153.2,31.9,150,32,43.6,8,643.9,26.1,13.6,Cotton
136.7,44.2,63.8,30.9,48.7,7.14,598.2,28.3,42.4,Cotton
159.9,40.8,84.7,32,38.4,7.46,641.8,28.1,38.2,Cotton
127.1,21.1,63.3,32,66.4,6.19,598.5,27.7,27.3,Cotton
134.9,41.8,75.3,30.7,55.7,6.92,494.7,31.4,24.3,Cotton
168.7,37.7,63.5,32,48.6,5.93,581.5,29.6,24.1,Cotton
123.6,41.2,100.8,30.8,51.1,6.75,621.9,30.7,20.1,Cotton
192.9,60,37.6,27.2,38.9,6.74,620.1,26.9,29.1,Cotton
170.4,37.1,58,30.8,47.5,6.89,513.1,30.6,44.6,Cotton
130.5,60,82.9,32,64.6,7.44,566.4,22.7,26.5,Cotton
168.7,27.3,110.8,32,59.7,7.99,622.4,31.4,32.5,Cotton
152.2,43.7,66.7,32,65.2,7.1,509.5,29.3,13.7,Cotton
169.6,51,66.3,32,57,6.69,500.6,29.8,18,Cotton
145.5,46.2,70.7,27.5,55.4,7.48,627.9,27.9,35.2,Cotton
149.7,49.2,73.3,31.2,62.6,7.48,582.2,26,20.5,Cotton
131.9,30.8,53.4,29.7,35.1,6.95,523.2,30.4,35.4,Cotton
176.5,35,84.7,30.6,54.7,7.93,539.1,32,31,Cotton
160.8,47.1,102.9,31.4,34.7,7.05,757.3,32,15.1,Cotton
147.9,51.8,73,27,64.2,7.95,909.5,29.3,18.1,Cotton
92.6,24.6,79,27,61.1,7.37,709.7,25.7,39.6,Cotton
144.8,34,47.7,27,69.7,6.37,590.3,25.8,29.4,Cotton
168.6,18.7,116.6,30.2,49.9,7.24,655.1,28.6,17.3,Cotton
140.3,50.5,106.3,27.2,70,7.45,691.5,26.6,31.4,Cotton
95.2,29.4,74.4,29.6,54.5,7.25,583.6,25.5,44.1,Cotton
170.3,36.9,72.9,28.3,55.2,6.53,549.1,26.6,16.5,Cotton
90.2,19.2,90.5,32,41.1,6.1,757.2,28.9,27.8,Cotton
191.2,43,70.6,30.9,43.6,6.79,583.9,25.2,34.9,Cotton
139.9,50.1,74.2,30.6,51.8,7.31,535.2,25.9,12.9,Cotton
172.6,39.7,37,29.9,67,7.59,460,32,26.6,Cotton
145,42.6,83.8,27.2,48.2,7.06,557.9,32,32.5,Cotton
124.4,52,76.7,31.4,63.4,6.4,667.1,31.9,31.9,Cotton
193.8,26.7,108.5,32,51.8,6.14,751.8,22.4,32.8,Cotton
162.4,44.9,99.7,27,48.5,6.76,521.9,26.8,22.6,Cotton
200,45.1,90.1,29.5,57.6,7.25,515.5,27.9,31.1,Cotton
156.3,51.8,93.2,32,50.7,6.96,742.6,30.5,29.4,Cotton
80,29.2,85.7,32,61.6,7.16,495.3,31.5,27.2,Cotton
140.1,38.7,97.1,31.6,52.3,5.98,571.8,30.2,30.6,Cotton
160.2,37.6,82.8,32,70,6.84,669.8,28.5,26.1,Cotton
133.2,46.4,80.7,32,49.1,7.6,708.2,26.8,22,Cotton
111,54.8,52.3,27.7,30,6.69,497.3,31,33.5,Cotton
166.4,45.3,68,32,54.4,6.73,520,30.7,30,Cotton
177.5,15.3,100.2,27,30,7.15,549.1,24.5,30.5,Cotton
112.1,40.8,84.7,31.1,38.8,7.43,665.7,29.8,21.8,Cotton
122.1,37.7,85.2,30.9,59.3,6.68,679.7,26.8,35.5,Cotton
190.8,46,50.8,27.2,44.6,6.85,515.6,27.7,27.6,Cotton
125.1,38.9,72.9,32,67.1,7.16,445.6,22.1,47.6,Cotton
133.3,39,62.6,30.5,54.6,7.02,627.7,28.8,23.1,Cotton
143.6,39.7,90.6,29.6,44.1,6.8,1000,24.9,47.4,Cotton
120.7,36,99.6,29.7,68.5,7.15,639.6,26.9,26.1,Cotton
140.2,38.3,70.5,32,64,7.48,574.1,27.7,34.2,Cotton
173.5,40.1,65.2,32,47.1,7.09,885.8,25.3,28.4,Cotton
151.3,39.6,76.1,27.8,40.2,6.69,432.3,30.6,36.9,Cotton
146.2,39.1,36.9,32,42.2,7.86,663.7,29.2,44.3,Cotton
161.6,41.1,67,29.7,47.3,6.96,656,26.2,20.2,Cotton
131.5,46.2,31.9,32,43.4,6.91,616.7,21.1,31,Cotton
172.1,44.8,73.6,32,51.8,6.7,653.6,25.5,37.4,Cotton
189.8,34.5,77.9,27.9,54.3,6.82,759.2,25.3,25.2,Cotton
168.4,39.7,85.8,29.2,52.5,6.78,750.7,21.9,37,Cotton
107.2,36.4,94.1,29,53.5,7.14,614,26.6,25.3,Cotton
155.5,18,90.6,27,57.4,7.24,473.1,26.6,22,Cotton
95.3,26.8,91.3,31.3,43.5,6.26,725,28.1,21.1,Cotton
155.9,57.4,48.6,32,54.6,6.38,602.1,22.3,31.8,Cotton
165.1,48.3,45.9,31.6,38.7,6.81,551,31.8,12.8,Cotton
118.7,47.1,83.7,27,43,6.9,414.5,26.1,38.3,Cotton
165.8,42.6,87.5,32,41.7,6.36,590.5,31.8,46.6,Cotton
174.5,35.7,71.2,31.7,43.9,7,754.7,29.3,17,Cotton
145.6,46.9,97.7,28.5,51.9,7.04,518.7,23.8,38.8,Cotton
200,56.1,69.8,30.6,52.1,6.61,678.8,28.7,23.7,Cotton
176.9,42.2,69.5,28.5,39.9,6.9,676.6,28.7,39,Cotton
144.3,28.6,52.9,27,47.2,6.25,550.7,32,43.8,Cotton
150.9,17.7,126,31.6,45.8,7.73,959.1,21.1,44.9,Cotton
147,40.5,89.1,29,49.2,7.66,612.6,30.7,26,Cotton
166.2,29.9,76.8,32,51.4,6.8,469.4,32,24.2,Cotton
116.2,53.1,67.7,29.7,54.1,6.64,676.8,27.7,35.4,Cotton
154.8,33,115.9,27.2,52.2,7.22,453,26.7,33.4,Cotton
200,49.2,94.8,27,42.9,7.03,759.1,30.2,21.4,Cotton
122.7,35.5,86.2,27,35.7,7.46,571.2,24.7,45.2,Cotton
166.1,32.7,94.4,27.6,43.9,7.02,674.8,23.9,31.9,Cotton
162.2,40,92.1,28.1,52.7,6.86,591.6,27.2,26.2,Cotton
133.4,36.6,86.4,29,65.5,6.67,413.9,24.4,13,Cotton
164.6,29.3,82.8,29.1,62.7,7.24,639.7,32,30.4,Cotton
128.5,36.1,121.6,32,49.7,7.41,554.7,28.7,17.4,Cotton
190.4,38.2,60.7,31.8,42.9,6.38,690.9,24.4,16.8,Cotton
173.6,51.2,67,28.4,60.1,7,643.2,22.6,47.3,Cotton
143.2,41.3,87.5,27,37.2,6.63,785.7,30.2,33.7,Cotton
137.1,43.3,86.9,32,42.8,7.71,596.3,31.1,27.7,Cotton
142.1,35.2,72.7,27.6,55.2,7.56,656.2,24.1,23.2,Cotton
133,27.7,62.8,27,54.3,7.41,593.7,26.6,29.5,Cotton
165.4,38.7,45.1,27,52.3,5.68,689.2,32,24.1,Cotton
160.9,41.8,65,27.4,42.2,7.49,715.7,24.7,27,Cotton
182.2,60,68.7,27,61.7,6.57,424.9,25.9,26.4,Cotton
200,52.4,73.8,31.2,47.2,7.81,627.3,28,35.4,Cotton
182.5,39.7,82.8,32,53.1,6.54,607,22.1,24.1,Cotton
146.2,45.5,97.8,27,56.6,7.02,400,26.8,30.9,Cotton
120.4,29.5,121.2,31.4,40.4,6.88,533.9,28.2,46.1,Cotton
120,51.4,54.4,27,63.9,6.95,400,24.1,14.2,Cotton
165,44,90,30.4,64.6,6.85,614.8,32,33.5,Cotton
186.6,37.7,150,27,70,6.15,601.1,28,42.4,Cotton
137.5,29,56.7,28.3,47.3,6.92,676.6,29.1,49.8,Cotton
80,60,62.5,27,57.3,6.82,648.9,20.2,28.7,Cotton
164,60,46.5,28.4,58.9,6.39,673.4,32,18.6,Cotton
197,46,96.4,29,45.2,7.65,613.1,27.7,21.5,Cotton
101.7,28.1,64.1,27,30,6.75,724.1,32,30.9,Cotton
149.5,37.6,86.7,27.7,40.7,6.96,679.2,32,33.9,Cotton
166.8,49.6,73.1,27,59.6,6.76,556.2,28.3,34.9,Cotton
162.8,52.8,83.6,32,44.6,7.72,428.4,29.9,30.8,Cotton
157.7,49.4,97.6,32,51.5,6.66,622.9,28.8,42.5,Cotton
162.5,54,118.2,27,51.3,7.48,703,27.2,14.8,Cotton
112,42,139.5,29.4,45.4,6,452.8,32,21.2,Cotton
106.2,44.6,95.4,27,63,7.24,568,31,42.7,Cotton
105.9,37.1,122.1,30.8,49.2,7.2,595.6,29,22.4,Cotton
157.9,51,98.9,32,41.1,7.03,602.2,29.9,29.4,Cotton
137.5,43.1,93.6,30.6,51.4,7.08,681.9,25,38.6,Cotton
164.1,33.3,100.4,27.8,63.1,7.17,522.5,31.1,34.4,Cotton
84,42.3,65.6,27,45.9,6.68,606.3,32,20.6,Cotton
120,36.5,61.9,31.3,56.7,7.41,506,25.1,48.6,Cotton
154,45.5,124.3,30.5,45,7.23,519.9,24.8,20.8,Cotton
141.4,45.8,87.1,31.9,49.1,7.2,515.3,30.1,58.1,Cotton
148.7,35,99.7,28.7,47.4,6.6,639.4,28.4,26.9,Cotton
181.7,38.2,130.2,27.6,49,7,890.6,25.8,25.6,Cotton
150.8,27.1,96.6,32,43.2,6.12,564.5,26.6,28.5,Cotton
105.8,43.7,72.3,29.3,49.4,6.43,700.1,29.9,17.8,Cotton
124.3,33.8,72.4,32,45.1,6.32,514.5,30.6,33.3,Cotton
173,48.2,83.5,30,43.9,7.67,545.7,26.2,10,Cotton
141.4,44.3,72.8,32,60.8,6.46,638.6,29.5,19.7,Cotton
187.6,49.3,93.1,28.6,46.1,6.56,552.4,27,25.4,Cotton
189,38.3,35.3,27,44.8,6.03,752.1,24.4,10.4,Cotton
131.5,53.3,97.2,32,35.1,6.7,542.1,28.8,38.1,Cotton
200,26.1,85.3,32,56.2,7.09,576.6,25.9,10,Cotton
138.4,48.6,98.1,27,45,7.13,573.7,25.7,40.6,Cotton
158.9,17.9,83.6,32,49.9,7.13,564.3,28,45.3,Cotton
123.6,38.9,113.7,32,42.7,7.64,543.2,30,35,Cotton
168.5,37.2,61.2,29.8,51.2,6.96,683.1,26.6,28.1,Cotton
151.2,41.3,105,32,57.9,6.67,506.5,29.7,36.1,Cotton
154.4,38.1,32.7,29.8,31.8,6.76,625.3,26.9,40.2,Cotton
129.4,52.2,30,29.4,36.4,7.73,586.4,28.2,21.8,Cotton
165.4,41.8,56.6,32,44.6,7.83,499.9,24.4,19.2,Cotton
137.1,40.2,115.2,31.2,35.9,6.55,463.4,27.5,32.6,Cotton
125.7,39.3,76.2,32,43.8,6.25,400,28.6,21.2,Cotton
176,42.5,91.2,29.3,43.4,5.75,670.3,30.3,26.8,Cotton
147,39.2,47.2,32,57.7,6.43,442.3,30.4,25.3,Cotton
108.5,35,64.2,27,52.9,7.28,788.8,22.3,40.7,Cotton
146.8,33,60,32,49.1,7.62,705.9,32,23.1,Cotton
81.7,32.5,74.9,31.4,32.6,7.08,602,21.8,40.2,Cotton
159.5,33.1,86.1,32,52.6,6.83,416.1,25.8,48.8,Cotton
107.4,56.4,47.3,29.4,61.7,8,697.6,28.6,36.9,Cotton
152.8,44.1,61.3,32,41.4,6.64,704.8,27.4,29.7,Cotton
153.2,37.7,74.5,27.1,58.3,7.92,400.5,24.3,33.4,Cotton
200,48.2,50.5,27,70,7.32,589,26,19.9,Cotton
164.3,46,64.9,29.3,49.4,6.75,559,26.6,27.2,Cotton
187.3,48.1,92.9,31.4,63,6.5,590.1,25.6,31.6,Cotton
174.5,60,86.8,27,46.1,7.53,794.8,25.3,45.2,Cotton
135.6,48.6,53.1,28.5,64.3,6.91,575.9,31.1,20.2,Cotton
161.8,21.9,82.2,28.8,30.2,5.89,540.1,32,44.2,Cotton
87.9,42,109.2,28,49.5,7.38,657.7,27.8,10,Cotton
165.8,39.3,80.2,30,38,7.36,500.9,30,27.9,Cotton
99.9,21.3,116.6,32,47.6,7.35,599.8,29.3,37.4,Cotton
131.7,42,93.6,32,69.5,7.17,445.9,32,46.7,Cotton
200,31.4,99.5,30.5,39.5,6.41,520.1,28.5,52.8,Cotton
179.2,40.5,57.4,32,56.4,7.23,665.4,25.5,35.5,Cotton
126.1,57.6,66,32,36.2,6.79,583.5,30.4,19.3,Cotton
161.3,37.7,54.9,32,56.5,6.02,514.2,29.7,36.5,Cotton
200,47.3,82.5,29,42.8,5.5,718.5,24.4,33.5,Cotton
126.8,50.2,97.2,30,41.7,7.32,519.8,28,12.9,Cotton
118.7,43.2,56.6,27.9,38,6.99,659.5,27.2,33.9,Cotton
137.8,48.8,105,31.4,48.3,6.95,667.2,22.8,32.6,Cotton
94.9,42.3,78.9,32,51.6,7.21,598.1,20.1,39.1,Cotton
80,42,76,32,47.7,5.75,627.8,25.3,43.4,Cotton
165.3,37.7,80.8,29.1,50.5,6.99,656.5,26.4,18.1,Cotton
153.1,32.9,80.8,30.8,50.9,6.8,465.9,30.2,24.8,Cotton
157.4,51.8,94.4,27.4,64.7,7.1,756.9,30.7,16.6,Cotton
173.5,28.9,67.8,32,62.2,6.38,620.6,27.7,19,Cotton
97.1,45.1,82.5,32,66.6,6.39,760.9,23.8,44.6,Cotton
143.5,60,105.3,27.9,49.5,6.37,644.6,30.8,30.5,Cotton
108.5,50.9,94.9,32,53.8,8,584.4,25.4,30.8,Cotton
176.4,50.7,68,32,55.8,7.94,589,25.9,19.8,Cotton
128.1,32.8,59.3,32,45.4,7.89,645.4,29.4,31.7,Cotton
182.9,59.4,125.2,29.2,46.5,6.53,690,25.4,27.8,Cotton
199.9,41.5,58.8,32,52.9,6.74,583.1,27.4,20.6,Cotton
179.7,60,103.1,31.4,49,6.48,581.6,26.4,41.2,Cotton
124.4,25.7,101,30.3,57.9,6.7,875.7,23.2,10,Cotton
104.1,39.5,84,31.7,53.9,7.23,646.4,32,23.6,Cotton
150.6,49.8,114.9,28.4,50.3,6.63,702.8,22.6,36,Cotton
80,34,40.9,27,46.7,6.17,766.6,31.2,21,Cotton
102.8,30.3,70,29.5,43.8,7.9,400,30.6,16.5,Cotton
147.2,35.4,97.2,27.4,49.8,8,548,32,11.3,Cotton
103.4,19.4,84.2,27,63.2,8,425.8,32,25.3,Cotton
143.7,46.9,46.5,31.6,49.2,7.2,713.5,26.4,36.6,Cotton
112.3,60,72.9,30.4,66.4,6.93,766.1,31.3,42.7,Cotton
126.1,30.3,75.1,32,61.4,6.85,640.6,31.8,24.7,Cotton
162.7,37.6,106.7,29.7,30,7.11,626.1,24.3,40.2,Cotton
80,42.3,54.7,30.7,63.6,6.69,697.7,24.2,36.4,Cotton
112.7,38.7,59.6,32,44.8,7,414.9,24.5,19,Cotton
138.6,18,105.8,27,70,6.29,570.5,29.9,22.2,Cotton
200,52.1,51.1,32,48.5,6.12,453.5,27.9,23.1,Cotton
183.4,39.3,36.9,32,63,7.31,547.6,31.1,26.3,Cotton
114.2,28.9,77.7,32,60.2,6.29,498.5,32,29,Cotton
119.4,43.1,57.6,27,46.2,6.84,578.4,26.3,10,Cotton
118.7,50.1,70.3,27.6,60.7,6.86,645.8,28.7,18.3,Cotton
160.7,47.8,68.1,32,67.1,6.34,644.8,28.3,35,Cotton
148.2,32.6,124.6,29.3,30,7.95,785.4,32,38.7,Cotton
196.6,41.6,83.4,31.9,62.5,6.38,677.5,22,38.7,Cotton
148.5,38.1,46.1,29.8,44.4,7.85,604.4,24.5,34.7,Cotton
200,46.8,82.7,30.4,59.2,6.48,711.6,28.5,17.1,Cotton
152.3,50.2,104.5,27,51,7.02,526.1,26.5,35.6,Cotton
147.7,46.5,55.4,28.8,53.5,6.8,441.4,28.9,42.5,Cotton
118.1,32.9,69.1,31.6,60.8,7.45,427.9,25.5,13.3,Cotton
153.9,47.3,64.1,27,59.2,7.27,700.1,30.5,25.3,Cotton
165.3,60,63.1,31.2,41.4,6,495.8,25.9,41.7,Cotton
88.3,44.5,68.6,32,56,6.53,405.5,32,22.8,Cotton
187.8,43.5,48.9,30,57,6.23,846.1,30.2,39.7,Cotton
127.6,36.7,74.7,27,69,7.25,558.9,27.2,35.2,Cotton
146.9,35.9,68.3,32,53.3,6.73,400,28.6,49.4,Cotton
110.6,37.7,92.2,32,53.8,6.96,561.9,24.9,32.7,Cotton
197.5,30.7,79.7,30.2,48.7,7.54,400,27.8,29.7,Cotton
139.6,34.3,98.6,29.6,40,6.84,717.6,26,29.3,Cotton
151.3,37.9,121,29.7,43.7,6.93,615.4,28.2,32.4,Cotton
137.8,30.5,102,27,51.1,5.82,720.8,30.6,35.2,Cotton
103.3,38.4,84.6,28.9,53,6.1,1000,28.7,23.3,Cotton
176.9,23.3,88,30.5,56.5,7.2,455.1,32,21.6,Cotton
146.6,41.9,100.1,32,51.9,8,500.8,29.6,34.5,Cotton
132.7,21.9,46.1,30.2,35.9,6.77,475.2,32,27.5,Cotton
122.9,40.8,89,32,50.1,7.15,475.2,32,30.5,Cotton
104.3,54.1,38,30,42.2,7.11,648.8,28.1,39,Cotton
117.4,35.3,78.7,27,48.7,7.12,814.6,27.8,39.1,Cotton
169.7,43.6,72.1,29.8,55.1,6.66,558,32,39.1,Cotton
151.4,46.3,77.6,28.2,41.3,7.14,622.1,29.6,10,Cotton
176.8,29.4,90.8,30,43.4,7.63,520.5,25,32,Cotton
129,48.3,71.3,32,37.9,6.26,588,28,16.8,Cotton
200,46.7,85.7,32,46.4,7.42,742.1,30,46.1,Cotton
147.7,43.8,64.5,31.5,65.8,7.37,624.3,28.8,31,Cotton
189.7,19.6,87.9,27,41.4,6.89,400,27.1,28.1,Cotton
200,42.2,63.8,32,62.3,6.86,635,27.4,35.3,Cotton
174.6,35.3,72.3,28.5,51.9,7.3,463.1,27,41.8,Cotton
200,48,106,27.8,38.6,6.09,471.9,25.6,29.5,Cotton
172.4,30.1,74.7,32,48.3,7.2,477.2,22.4,29.7,Cotton
121.1,41.7,78.5,32,44.3,7.31,623.3,27.9,43.3,Cotton
179.9,44.4,68,30.9,40,7.04,850.4,26.2,22.7,Cotton
172.2,47,96.9,32,49.6,6.82,691.3,25.8,43.8,Cotton
182.4,48.4,118.1,29.2,31.4,7.17,709.8,28.3,23.7,Cotton
173.6,33.6,130.4,31.5,40.4,7.15,473.7,32,25.5,Cotton
156.6,36.3,99.2,31.8,42.2,6.56,720.5,31.5,38.6,Cotton
178.4,40.8,84.3,29.3,49,6.78,679.3,30.6,18.6,Cotton
141,55.4,93.9,32,45.9,7.52,549.7,30.6,14,Cotton
137.2,49.6,97.4,30.5,57.4,7.67,622.1,31.3,19.6,Cotton
75.7,37.2,50.5,29.9,70,5.04,174.3,28.8,59.9,Jute
22.1,47.4,44.9,28.1,76.7,5.55,200,25.6,60.1,Jute
43.2,36.7,53.3,34.1,83.9,5.58,198,24,55.2,Jute
57.2,11.6,50.7,29.4,75.8,4.86,200,24.7,58.9,Jute
35.2,29.7,46.3,24,83.1,5.19,200,24,56,Jute
47.3,22.5,52.9,31.9,80.8,5.03,160,28.6,67.6,Jute
25.9,26.4,35.4,33.7,81.1,4.8,160,26.5,50.7,Jute
40.4,32.6,37.6,32.5,79.4,5.24,177.2,24.6,59.6,Jute
51.9,37.2,55.8,33.2,83.9,4.92,160,32.4,62.5,Jute
44.2,18.2,35.5,30.2,83.5,5.19,200,32.8,58.3,Jute
53.3,36.2,43,29.2,82.2,5.56,188.6,26.1,70.5,Jute
29.9,38.4,61.3,31.8,82.8,4.9,160,31.6,56.3,Jute
23.3,38.8,40,28.6,78.7,5.19,191.1,29.1,43.3,Jute
49.8,25.5,51.8,26.3,84.6,4.85,200,28.4,70.1,Jute
44.3,13.6,47.6,29.9,84.1,5.1,169.1,30.1,76.3,Jute
24.2,22.9,34.9,26,72.3,5.22,161,32.3,51.2,Jute
34.9,29.5,35.5,36.4,81.1,5.45,160,27.4,52.7,Jute
28.6,25.7,52.4,25.3,74.6,5.53,198.4,24,56.3,Jute
38.8,30.3,59.2,31.3,76.7,5.39,194.4,29.6,72.3,Jute
32.4,35.7,44.3,30.5,70,4.92,200,26,66.5,Jute
38.3,37.2,58.5,29.4,74.7,5.17,160,27.2,50.6,Jute
28.1,36.6,41.4,30.8,82.1,5.41,200,25.7,47.9,Jute
38,34.6,55.5,40,77.5,4.89,183.5,25.7,44.9,Jute
43.7,29.5,32.3,26.2,76.5,4.8,160,29.5,66.3,Jute
47.8,38.6,57.9,29.2,76.7,5.87,160,27.6,71.1,Jute
29.1,39.6,28,29,83.9,5.31,181.2,24,49.3,Jute
38.1,30.8,58.1,26.7,75.4,4.96,176.4,26.4,40,Jute
35,21.8,45.8,27.5,76.7,5.25,188.2,28.9,62.4,Jute
38.6,19,42,28.7,70.4,5.87,200,30.8,40,Jute
45.7,33.8,46.6,35.5,90,5.32,187.3,24.3,59.4,Jute
46.1,38.1,57.8,29,82.4,5.36,188.7,30,55.5,Jute
52.9,20.2,31.2,32.5,80.1,5.1,200,29.3,52.8,Jute
51.7,21.5,59.1,31.8,74.2,5.24,173.7,28,54.7,Jute
42.8,25.8,52,34.8,83,5.61,200,32.7,60.6,Jute
50.4,24.2,61.1,27.1,77.9,4.8,160,29.3,68.1,Jute
45.9,33.4,33.6,27.4,74,5.05,191.2,27,58.9,Jute
43.8,13.7,47.6,32.8,81.6,4.88,195.8,26.6,64.2,Jute
38.2,27.5,37.9,29.9,78.2,5.18,187,26,40,Jute
52.8,44.7,50.4,27.3,73.8,5.43,196.1,30.4,58.1,Jute
54.2,34.7,39.1,31.8,80.8,5.02,200,27,63.6,Jute
41.9,34.2,44.6,30.8,84.2,4.97,175.9,24,68.7,Jute
56.2,43.7,33,31.6,83.2,4.8,200,29.3,58.6,Jute
54.4,47.6,53.9,27.2,76.8,5.31,200,26.1,70.5,Jute
45.2,43.6,45.2,29.9,77.5,5.71,171.3,29,76.3,Jute
35.8,25.8,42.2,40,80.3,5.21,178.4,29.6,46,Jute
43.2,39.7,53.5,36.2,70,5.02,160,26.8,74.5,Jute
42.4,40.3,48.3,24.6,86.5,5.03,187.3,29.8,66,Jute
43.1,20.4,53.7,34.9,82.7,5.25,179.7,24.5,57.1,Jute
23.7,39.8,62.2,32.2,70.8,5.41,179.5,26.9,59.3,Jute
35.9,32.1,48.2,34.1,90,5.28,188.5,28.1,64.9,Jute
48.4,30.4,51.2,29.6,72.8,5.46,200,33.2,61.6,Jute
43.6,45.1,69.7,24,70,5.49,200,27.5,57,Jute
49.4,35,46.7,29.1,75.6,5.06,167,28.9,63.4,Jute
66.2,31.8,58,25,82.1,5.43,179.5,27.5,62.3,Jute
48.4,21.4,53.8,33.3,78.1,5.1,160,27.4,67.1,Jute
52.2,31.7,42.7,32.5,81.4,5.35,180.8,24,40,Jute
34.8,48.6,44.6,30.1,75.5,5.36,160,28,71.7,Jute
38.1,24.8,47.4,28,81.4,5.16,193.7,26.7,52.8,Jute
41.9,38,64.5,37.2,75.8,5.09,187.6,25.4,50.5,Jute
32.9,29.5,65.9,28.7,78.8,5.37,160,28.2,55.6,Jute
48.8,60,56.2,24,78.9,5.51,200,26.7,65.3,Jute
30,33.2,58.9,34.5,77.8,4.96,193.4,27.5,61.7,Jute
56.9,39,69.6,29.8,77.7,5.4,188.2,27.1,55,Jute
44.2,42,52.6,31.2,73.2,5.63,190.2,32.9,75.6,Jute
44,36.5,58.7,28.6,86.4,5.19,200,24.2,64.8,Jute
29.4,35,49.1,29.8,81.4,4.8,160,26,62.9,Jute
33.6,40.9,51.2,32.2,78.5,5.23,198.8,28.9,74.7,Jute
45.7,16.4,24.3,32.9,77.7,5.18,200,24,71.8,Jute
40.8,24.8,36.9,29.2,70,4.99,185.5,33.3,74.5,Jute
21.4,44.4,55,26.9,72.6,5.2,164.2,31.2,66.9,Jute
36.5,51.1,59.2,28.3,77.6,5.18,189.1,30.5,62,Jute
58.8,29.4,33,28.1,83.8,5.82,172.7,26.6,53.4,Jute
35.9,18.3,53.5,31.9,76.3,5.2,197.6,30.1,76.3,Jute
35.9,34.6,45.3,35.2,72.4,4.84,172.7,25.9,71.1,Jute
46,45.5,45.4,32,90,5.26,162.9,26.8,61.4,Jute
45.9,32.8,50.3,26.2,80.9,5.41,168.6,25.7,71,Jute
53.8,10.9,56.5,29.6,78.6,4.99,197.3,31.2,82.8,Jute
43,34.3,54.1,26.1,90,5.15,160,24,77.2,Jute
29.7,20,58.8,30.2,76.8,5.25,160,30.2,59.7,Jute
56,36.1,42.9,29.8,84.5,5.37,197.9,33.3,63.4,Jute
43.1,31,42.7,33.1,79.3,4.8,191,28.7,57.4,Jute
17.2,45.3,52.3,29.9,84.9,5.29,200,26.3,58.9,Jute
36.8,32.2,59.8,28.6,78.5,5.59,182.4,29.2,44.6,Jute
37.3,23.6,55.7,30.1,82.3,5.53,169.7,27.8,90,Jute
49.9,33.5,37.8,30.8,84.5,5.23,175.3,26,55.6,Jute
48.7,45.5,39.4,27.7,89,5.36,165.6,29.1,62,Jute
43.2,29.8,54.3,31.6,78.6,5.14,188.6,29.4,59,Jute
39,35.8,37.9,31.3,74.8,5.46,194,29.7,73.5,Jute
33.7,22.1,44.5,27,83,5.8,190.3,29.9,43.9,Jute
56.5,33.4,29.7,34.7,87.7,5.18,160,27.5,52,Jute
49.7,52.2,47.4,33.9,78.2,5.47,192.1,27.7,67.2,Jute
38.2,27.2,36.7,28.3,81,5.21,200,25.6,82.6,Jute
30.5,40.3,68.4,29.7,79.6,5.29,160,28.1,71.3,Jute
62.3,37,62.2,27.5,73.3,5.13,200,25.4,45.3,Jute
35,26.3,50.4,28.9,70.6,5.07,185.6,31.3,58,Jute
26.9,43.7,40.5,24.6,84.2,4.92,160,26,40,Jute
42.8,41.8,56.6,28,71.8,5.05,189.8,25.4,54.2,Jute
37.7,18.6,53.2,27.8,78,5.12,163.2,27.2,57.7,Jute
30.3,25.7,53.2,26,89.1,5.3,184.3,31.1,56.3,Jute
50.9,23.5,57.2,32,78.3,5.54,180.5,24,53.5,Jute
44,39.1,61.7,24,89.8,5.8,179.4,31.2,50.5,Jute
29.3,38.9,34.5,34.8,77.3,5.19,161.7,25,64.8,Jute
34.6,30.4,35.5,32.4,81.3,6,170.2,30,60.7,Jute
43.9,31.9,34.2,37.1,83.1,5.22,160,25,61.7,Jute
51.5,31.2,27.4,26.6,81.3,5.72,170.9,30.5,74,Jute
48,36.1,42.2,32.9,72.2,5.63,196.2,25.1,70.8,Jute
31.1,47,45.5,31.1,90,5.15,160.7,29.1,73.7,Jute
46.1,23.4,57.5,29.5,82.4,5.02,200,26.8,68.3,Jute
37.6,26.1,39.7,30.6,81.2,4.8,200,25.3,59.9,Jute
54.7,32.4,58.8,34.8,78.4,4.93,162.2,28.1,76.7,Jute
43.7,25.7,54.7,29,78.8,5.38,160,25.3,66.1,Jute
45.5,34.3,46.7,24.5,80.5,5.51,175.8,27.3,69.8,Jute
42.6,30.6,55.8,28.1,74,4.99,168.1,27.4,52.7,Jute
35.2,23.2,60.8,25.5,75.4,5.45,162.7,30.9,53.8,Jute
39.4,19.2,31.2,30.7,75,5.28,180.5,26.7,78.6,Jute
39.1,30.2,49.4,31.8,79.7,5.09,161.7,29.1,77.9,Jute
50.1,12.6,52.9,25.4,81.6,5.24,198.1,24,48.3,Jute
44.5,39.8,42.6,30.2,81.9,5.02,160,29.4,48.2,Jute
18.3,40.3,44,29.1,82.7,5.28,160,30.2,62.9,Jute
46.2,34.3,55.4,29.8,88.6,5.45,174.4,26.3,59.8,Jute
33.3,28.3,56.2,27.1,83.4,5.5,160,24.8,59,Jute
48,24.8,55.2,29.4,77.9,5.36,160,30.3,74.9,Jute
41.7,34.8,54.3,28.3,85.5,5.45,167.5,28,52,Jute
32.2,17.1,60.1,35.1,79.8,5.37,200,30.8,43.5,Jute
46.4,36.4,46.4,32.6,90,5.1,174.2,24.6,47.8,Jute
60.6,12,51.1,30.2,84.1,5.17,165.6,24,60.1,Jute
49.2,30.2,49.7,29.6,74,5.98,166.8,24,63.3,Jute
54.8,31,42.7,24.1,84.5,4.92,200,32.9,70.4,Jute
57.5,29.9,43.6,34.2,83.5,5.46,175.3,26.2,74.9,Jute
36.4,24,38.9,33.9,78.3,5.7,188.8,27.8,51.4,Jute
41.2,35.5,52.6,37.3,78.5,5.51,173.5,27.1,70.2,Jute
31.9,20.2,59.4,27.8,71.4,4.84,182.2,31.2,90,Jute
49.8,26.7,60.2,24.4,80.2,5.55,200,26.2,67.1,Jute
49,26.7,51.9,31.7,82.2,5.38,189.7,31.9,59.6,Jute
25.3,23.7,43.7,30.9,86.2,5.77,164.4,28,48.6,Jute
41.4,17.9,48.2,33.6,79.7,5.04,160,24,59.7,Jute
29.2,16.7,61.3,26.4,79.6,5.13,200,31.8,65.6,Jute
58.4,24.4,58.2,34.5,78.3,5.31,177.6,27,54.2,Jute
46.4,19.2,59.5,24.8,90,5.72,200,30.9,72.6,Jute
54.5,27,58.3,33,73.9,5.05,183.5,26,47.3,Jute
41.8,37.2,60.1,29.2,81.6,5.54,200,31.3,68.3,Jute
44.9,46.2,42.8,30.6,84.1,5.24,194.6,31.7,65.7,Jute
42.1,17.4,66.8,29.7,83.7,5.54,181,28.9,66.4,Jute
29.5,20.8,33.4,34.9,72.7,4.8,160,32.2,44.7,Jute
41.3,31.7,46.5,31.8,75.9,5.43,197.6,32.1,50.6,Jute
33.4,44.8,37.8,27.3,84,5.12,171.8,29.5,75.4,Jute
33.6,44.4,63.8,33.3,82.5,5.61,200,30,81.6,Jute
42.9,41.2,69.9,28.3,86.1,5,162.1,28.9,57.3,Jute
29.1,36,47.3,29.6,70,5.06,190.3,28.4,44.1,Jute
32.9,29.8,46.8,36.1,76.4,6,200,28,61,Jute
41.3,55.2,56.2,31.4,71.8,5.36,187.3,24,48.7,Jute
48.2,28.6,35.9,28.7,82.6,5.28,188.3,28.3,73,Jute
40.6,30.2,44.3,29.5,78.1,5.15,200,27.9,50.7,Jute
27.5,40.3,50.1,30.5,88.9,5.42,200,28.5,53.2,Jute
34.1,18.5,79.4,36.4,85.3,5.27,200,26.3,53.1,Jute
38.9,45.2,38.4,26.5,81,5.02,160,29.2,64.5,Jute
40.4,46.2,47.2,30.4,78.2,5.45,174.3,24.6,64.9,Jute
45.1,40.2,56,27.5,76.1,5.5,177.8,35,61.4,Jute
58.2,24.2,56.6,29.4,75.3,5.01,194,29.9,68.5,Jute
26.7,16.8,40.5,31.6,75.3,5.5,200,25.4,65.7,Jute
51.5,21.8,29,29.7,84.8,5.01,170.8,24.1,60.1,Jute
16.2,31.8,74,30,74.8,5.57,169.2,24,43.2,Jute
32.9,11.5,44.9,40,83.6,5.73,160,25.8,58.1,Jute
35,30.4,32.3,35.9,79.9,6,163.8,29.8,54.3,Jute
61.6,39.3,44.5,32.8,74.5,4.8,160,24.7,52.8,Jute
22.6,31.1,20,34.5,84.8,4.8,200,26.6,66.1,Jute
30.7,26.1,38,27.4,81.5,5,160,34.1,64.5,Jute
46.6,44.8,49.8,33,84.4,5.68,171.3,24,47,Jute
56.9,34.9,52.9,32.6,80.6,5.3,200,27.7,79.5,Jute
60.5,34.3,60.4,29.3,90,4.82,200,30.4,56.9,Jute
50.4,60,37.7,35.2,85.4,5.44,200,26,59.2,Jute
47,37.2,61.3,30.9,77.3,5.12,200,31.4,61.8,Jute
43,50.2,68.1,28.5,79.2,5.08,200,26.9,59.7,Jute
48.8,18.7,72.1,31.2,86.3,5.25,160.7,31,65.7,Jute
51.3,23.2,32.3,25.2,77.4,5.06,160,24,71.6,Jute
53.5,25.3,53.6,27,84.2,4.99,200,28.5,49.6,Jute
35,23.3,63.5,29,73.4,5.23,161.2,30.3,63.2,Jute
31.9,28.1,44.2,27.5,74,5.41,173.6,31.6,74.1,Jute
22.8,27.9,40.2,25.3,76.1,5.29,200,31,75.1,Jute
48.7,35.8,66.1,29.8,77.1,5.5,179.3,35,65,Jute
49.3,40.1,54.9,29.4,78.9,5.36,160,24,72.5,Jute
35.5,41.5,51,28.5,82.2,5.39,161.2,30.9,54.2,Jute
46.2,26.8,57.5,40,83.2,5.29,192.2,28.4,68.9,Jute
31,26.4,53.1,28.8,75.2,5.29,160,30.8,72.4,Jute
34.1,34,63.1,28.9,78.9,5.5,174.2,29.4,66.7,Jute
61,10,30.2,31.3,83,5.32,164.8,27.9,73.6,Jute
36.9,30.4,41.7,31,81.3,5.44,195.6,25.3,71.9,Jute
36.7,16,45.6,30.5,82.9,5.54,167.4,31.4,53.2,Jute
31.9,18.5,46.1,28.3,83.9,5.53,187.5,30.9,55.6,Jute
37.9,26.6,41,27.4,72.8,5.69,162.5,33.9,59.9,Jute
39.3,28.4,40.6,32.6,80.4,4.96,192.9,31.9,78.2,Jute
43.7,21.8,44.1,26.6,84.1,5.31,160,25.6,52.4,Jute
60.4,28.4,62.7,31.1,76.3,5.32,160,25.3,65.1,Jute
53.6,29.5,58,29.1,74.1,5.5,200,25.7,72.4,Jute
40.6,31,55.5,29.1,80.2,5.37,183.1,32.4,73.1,Jute
49.3,11.9,72.3,33.8,82.7,4.93,179.2,26.3,47,Jute
55.5,20.5,48.8,30.9,86.7,5.36,175.2,26.4,50.1,Jute
45.7,41.4,26,26,81,5.33,196.1,24,50.1,Jute
55,34.1,48.9,30.6,78.9,5.08,187.8,31.1,56.6,Jute
36.1,33,52.3,33.3,76.5,5.64,160,29.7,73.6,Jute
45.9,27.7,55.4,30.9,73.9,4.99,180.7,26.6,52.9,Jute
36.6,25.3,40.5,40,81.7,6,168.8,25.9,70.4,Jute
42,31.1,51.1,32.1,82.4,5.23,160,25.6,54.7,Jute
47.9,11.5,62.2,29.7,75.6,5.49,200,31.8,76.7,Jute
24.7,43,33.1,24,78.3,5.15,190,25.1,56.9,Jute
40.9,27.6,56.3,30.5,85.5,5.02,160,30.9,64.5,Jute
40.4,41.6,45,27.9,89.9,5.23,178.1,35,43.6,Jute
18.3,31.5,39,35.4,72.2,5.23,179.4,24,44.8,Jute
44.5,27.9,53.8,29.4,83.6,5.33,191.1,32.3,55.7,Jute
39.7,40.3,64,28.4,84.7,5.87,160,32,54.4,Jute
48.1,40.8,60.5,30.3,75.3,5.75,162.6,28.1,62.8,Jute
41.8,31,55.4,31.6,75.7,5.41,160,24.4,61.5,Jute
43.6,30.4,42.3,33.3,84.7,5.44,192.3,24,51,Jute
38.9,19.2,41,27.8,79.1,5.24,185.7,29.4,73.7,Jute
32.3,23.5,42.7,24.8,80.8,5.23,200,27.5,46.5,Jute
40.8,25.8,54,28.8,83.3,5.34,181.3,28.7,76.8,Jute
44.3,17.9,48,26.8,83.3,5.48,200,30.4,77.3,Jute
44.4,34.2,40.3,33.9,77,5.42,186.3,24,54.6,Jute
32.1,40.3,39.7,33.4,76.3,5.78,180.7,33.4,64.2,Jute
33.5,28.3,51.6,30.4,84.9,5.24,192.3,28.6,61.9,Jute
32,26.2,46.6,34.3,81.1,5.56,169.4,34.9,71.4,Jute
47.8,31.6,45.6,27.4,83.5,5.77,200,27.3,57.8,Jute
48.2,26.5,61.1,29.8,79.8,5.24,160,28.6,51.8,Jute
38.4,46.1,44.9,29.4,84.9,5.31,160,30.5,57.3,Jute
27.4,18.6,68.9,32.4,79.4,5.56,169.3,28.4,57.7,Jute
49,42.8,57.6,30.5,71.6,5.33,167.8,26.9,74.3,Jute
53.1,60,44.1,33.9,84.7,5.19,160,24,70.9,Jute
46.2,41.7,49.5,29.8,80.2,4.82,187.4,28.5,53.9,Jute
23.7,28.6,64.3,32.7,76.8,5.69,160,30.7,83.9,Jute
30.5,49,49.2,28.3,82,5.3,190.7,24,61.8,Jute
24.8,28.5,35.2,29.4,75.8,5.43,200,24,67,Jute
31.2,33.6,47.7,28.5,75.4,5.27,190.6,30,60.6,Jute
39.9,29.5,68.8,24.3,81.1,5.28,180.7,30.3,62.6,Jute
22.7,42.7,57.7,30.7,74.5,5.43,178.7,27.9,54.6,Jute
37.4,34.8,58.2,33.1,77,5.47,184.1,24.5,59.1,Jute
36.1,36.8,62.3,28.6,81.3,5.22,199.6,24.5,58.4,Jute
33.3,25.5,61,35.7,90,4.95,185.8,26.3,46.4,Jute
34.6,38.9,37.8,30.1,76.5,4.81,179.7,29.7,62.3,Jute
31.1,26.4,48.1,33.1,75.1,4.86,200,28.6,53.9,Jute
38.8,35.3,47.5,24.4,78.8,5.54,200,35,65.5,Jute
42.8,26.1,45.8,32.6,81.7,5.03,200,26.9,60.5,Jute
24.8,24.3,52.2,34.5,81.4,5.28,179,28.7,61.9,Jute
52,37.4,61.9,32.9,79.3,5.85,170.6,25.3,56.7,Jute
55.4,21.4,44,25,78.1,5.35,177.5,30.8,60.5,Jute
24.9,30.9,44.2,27.2,82.5,5.6,160,26.2,55,Jute
39.7,45.7,47.7,30.3,76.3,5.12,200,25.2,57.1,Jute
47,31.8,43.6,34.2,75.6,4.8,189.3,24,40,Jute
53.1,24.8,40.8,27.3,88,4.91,180.3,30.6,41.5,Jute
31.7,32.7,46.3,31.6,90,5.08,182,31.5,54.3,Jute
32.4,20,43.2,32,79.6,5.54,170.6,29.1,90,Jute
28.9,44.1,46.7,31.7,85.9,5.11,161.3,24,68.5,Jute
51.6,47.1,43.8,29.1,78.3,5.53,191.6,32.9,57.9,Jute
31.5,22.1,40.3,28.5,79.8,5.22,191.3,27.9,75.2,Jute
35.2,27.3,50.9,29.4,71.9,5.55,167.3,29.5,51.6,Jute
34.6,35.6,37.6,33.6,74.2,5.37,163.6,29.1,72,Jute
37.3,45.3,44,31,70,5.03,186.7,26.8,68.6,Jute
40.9,19.6,38.4,27.5,84.2,4.83,162.4,27.5,64.6,Jute
32.1,33.2,56.8,33.5,81.9,5.11,160,29.2,40,Jute
30.2,27.3,40.2,27.4,87.9,4.85,200,24,71.4,Jute
36.8,44.9,49.5,29.5,75.8,5.11,186.2,24,55.8,Jute
49.1,21.5,50.1,25,83.8,4.84,179.2,26.2,64.6,Jute
10,38.6,38,30.4,89.4,5.48,163.4,29.1,62.5,Jute
35.5,30.5,38.9,24,77.8,5.29,185.7,28,68.4,Jute
42.7,26.5,41.8,27.1,74.5,4.88,181.1,26.4,65.6,Jute
16.9,10,42.9,25.3,81.4,5.55,190.7,28.6,55.3,Jute
30.5,25.1,61.5,28.4,78.8,4.92,161.7,27.3,63.2,Jute
31.8,41.7,47.5,32.6,82.5,5.52,182.3,25.3,81.3,Jute
31.3,26.2,52.9,32.2,72.2,5.13,200,31.9,41,Jute
32.7,11.3,42.1,29,79.2,4.8,168.4,28.5,67.3,Jute
53,25.1,54.2,35.2,85,4.9,160,30.7,47.4,Jute
51.7,16.9,47.4,31.5,80.7,5.14,176.4,30.1,53,Jute
23.4,12.6,40.3,33.4,81.7,5.36,185.7,29.1,62.8,Jute
34.2,35.7,55.6,30.1,86.4,5.89,199,32.7,59,Jute
39,49.3,50.4,30.8,72.6,5.69,167.3,30.5,73.1,Jute
51.3,30.1,55.1,33.1,84.6,5.02,160,26.4,67.9,Jute
34.7,45.8,39.4,28.5,81,6,184.9,32,57.9,Jute
32.7,24.8,47.2,31,80.7,5.36,174.5,31.2,64.9,Jute
44.4,27.8,36.2,31,73.9,5.94,189.8,29.1,68.1,Jute
49.6,32.2,64.7,27,85.3,5.25,160,25.8,57.2,Jute
33.7,24.6,55.9,29.8,80.6,5.71,200,25.3,42.5,Jute
44.8,12.2,51.8,28.7,77.5,5.39,160,27.3,52.6,Jute
50,21.7,44.5,30.8,79.1,5.48,197.9,25.2,64.1,Jute
29.3,23.7,39.8,34.2,83.3,4.82,200,28.8,59.3,Jute
24.4,20.4,37.4,29.7,85,5.56,184.2,27,60.5,Jute
25,34.4,45.8,27.4,76.6,5.4,189.2,27.4,42.3,Jute
60.6,27.1,47.3,29.7,81.5,4.8,181.6,33.3,44.5,Jute
18.3,38,51.2,33.3,76.9,4.95,160,29.7,59.3,Jute
49.9,17.8,43.6,29.4,78.9,5.11,200,27.9,57.9,Jute
26.8,35.1,51.6,38.3,84.3,5.65,200,35,62.1,Jute
39.4,33.6,50.4,40,86.4,5.33,171.6,27.3,59.7,Jute
35.8,45,64.6,28.2,81.8,5.24,200,29.4,68.9,Jute
47.6,24.1,50.9,34.7,77,5.48,160,33.9,61,Jute
61.3,34.4,55,33.8,74.6,5.92,200,28,40,Jute
32.4,39.6,65.4,30.3,79.7,5.4,199.6,31.2,57.8,Jute
31.6,18.3,35.8,30.8,85.8,4.9,177.4,34.1,67,Jute
56.1,25.5,37.4,26.4,70.4,5.49,190.8,32.2,59.6,Jute
24.7,44.2,52.7,31.2,75.6,4.99,170.5,30.5,61.5,Jute
58.4,35.9,40.8,30.1,82,5.43,160,27.9,54.1,Jute
24.3,26.7,48,28,81.2,5.56,178.5,26,59.2,Jute
50.1,28,48.8,27.7,72.1,5.36,190.2,27.6,69.2,Jute
48.9,37.4,54.3,32.5,80.2,5.28,165.5,30.6,65.6,Jute
43.7,21.7,58.2,31.3,81.2,4.91,163.5,27.3,57.3,Jute
23,46.5,29.4,32.9,79.8,5.3,187.6,29.7,54,Jute
47.8,35.3,42.1,34.1,78.4,5.79,177.7,25.8,58.5,Jute
31.3,37.3,55.2,31.8,78.4,5.22,166.7,26.9,90,Jute
47.4,32.3,52.5,34.5,84.1,5.49,160,29.8,74.6,Jute
63.6,36.3,68.7,28.7,81.2,5.28,177.3,30.3,59.9,Jute
33,35,32.7,31.1,85.8,5.45,180.9,28.1,46.5,Jute
42.9,22,59.2,32,75.3,5.7,174.5,24.1,70.6,Jute
43.4,27.6,50.5,30,84.4,5.27,193.2,29.7,61.2,Jute
42.2,49.8,52.4,25.5,75.6,5.22,186,27.3,82.8,Jute
34.3,34.4,51.3,26.8,81.9,4.88,160,24,49.1,Jute
45.3,43.4,44.7,30,82.2,5.22,191.4,29.9,73.5,Jute
46.2,10,43.8,26.4,70,5.73,160,24,51.2,Jute
26.2,19.2,61.1,30.1,76.8,5.3,191.3,24.5,51.8,Jute
36.3,34.6,38.2,32.1,80.9,5.03,169.5,34.2,61.1,Jute
44.8,22.8,65.6,34.9,74.8,5.61,189.1,31.5,67.7,Jute
40.5,28,60.5,31.5,77.2,5.28,183.8,24,46.2,Jute
44.8,40.7,50,40,78.8,5.36,200,30.7,56.4,Jute
43.1,24.5,69.6,31.8,73.1,4.97,187.9,26.9,44.7,Jute
40.2,24.2,68.4,31,78.3,5.69,195.9,29.7,85.7,Jute
37,33.3,100,34,73.1,4.8,160,28.5,61.7,Jute
25.5,46.2,62.4,28.4,84.9,5.37,160,26.5,52,Jute
32.7,38.9,42.9,30.2,78.8,5.97,164.1,26,58.6,Jute
46.9,35.2,47.4,26,75.9,5.45,181.7,29.3,48.1,Jute
38,10.5,61,26.9,70,5.84,182.3,31.9,49.3,Jute
20.9,27,37.8,26,71.4,5.33,174.1,24,60.3,Jute
24.9,19.3,49.2,29,84.1,5.29,160.5,31.1,62.9,Jute
46.8,36.6,48.5,40,74.1,5.67,191.7,24,61,Jute
40.3,23.4,53.3,24.6,75.6,5.52,200,29.3,57.7,Jute
27.8,22.2,58.6,30.8,75.1,5.36,200,29,54.2,Jute
45.8,25.7,51.1,30.3,70.5,5.71,181.2,29.8,68.6,Jute
44.8,36.9,32.7,35.7,77.9,5.3,186.8,28,47.9,Jute
58.9,34.9,62.1,32,81.7,5.41,177,29.7,50.9,Jute
24.5,32.3,58.3,27.4,86.3,5.2,160.2,24.4,66.2,Jute
33.3,20.2,60.2,27.6,81.3,5.44,181,29.5,66.4,Jute
42.9,29.2,42,26.8,75.9,4.88,184.2,33.7,61.6,Jute
55.3,45.4,68.6,31.9,82.3,5.37,179.1,33.1,40,Jute
41.6,38.1,57.9,31.7,76.2,5.54,160,28.1,69,Jute
35.6,20.3,40.7,24.9,86.2,4.8,183.4,28.8,57.5,Jute
34.1,36.5,45.7,35.4,78.1,5.27,186.1,26.2,73.1,Jute
35.2,21.7,46,32.6,77.4,5.7,160.3,27.7,59.3,Jute
40.9,48.9,45.1,25.4,72.2,5.52,192.5,27.2,59.3,Jute
31,29.6,51.6,31.9,70,5.21,200,29.8,58.6,Jute
25.2,30.6,58.9,36.3,81.1,5.14,160,24,47.4,Jute
39,21.5,46.1,27.8,80.8,4.81,173.5,29,54.6,Jute
43.9,22.4,30.8,33.2,84.7,5.24,169.7,31.4,58.9,Jute
42.3,20.1,58.4,35.9,83,5.61,200,25.3,59.9,Jute
32.6,27.4,63.6,32.3,88.5,5.09,200,28.9,58.3,Jute
16.7,41.3,34.4,26.7,82.4,5.4,164.4,29.7,48.3,Jute
29.7,23.7,49.6,31.1,79.1,5.31,193.1,25.1,61.4,Jute
69.1,39.5,35.1,33.8,83.4,5,171.6,24,56,Jute
54.9,40.2,57.4,32.1,79.7,5.44,160,24,41.9,Jute
40.8,19.9,54.5,30.4,85.5,5.3,198,25.8,65.5,Jute
22.1,45.9,47.4,25.7,83.4,6,172.9,29.3,40,Jute
46.4,22.7,49.3,31.1,83.8,5.86,160,30.9,66.6,Jute
43.5,18.5,42.7,28.8,75.9,5.56,200,29.4,48.4,Jute
27.8,35.8,44.3,34.6,77.9,5.56,161.3,29.1,51.3,Jute
49.5,35.4,38.5,28.7,78.6,5.17,196.7,34.5,50.4,Jute
25.4,23.7,48.7,27.6,76.1,5.06,165.7,27.6,69.8,Jute
59.4,10,64.7,30.1,80,4.8,190.7,27.5,52.5,Jute
36.9,24.8,55.4,24,81.1,5.33,196.8,31.4,59.8,Jute
52.4,19.2,36.7,33.3,78.8,5.65,169.9,24.5,59,Jute
42.7,16.5,43.5,29.5,84.4,5.44,200,24,54.1,Jute
40.5,34.2,42.4,30.2,81.7,4.88,186.1,31.7,41.1,Jute
35.8,38.2,32.9,33.8,84.8,4.95,185.5,34.8,57.1,Jute
53.2,10,57.1,25.8,83.5,5.15,179.3,26.9,64.1,Jute
48.1,35.6,55.1,32.9,83.1,5.7,200,31,69.3,Jute
33.3,33.2,51.4,29.7,82,5.38,166.3,32.7,71.2,Jute
23.7,20.4,34.5,27.6,77.7,5.62,186.6,27.5,40,Jute
48.7,28.8,56.2,33.8,73.9,4.8,171.6,30.7,65.5,Jute
36.4,11.2,58.9,26.5,74.8,5.77,200,28.4,63.4,Jute
40.5,31,52.5,32.4,84.7,5.18,188.6,28.4,53.8,Jute
40.3,29.7,48.7,27.4,80.1,5.62,160,24.6,57.4,Jute
33.4,28.2,68.7,25.9,85.1,5.24,160,25.5,60.3,Jute
44.6,36.5,49.7,24,83.3,5.18,162.6,26.2,58.3,Jute
49.5,32.8,42.9,33.8,81.5,5.35,160,27.3,40,Jute
34.7,30.7,39.3,30.9,70,5.88,170.5,33.9,76.5,Jute
47.3,35,23.6,24,81.8,5.46,200,25.1,65.1,Jute
42.8,14.2,53.1,30.5,81.4,5.17,160,28.1,50.1,Jute
35.4,43.7,74.4,27.7,90,5.34,191,33,51.8,Jute
36.5,17.9,53,32.8,85.9,5.22,168.2,24,89.7,Jute
21.3,23.4,44.8,33.5,81.9,4.8,181.5,30.1,64.9,Jute
43.1,53.1,49.1,39.2,90,5.31,200,32,51.2,Jute
30.6,32.8,60.5,27.2,82.9,5.08,200,32.3,70.9,Jute
42.8,35.6,50.8,28.2,81.3,5.28,200,26.2,90,Jute
43.8,47.9,46.3,26.6,81.2,5.61,165.5,26.6,57.1,Jute
54.1,20.5,53.3,28.2,88.4,5.67,189,28.7,41,Jute
54.6,10.3,48.9,30.3,80,4.8,176.5,24,72.5,Jute
31.2,50.9,46.1,27.8,86,5.37,191.6,31.1,64.1,Jute
44.4,30.6,38.1,28.4,76.4,5.3,200,24,63,Jute
56.1,27.4,73.3,30,90,5.28,172.4,29.4,56.5,Jute
65.4,15,39.5,24,78.8,5.17,200,27.9,58.3,Jute
49.8,32.7,55.3,36.1,75.3,5.54,179.5,30.4,84.5,Jute
46.2,22.7,43.7,27.1,88.4,5.02,160,29.7,66.2,Jute
40.8,13.7,52,29.8,80.6,5.49,185.2,28.8,71.8,Jute
29.3,42.4,49.2,31.1,79,5.17,166.5,29.7,55.4,Jute
30.5,45.2,23.1,36.6,73.9,5.32,174.1,27.2,60,Jute
37.3,41.1,47,27.9,83.9,5.25,189.1,24.2,60,Jute
54.8,26,60.9,34.4,78.9,5.21,169.7,24,54.5,Jute
49.9,47.2,51.9,31.8,80.1,4.9,200,24.5,88,Jute
30.7,33.7,60.7,29,79.5,5.36,200,28.3,73.4,Jute
52.5,41.2,31.6,28.6,90,4.8,200,29.5,62.9,Jute
59.8,23.4,48.9,26.7,89.6,5.43,160,30,51.1,Jute
46.7,30.3,64.3,28.2,74.6,5.14,160,25.9,63.7,Jute
46.4,29.2,59.4,30.2,82.5,4.8,160,25.8,50.7,Jute
34.3,20.9,46.1,34,70,4.99,186.6,27.6,60.1,Jute
40.4,21.5,47.4,27.3,84.5,5.23,182.2,25.8,65.4,Jute
33.3,14.8,47.3,30.5,73.5,5.03,164.1,24,57.2,Jute
47.2,33.1,62.2,31.9,84.2,5.28,175.5,29.1,48,Jute
40.8,50.1,55.3,30.5,73,5.07,160,24.2,72.5,Jute
53,36.6,53.4,32.8,78.5,5.23,175.3,33.6,56.5,Jute
37.2,30.3,34.9,32.2,77.8,5.43,183.2,24.6,90,Jute
43.4,32.9,59.5,28.9,80.3,5.15,166.8,25.2,44.1,Jute
39.1,36,52.4,40,72.6,5.1,199.7,24,46.1,Jute
41,24.7,58.1,27.1,73.1,5.89,200,27.9,65.2,Jute
36.7,28.4,47.9,31.6,89.9,5.15,175.9,27.2,52.2,Jute
65.8,18.4,43.8,27.2,84.2,5.31,200,27.9,64.1,Jute
27.7,45.2,40.1,28.5,72,5.13,184.6,29.2,63.9,Jute
26.5,40.9,35.9,31.4,71.9,5.01,183,25.9,58.4,Jute
33.4,25,63.9,26.1,81.2,6,200,31.2,54,Jute
26.4,28.4,42.7,30.9,76.9,5.66,160,30.8,59.1,Jute
54.9,35.8,49.2,34,80.4,5.26,180.3,26.9,86.3,Jute
28.1,36,40.7,26.5,77.7,5.29,200,28.5,54.5,Jute
34.1,37.4,52.9,28.6,79.2,5.79,185.6,30.9,59.4,Jute
33,23.2,63,30.8,77.4,5.42,161.9,27.1,60.2,Jute
30.8,22.6,43.4,33.2,82,5.46,200,27,74.3,Jute
44.7,10,52.7,29.8,90,5.18,168.8,34.7,75.1,Jute
44.4,14,51.3,25.9,75.5,5.13,200,24,59.3,Jute
46.5,31.2,45.8,29.3,81,5.09,160,24,55.2,Jute
35.1,37.9,59,26.5,82.3,6,181.5,29,80.9,Jute
80,44.7,42.8,33.8,76.3,5.64,169.3,28,57.3,Jute
30.6,24.8,57.5,26.9,79.7,5.55,160,26.9,58,Jute
34.3,21.4,59.3,32.8,80.4,5.46,197,24.4,56.3,Jute
37.6,21.7,48.1,30.9,82,5.05,188.3,30,67,Jute
42.1,38.6,57.8,31.1,74.7,5.05,183,35,42.6,Jute
37.3,60,44.8,31.7,79,5.84,198.4,34.2,76.8,Jute
23,26.3,49.7,34.4,76.9,5.04,183,24.2,63.2,Jute
36.5,16.8,62.8,27.5,73.9,5.27,181.7,24,62.4,Jute
33.8,44.4,53.6,29.3,81.3,5.06,160,29.3,58.2,Jute
35.8,44.4,40.2,34.7,79.5,5.16,192.1,24.6,40,Jute
41.7,22,36.6,35.6,86.7,4.8,199,28.1,59.1,Jute
25.8,39.3,37.9,27.8,80.2,5.02,183.5,32.7,51.2,Jute
50.7,25.6,52.3,24,73.8,5.23,160,28.1,45.5,Jute
50.6,26.1,61.3,31.3,89.1,4.95,160,27.8,52.7,Jute
45.5,20.8,61.7,28.2,83.4,5.44,160,25,65.2,Jute
64.6,10,35.7,24,70.2,4.8,179.9,31.2,59.1,Jute
47.7,35.2,44.4,30.4,72.4,5.01,187.7,28.7,76.4,Jute
42.1,33.4,66.1,33.1,78.7,5.21,160,24,69.8,Jute
28,41.9,48.9,29.8,74.8,5.28,170.2,30.8,65.3,Jute
32.6,25.1,45.6,30,72.2,4.97,191.3,29.9,62.3,Jute
33.3,42.6,42.3,30.7,75.2,5.43,160,24.3,57.9,Jute
48,60,45.5,27.5,82.6,5.56,189.2,31.3,59.2,Jute
42,26.8,66.8,32.2,71.2,5.39,190.5,28.7,73.6,Jute
122.5,72.3,124.9,23.6,82.5,6,1338.9,20.6,53.3,Coffee
126.4,82.6,161.2,27,65.1,6,1598.1,16,49.4,Coffee
98.2,124.7,105.5,19.2,79.6,6.5,1680.1,20.3,53.8,Coffee
99,82.6,100.7,21.2,80.4,6,1901.7,28,60.8,Coffee
141.8,30,124.2,25,70.2,6.33,2053.2,19.4,39.2,Coffee
135.6,61.1,166,16.2,71.1,6,1793.1,20.6,58.6,Coffee
163.5,67.3,124.5,23.4,75.7,6.32,1694.7,19.1,58.7,Coffee
128.5,81.4,104.8,22.8,72.5,6.25,1438.2,20.2,44.2,Coffee
106,82.4,91.7,25.3,78.8,6.24,1772.2,23.8,43,Coffee
117.6,85.3,134.5,26.2,67.1,6.5,1719.3,21.5,39.9,Coffee
114.4,52.2,118.3,20.3,72.3,6.49,1798.2,26.7,65.6,Coffee
160.6,88.7,112.5,16.1,79.4,6.32,1200,23.5,30,Coffee
110.8,57.9,130.4,18.6,85.6,6,1495.2,22,53.4,Coffee
143.1,99.6,83.8,22.5,68.2,6.37,1830.2,22.2,42.9,Coffee
138.2,64.9,118,27.3,76.2,6.21,1954.3,21.7,56,Coffee
94.5,115.6,97.5,22.1,78.8,6.5,1644.6,18.6,64.8,Coffee
80,70.9,161.2,21.4,85,6.5,1727.1,24.4,61.2,Coffee
107.5,86.2,105.6,17.4,68.2,6.49,1847.6,22.9,53.7,Coffee
129.4,79.1,104.8,16.6,78.1,6.21,1458.3,24.2,42.3,Coffee
109.9,85,60,19.3,68.6,6.3,2104.3,24.7,60.3,Coffee
124,130.6,166.5,23.4,73.8,6.29,1638.4,22.7,51.4,Coffee
147,63.9,137.6,17.9,90,6,1577.9,20.5,73.2,Coffee
123.5,56.7,117.2,21.2,72.6,6.5,1528.8,23.2,47.2,Coffee
107.9,89.8,98.4,20.2,66.5,6.24,2200,21.2,74.5,Coffee
107.3,77.6,123.6,23.1,65.3,6,1796.3,25.1,37.6,Coffee
113.9,83.3,186.6,22.9,72.2,6,1991.4,20.3,48.4,Coffee
115.5,64.7,84.3,24.1,79.5,6.45,1447.9,25,53.7,Coffee
113.5,116.7,138.8,21.5,65.8,6,1560,28,39.6,Coffee
96.1,55.3,75.7,22.2,79.3,6,1416.9,20.4,37.2,Coffee
113.3,74,81,25.3,74,6,1302.5,19.5,53.8,Coffee
173.5,69.4,81.5,21.6,73.3,6.5,2200,27.1,54.9,Coffee
161.1,86.9,86.8,25.8,86.2,6.5,1627,21,59.1,Coffee
102.8,88.6,84.6,21.9,79.1,6,1899.9,24.1,60.5,Coffee
120.4,55.7,106.7,20.5,83.8,6,1837.4,28,43.9,Coffee
153.6,75.9,84.3,21.3,64.2,6.44,1810.2,24.3,55.3,Coffee
131.9,102.6,107.9,15,81.4,6,1699.2,19.7,45.9,Coffee
137.5,103.1,74.4,23.8,79.1,6,1872.4,22,40.4,Coffee
133.1,93.5,139.7,20.6,77.7,6.5,1575.3,23.5,34.6,Coffee
80,64.7,133,20.9,72,6,1523.6,20.2,30,Coffee
107.2,51.1,109.8,21.1,75.5,6.5,1470.6,20.8,57.1,Coffee
126,97.1,122.5,21.7,72.1,6.5,1544.1,21.2,30,Coffee
149.2,88.8,164.4,20.5,76.1,6,1895,25.1,55.3,Coffee
126.5,91.2,134.8,26.3,77.9,6.5,1866.9,26.4,50.4,Coffee
128.8,60.4,115.3,22.5,77.5,6.4,1866.6,25,46.5,Coffee
125.7,68.5,79.8,24.7,71.5,6,1789.6,28,42,Coffee
128.1,65.7,152.1,26.6,65.7,6.1,1732.6,24.4,58.2,Coffee
120.4,80.2,132,18.1,69.5,6.5,1581.8,17.1,35.7,Coffee
98.5,86.2,112,21.8,85.2,6.43,1673.1,21.9,49.8,Coffee
170.1,83.7,104.7,20.9,75.8,6.06,1467.8,24.4,49.1,Coffee
146.7,68.5,133.9,23.1,86,6.5,1359.1,22.3,49.8,Coffee
122.6,82.4,120.1,24.3,76.2,6,1831.1,19.8,53.4,Coffee
116.4,114.6,200,24.3,81.1,6,1668.6,25.8,54.2,Coffee
100.4,56.2,129.9,27.4,72.2,6.5,1670,19.1,45,Coffee
108.7,73.8,127.4,27,74,6,2123.7,20.8,58.9,Coffee
121.6,70.2,94.9,22.6,69.9,6,1584.6,24.1,47.1,Coffee
118.4,86.7,120.7,20.2,66.9,6.5,1490.8,21.7,33.2,Coffee
86.4,77.3,60,25.7,80.9,6.5,1424.1,18.3,36.1,Coffee
145.9,72.1,114.8,25.2,67.2,6.5,1673,25.4,53.3,Coffee
133,74.9,106.2,17.8,72.7,6,1606.2,19.1,48.6,Coffee
114.7,38.9,114.9,19.8,71.9,6.08,1577.4,28,52.4,Coffee
100.2,35.6,127.2,23.2,82.4,6,1631.8,18.7,49.4,Coffee
80,81.5,119.9,21.7,78.2,6.04,1574.2,21.9,47.7,Coffee
122.3,39,140.7,25.5,69.7,6.47,1555.4,21,65.4,Coffee
141.5,61.6,88.4,20.8,77.3,6.05,1687.5,20.8,64,Coffee
102.7,71.4,97.6,21,80.3,6,1653.8,23.6,40.2,Coffee
138.9,77.8,84.3,17,81.5,6.48,2114.9,15.9,48.3,Coffee
83.1,103.9,152,15.7,71.2,6.1,2200,28,50.2,Coffee
137.7,75.4,114.3,20.8,78.2,6.2,1535.2,23.3,38.2,Coffee
122.3,76,121.8,27,69.8,6,1610.9,28,42.3,Coffee
122.2,74,136.4,21.4,78,6.5,1683,22.6,50.3,Coffee
121.6,99.5,122.5,20.4,80.3,6.03,1339.7,25.3,42.2,Coffee
179.1,79.3,165.3,22,67.8,6.36,1806.6,23.5,37.7,Coffee
84.8,67.2,120.1,26.4,74.7,6.5,1440.4,19.9,40.6,Coffee
133.2,93,99.8,21.3,84.7,6.38,1888.7,24,39.8,Coffee
128.5,61.4,126.1,22.7,77.6,6,1871.1,27.2,53.4,Coffee
153.6,53.3,153.3,27.8,67,6.31,1801.1,16.8,58.2,Coffee
153.5,103.9,173.7,23.2,74.9,6,1344.1,24.1,63.5,Coffee
134.7,47.3,128.9,22.1,66.7,6.17,1489.4,26.4,63.5,Coffee
137.6,106.2,85.7,21.3,69.5,6,1710,23.7,62,Coffee
124.7,119.4,101.1,25.3,73.7,6,1554.8,22.2,31.2,Coffee
144.1,106.5,105,24.4,79.4,6.33,1309.6,18.6,57.7,Coffee
151.4,70.1,121.4,21.1,74.1,6.5,1761.4,22.4,46,Coffee
83,100.2,142,15,70.7,6,2001.4,17.7,67.5,Coffee
107.5,74.5,118.6,17.9,74.1,6.15,1797,22,60.1,Coffee
82.2,133.3,138.5,20.4,73.9,6.24,2042.3,28,48.2,Coffee
100.6,77.5,82.5,18.9,78.1,6.34,1726.1,22.4,48.5,Coffee
123.6,65.2,108.6,22.8,79.3,6.5,1967.4,21.2,43.6,Coffee
130,103.4,157,19,77.8,6.33,1650,22.3,51.3,Coffee
89.6,70.7,101.2,20.6,71.7,6,2033.1,24.6,40.7,Coffee
109.5,73.1,136.7,27.2,77.7,6,1418.5,21.8,46.9,Coffee
132.1,71.4,154.7,19.1,77.5,6.3,1640.9,15,50,Coffee
116.6,49.5,183.2,23.6,75.9,6.42,1551.3,20.5,44.7,Coffee
95.9,66.6,60,20.7,73.1,6.38,1459.2,19,54.7,Coffee
118,66.1,111,18.7,78.9,6.5,1415.3,18.3,69.6,Coffee
122,71.1,158.2,21.7,74.6,6.5,1664.9,19.2,41,Coffee
120.1,69.4,127.1,22.6,80.9,6,1423.7,27.7,51.4,Coffee
140.9,107.7,91.4,21.2,80.2,6,1564.9,28,49.2,Coffee
141,97.8,100.2,22.8,73.4,6,1676.5,21.2,48.9,Coffee
106.1,66.2,109.4,21.3,71.4,6,1772.8,18.3,69.9,Coffee
143.9,77.1,110.9,23.1,79.9,6.5,1656.4,21.6,50.6,Coffee
102,102,149,16.2,68.3,6,1575.9,18.9,59.7,Coffee
120.1,100.8,74.7,17.8,76.9,6.47,1971.1,25.8,47.2,Coffee
141,83.8,117.7,16.5,75.3,6.5,1759.6,28,48.1,Coffee
147.5,56.1,105.1,20.8,74.7,6.1,1987.9,20.9,49.1,Coffee
151.1,34.3,94,22.4,80.4,6.43,1675.5,19,54.5,Coffee
97.8,57,111.7,26.2,68.5,6.5,1373.7,17.6,47.2,Coffee
121.4,133.8,101.3,24.6,67.6,6,1861.1,23.8,51.3,Coffee
80,74.1,106.1,18.1,71,6.41,1310.6,25.6,49.9,Coffee
121.2,81.1,103.3,23.3,71.9,6.39,1506.4,15,30,Coffee
108.2,89.8,122.4,21.8,79.7,6.35,1366.3,18.2,31,Coffee
104.6,80.8,139.1,25.9,73.3,6,1752,19.6,64.7,Coffee
125.8,83.8,138.1,20.6,74.6,6.5,1456.4,24.2,42.8,Coffee
131.3,60.1,154.1,20.2,71.7,6.5,1798.1,21,55.9,Coffee
127.3,106.4,166.7,16.9,79,6.2,1927.7,22.3,69.3,Coffee
140.9,86,66.4,25.5,90,6.5,1320.6,22.1,52.6,Coffee
122.5,108.7,114.9,18.9,74.4,6.5,1571.8,23.9,49,Coffee
138.6,79.3,108.2,19.7,69,6.5,1567.4,19.8,51.2,Coffee
98.5,54.4,156.9,24.3,66.6,6,1673.1,20.9,58.6,Coffee
114.9,30,136.4,26.3,73.6,6.5,1200,28,48.3,Coffee
144.8,66,135.4,23.2,72.9,6.5,1450.1,27.4,50.2,Coffee
141.6,68,118.1,19.3,60,6,1732.4,19.5,51.6,Coffee
101.3,74.8,108.4,19,68.6,6,1628.9,18.4,49.9,Coffee
87,89.4,154.2,21,76.6,6.5,1696,20,50.1,Coffee
156.6,103.6,86.5,20.2,74.3,6,1693.6,21.9,38,Coffee
96.6,74.9,83.2,25.2,83.8,6.5,1474.7,18.7,51.2,Coffee
108.3,74,114.6,27,80.9,6,1401.8,25.5,56.4,Coffee
93.4,78.9,110.2,19.3,75.9,6.5,1854.7,27.2,58.6,Coffee
135.6,125.1,115.7,19.6,67.4,6.5,1506.9,17.9,53.1,Coffee
125.7,70.3,135,26.8,73,6,1319.2,22.1,59.5,Coffee
111.6,106.7,194.8,18,78.2,6,2135.4,20,46.2,Coffee
94.2,104.4,107.9,26.3,82.9,6.5,1789.5,21.3,61.4,Coffee
104.5,32.7,152.9,27.3,78.7,6.5,2027.7,17,66.3,Coffee
105.6,78.7,134,24.2,71.1,6,1784.7,21.7,60,Coffee
133,63.3,72.3,25.2,75.5,6.5,2076.8,28,47.6,Coffee
84.4,93.9,82.7,25.3,70.6,6,1590.4,19,44.8,Coffee
92.1,69.1,71.4,27.4,75.1,6.21,1909.5,21.7,51.7,Coffee
117.9,54.9,140.6,24.2,75.4,6.19,1443.3,20.6,41.1,Coffee
81.6,66.2,76.3,26.6,77.1,6.5,1917.1,24.3,59.2,Coffee
110.7,92.3,107.6,16.7,77.1,6,1743.4,16.2,50.8,Coffee
80,132.6,60.6,19.6,71.7,6,1525,21.2,48.6,Coffee
133.5,84.1,148.6,25.4,68.4,6.15,1315.6,26.3,41.9,Coffee
131.7,59.2,138.9,22.3,72.9,6.5,1580.6,28,53.5,Coffee
119.7,115.8,92.8,18.4,80.1,6,1549.2,17.3,57.5,Coffee
99.6,113.1,86.2,27.9,77.6,6.5,1833.6,27.2,65.1,Coffee
103.5,92.2,128.6,21,77.4,6.01,1643.6,21.2,55.8,Coffee
127.4,111.2,129.4,24,62.8,6.5,1518.3,24.5,59.1,Coffee
119.9,53.9,103.8,19,68.7,6.17,1852.6,22.4,39.1,Coffee
129.4,61.3,172.2,25.6,71.2,6,1577.2,20.6,35.9,Coffee
138.2,70.9,144.2,18.4,78.1,6.35,1795.6,22.2,63.1,Coffee
132.5,80.1,129,26.2,72.5,6.07,1865.8,27.6,50.3,Coffee
106.1,99.7,147.8,22.7,69.5,6.5,1747.4,24.7,42.8,Coffee
115.1,63.2,66.5,22,76.3,6,1629,17.7,50.6,Coffee
118.3,102.4,113.6,22.9,83.3,6.09,1406.4,19.7,52.2,Coffee
103.2,66.3,94.1,15,65.7,6,1758.7,28,57.4,Coffee
111.6,63.6,95.2,23.4,72.4,6.44,1641.6,25.3,54.5,Coffee
120.6,88.7,133,17.1,73.6,6,2009.2,19.8,48,Coffee
103.4,97.4,94.8,16.7,68.6,6.5,1582.4,22.1,57.2,Coffee
126.5,112.3,142.1,25.3,77.5,6,1452,19.4,69,Coffee
127.4,73.3,146.9,16.7,68.5,6.29,1229.3,16.4,47.4,Coffee
127.5,82.6,87.7,18.4,70.8,6.43,1481.4,26.4,42.4,Coffee
145.6,60.6,138.9,24.9,63.1,6.13,1530.2,19.4,49,Coffee
110.3,110.8,64.8,23.3,72.3,6.5,1774,25,43.9,Coffee
86.7,104.1,104.7,26.2,77.1,6.5,2016.9,28,36.5,Coffee
148.9,49.4,114.4,19.6,73.3,6.5,1752.8,23.2,57.1,Coffee
124.6,83.5,100.4,19.6,90,6.27,1427.7,19.1,58.6,Coffee
128.2,79,76,15.5,63.2,6.46,1634.4,28,37.1,Coffee
90.9,69.8,77.1,19.6,72,6,1946.5,20,42.4,Coffee
88.7,44.3,93.9,24.1,67.4,6,1705.6,20.3,50.9,Coffee
128,112.1,142.8,21.9,81.8,6.37,1787.2,20.5,48.2,Coffee
122,72.3,76.2,21.6,74.7,6.33,1841.5,25.6,69,Coffee
142.3,81.8,88.1,24.8,77.3,6,1806.4,22.5,51.2,Coffee
119.9,55.8,148.5,25.1,80.4,6,2124.1,17.7,55.9,Coffee
105.7,58,149.1,20.2,70.8,6.31,1698.9,18.5,41.3,Coffee
147.5,51.8,103.9,25.7,75.2,6.15,1841.3,28,69.4,Coffee
85.4,125.8,136.2,24.4,75,6.44,1991.1,22.6,51.6,Coffee
109.7,60.3,147.3,20.8,76.4,6.37,1486,17.1,39.1,Coffee
109.8,69.7,132.1,21.2,77.2,6.5,1831.7,18.7,44.2,Coffee
115.9,58.3,128.2,19.2,82.8,6.18,1596,21.4,74,Coffee
129.6,108.2,94.9,22.1,80.8,6,1753.9,26.7,45.1,Coffee
104.8,76.5,121.9,22.1,72.1,6.08,1751.3,20,34.7,Coffee
106.6,30,129.1,22.5,69.8,6.5,1881.5,20.3,35.4,Coffee
133.3,77.2,100.7,21.8,78.6,6,1672.4,22.9,49.6,Coffee
102.3,72.2,200,26.9,78.3,6.5,1750.1,17,30,Coffee
85,97,145.7,21.1,66.8,6.5,1366,15,43.9,Coffee
111.4,81.9,106.4,21.5,82,6.29,1667.7,18.8,35.7,Coffee
137.1,76.5,138.9,22.7,70.5,6.02,1419.6,20.3,47.3,Coffee
138.6,59.5,114.2,19.6,65.3,6.5,1559,28,54.2,Coffee
142.1,70.6,67.6,23.4,69.4,6.5,1229.5,21.3,48.3,Coffee
131.6,79.7,143.3,20.9,71.3,6,1606.9,23.3,42.8,Coffee
125.6,79.4,158.2,25,82.6,6,1604.6,22.1,33.6,Coffee
105.7,117.5,108.2,25.8,69.8,6.5,1582.6,17.7,62.7,Coffee
117.4,122.2,156.5,22.2,73.8,6,2090.6,16.6,55.7,Coffee
108.7,88.6,167.1,25.4,76.4,6,1794.2,28,63.3,Coffee
129.1,91.8,150,19.9,71.7,6,1520.2,18.2,54.6,Coffee
125.9,73,109.8,26.2,70.3,6,1333.5,20.4,53.2,Coffee
150.9,118.8,153.7,22,68,6.47,1783.3,19,58,Coffee
127.1,38.9,81.8,30,76.3,6.5,1776.7,25.9,63.4,Coffee
102,98,117.5,21,72.3,6.5,1834.8,28,70.8,Coffee
86.9,91.3,114.5,16.8,73.8,6.38,1773.4,27,49.1,Coffee
120.6,52.2,60,18.1,78.1,6,1963.1,18.5,45,Coffee
145.1,95.9,136.1,23.8,75.4,6.5,1506.7,22.9,41.2,Coffee
118.4,73.4,103.6,25,81.2,6.17,1814.7,20.5,57.9,Coffee
88.8,58.9,91.3,16.6,77.2,6.05,1929,21.3,67.1,Coffee
124.5,52.1,145.3,17.5,80.3,6,1455,25.7,34,Coffee
119.7,105.4,130.6,27.8,73.7,6.5,1973,22.4,42.9,Coffee
125.2,71.5,105.3,21.7,81.7,6.5,1764,19,61.9,Coffee
101.6,93.1,99.6,24.1,70.4,6.5,1385.2,21.6,57.3,Coffee
142.6,35.7,181.8,22.1,73.3,6,1604.3,20.1,44.3,Coffee
149,124.1,96,22.9,81.1,6.09,1583.6,22.1,66.2,Coffee
138.2,102.6,154.2,17.6,67,6.23,1662.4,20.9,48.1,Coffee
131.2,77,121.5,20.1,64.5,6.5,1200,24.1,55.9,Coffee
123.8,80.8,92.5,29.3,68.4,6.24,2068.5,23,30,Coffee
94.2,102.8,150.5,23.1,76.5,6.07,1882.7,19,39.8,Coffee
153.7,56.5,134.2,19.4,69.3,6.23,1805.7,20.7,64.7,Coffee
82.1,83.7,154.8,26.3,71.4,6.44,1544.5,21.7,55.2,Coffee
123.7,79.5,85.7,16.9,75.9,6.18,1807.2,19,59.5,Coffee
159.5,60.1,75.9,19.8,75.2,6.5,1768.5,19.9,62.2,Coffee
126.7,42.4,131.2,21.8,79.4,6.37,1754.4,25.5,54.5,Coffee
188.4,58.2,130.9,25.5,78.8,6.5,1846.6,17.5,40.9,Coffee
107.7,76.7,72.5,23.9,68.9,6,1872,21,72,Coffee
126.6,47.2,119.7,16.1,71.7,6.5,1522.1,25.5,56.5,Coffee
141.7,75.4,69.6,27.4,69.9,6.5,1792.3,19,57.8,Coffee
138,35.7,111.2,18.5,83.6,6.5,2096.7,25.9,47.2,Coffee
109.5,122.1,114,24.8,76.8,6,1841.3,20.2,54.9,Coffee
100.4,69,75.5,22.9,77.2,6.5,1274.7,21.9,43.1,Coffee
182,77.1,122.7,23.3,77,6.5,1436.5,25.5,54.5,Coffee
80,94,117.4,23.7,77.3,6.05,1308.4,19.5,53.8,Coffee
128.3,84.7,89.6,28.3,72.1,6,2033.5,19.1,51.9,Coffee
121.8,118.2,150.8,19,82,6.5,1200,21.4,48.1,Coffee
116,86,119.4,21.3,72.3,6,1536.3,22.5,77.9,Coffee
115.8,70.1,134,19.7,73.7,6.5,2122.9,23.5,40.8,Coffee
104,121.9,165.8,23.1,76.5,6,1916.5,20.6,68.4,Coffee
128.3,74.5,180.7,21.9,78.8,6.3,1671.9,23.5,48.2,Coffee
121,68.6,193.7,25.8,74.7,6,1432.3,21.7,52.1,Coffee
134.1,42,200,18.9,69.3,6.49,1749.5,25.4,49.3,Coffee
128.2,73.9,122.7,23.4,73.4,6.5,1675.6,22.5,57.2,Coffee
112.7,83.6,127.7,19.9,75,6.37,1566.8,27.8,52.5,Coffee
116.5,70,60.2,15,80.3,6.5,1561.1,23,60.9,Coffee
110.3,67.7,158.8,20.4,87.2,6,1498.2,24.1,53.2,Coffee
130.5,74.1,121.4,20.1,79.6,6,1559.4,17.5,39,Coffee
113.8,79.7,72.1,21.5,74.3,6,2010.9,21,44.7,Coffee
114.5,78.3,120.3,22.4,80.5,6.5,1896.2,15.9,61.4,Coffee
108.4,114.1,119.3,23.7,73,6.5,1901,19.4,49,Coffee
110.6,76.5,99.6,22.8,78,6.5,1528.1,28,51.1,Coffee
103.8,73.7,95.8,19.7,68.7,6,1478.1,22.1,56.1,Coffee
103.4,85.3,131.4,22.6,74,6,1761.4,23.1,57.7,Coffee
117.2,51.1,119.1,22.9,75.7,6,1521.2,20.9,35.6,Coffee
94.5,60.6,122.2,20,72.1,6,2200,24.5,50.3,Coffee
90.8,67.2,129.5,21,72.1,6.5,1393.7,15,46.3,Coffee
80,48.5,153.3,28.7,81.1,6.5,1875.7,24.7,64.3,Coffee
98.7,61.4,132.7,15,86.2,6.16,1659.9,16.7,53.8,Coffee
80,74.5,103.8,23.2,71.1,6.19,1717.6,18.8,47.9,Coffee
118.1,107.8,105.7,23.5,75.1,6.5,1964.5,23.5,30,Coffee
133.5,94.6,152.1,21.2,90,6,1632.5,18.1,66.7,Coffee
130.5,74.5,113.2,23.5,73.5,6.5,1818.1,22.1,46.9,Coffee
111,80.4,85.1,25,74.9,6.5,1578.2,21.7,44.8,Coffee
118.1,109.8,170.6,18.6,74.8,6,1200,22.8,44.6,Coffee
101.5,74.1,110.3,22,68.7,6,1716.2,15,71.2,Coffee
120.2,108.3,152.6,21.4,73,6,1577.4,19.5,47.1,Coffee
111.6,84,155.4,19.1,73,6.13,1980.9,20.6,44.6,Coffee
113,61.8,147.5,16.8,77,6,1613,20.8,46,Coffee
121.4,106.2,146.3,23.1,75.1,6.5,1426,23.3,59.9,Coffee
91.9,95.2,136.1,18.7,67.3,6.5,1760.7,21.2,49.4,Coffee
96.7,63.9,156.5,19,82.1,6,1630,22.4,52.3,Coffee
107.9,99.7,104.2,23.3,72.4,6,1583,18.6,55.5,Coffee
121.9,107.7,121.1,23.9,78,6.5,1893.4,24.6,52.5,Coffee
134.3,81.6,135.1,15,73.2,6.47,1328.8,22.1,45.9,Coffee
108.5,84.1,143,23.1,74.8,6.5,1200,22.4,51.9,Coffee
80,88.9,136.4,17.7,75.7,6.5,1733.1,21,57.5,Coffee
121.5,75.7,60,26.2,70,6.5,1532.9,23.5,49.2,Coffee
124.5,115.9,146,18.3,68.3,6.5,1426.8,18.4,48.5,Coffee
117.6,30,133,21,67.5,6,1540.3,19.5,47,Coffee
141.4,79.4,115.3,25.9,68.9,6,1902.4,24.2,57.9,Coffee
99,150,113.3,20,70.3,6.39,1879,26.3,43.9,Coffee
102.2,101,138.3,16.7,75.2,6.5,1652.3,20.4,41.6,Coffee
88.2,101.3,119,25.7,81.5,6.5,1798.2,24,64.5,Coffee
125.7,69.6,126.9,20.4,73.7,6,1938.1,22.5,41.4,Coffee
117.4,97.2,140.2,21.9,77.4,6,1543.2,22.3,47.6,Coffee
111.8,94.3,137.5,25.3,74.6,6.07,1799.1,20.7,49.2,Coffee
140.4,74.4,123.6,21.6,79.7,6,1967,18.1,57,Coffee
109.4,46,106,18.5,73.9,6.5,1822.9,20.4,60.8,Coffee
126.9,108.5,137.6,22.5,78.9,6.5,1665.7,20.9,45.6,Coffee
140.9,90.3,156.5,20.7,73.1,6,1817.4,19.4,58.8,Coffee
94.9,91.1,156,20.8,84.3,6.5,1958.4,22.2,46.6,Coffee
134.9,83,93.4,22.5,79.5,6.5,1538.5,27.8,58.6,Coffee
122.2,89.9,120.3,24.2,76.5,6.5,1616.2,19.9,46,Coffee
101.6,94.5,116.2,18.3,69.5,6.5,1512.6,18,49,Coffee
112.6,46.6,74.2,23,65.9,6.5,1639.4,21.5,38.2,Coffee
109.9,83.8,140.3,25.3,68.2,6,1922.8,20.5,40.3,Coffee
87.6,60.9,125.4,19.7,67.3,6.48,1762.3,22.6,37.8,Coffee
83.7,48.5,136.4,17,80.6,6.5,1707.1,18.6,37,Coffee
123.9,94.7,97.6,21.3,76.7,6,1490.2,22.2,30,Coffee
155.5,93,60,18,70.3,6.5,1718.3,20,55.6,Coffee
108.6,51.9,120.3,19,82.5,6.01,1691.4,20.6,51.1,Coffee
107,66.2,127.5,20.9,79.9,6,1586.5,23.1,51,Coffee
140.5,78.8,121.8,18.4,79.1,6.5,1773.2,25.1,32.6,Coffee
102.1,67.6,108.3,15.2,76.5,6.5,1798.7,21,38.5,Coffee
90.3,113.2,101.2,19.9,71.9,6,1646,18.6,67.8,Coffee
117.7,87.2,119.5,20.2,77.5,6.5,1641.2,25.9,60.1,Coffee
128.1,56.4,103.9,23.7,78.6,6.41,1672.8,15.9,42.3,Coffee
133.4,85.5,105.9,20.7,81.4,6.43,1609.7,21.9,53.4,Coffee
109.1,91.3,126.2,20.7,66.3,6.41,1889.3,27.8,42.2,Coffee
147,57.4,123.8,23.5,81.4,6,1756.4,21,61.6,Coffee
88.3,75.9,98.1,27.5,75.9,6.05,1427.2,22,42.4,Coffee
102.5,100.7,113.7,23.8,75.9,6.14,2123.8,25.5,74.2,Coffee
107.5,81.5,141.8,23.9,75,6,1728.8,21.3,36.9,Coffee
116.4,108.2,156.5,22.8,63.5,6.5,1827.3,27.7,31,Coffee
142.3,98.5,149.6,23.5,78.3,6,1504.7,19.7,62.7,Coffee
162,82.8,85.2,19,81.4,6.36,1766.3,25.9,48.1,Coffee
99.4,86.6,153.4,22.2,77.2,6,1939,22.3,40.1,Coffee
177.1,80.1,141.4,23.6,71.4,6.37,1996.5,16,54.2,Coffee
151.1,57.9,60,19.9,69.8,6.5,2110.2,20.9,50.3,Coffee
120.9,87.4,133.7,30,79.5,6.13,1618.4,21.2,50.1,Coffee
149.3,86.7,83.1,18.8,74.4,6,1910.4,21.2,49.3,Coffee
87.9,45.3,105.4,25.4,90,6,1688.9,24.9,44.1,Coffee
139.3,46,132.5,24.7,70.5,6.5,1814.9,18,62.7,Coffee
115,95.8,60,18,77.6,6.5,1452,23.1,55.3,Coffee
93.9,106.8,148.2,21.3,81.4,6.5,2087.4,21.9,44,Coffee
120,62.6,139.6,30,66,6.5,1887.5,20.5,57.9,Coffee
137.8,118.9,132.1,24,66.9,6.5,1490.6,24.8,50.5,Coffee
153,65.3,100.3,20.7,71.3,6.28,1749.9,20.8,65.1,Coffee
125.5,95.4,86.9,21.2,68.3,6.5,1526,21.1,49.1,Coffee
148,92.5,167.6,23.4,60,6.48,1845.1,19.8,43.3,Coffee
99.2,94.5,124.1,23.8,77,6.27,2074.3,18.3,54.1,Coffee
114.1,76.6,118.9,26.9,75.1,6.38,1692.6,17.4,50.6,Coffee
121.5,93.9,90.1,15.3,77.5,6.22,1697.9,22,40.9,Coffee
113.2,62.5,109.6,20.4,75,6.5,1767.3,23.7,64.1,Coffee
128.4,80.8,141,22.6,77.8,6.5,1667.9,25.9,52.2,Coffee
97.1,83.2,141.9,15,78.8,6.48,1850.4,19.4,46.1,Coffee
128.1,64.5,149,21.5,77.4,6.5,1755.7,19.7,56,Coffee
102.4,68.5,100.4,18.6,67.7,6.5,1533.2,20.7,40,Coffee
117.3,58.6,89,21.4,77.9,6.41,1981.2,25.9,58.3,Coffee
120.8,65.6,143.1,23.8,82.3,6.5,1512.3,23.2,58.6,Coffee
138.8,112.5,108.3,16.2,78.1,6,1857.2,21.4,60.4,Coffee
89.8,68.8,141.5,18.7,72,6.5,1794.5,21.6,55,Coffee
120.3,65.5,114.6,19,69.9,6.05,1631.8,28,51.8,Coffee
131.2,50.5,89,22.5,79.4,6.5,1721.9,22.6,43.8,Coffee
80,97,95,23.6,76.3,6.31,2042.1,16.5,42.8,Coffee
111.4,82.9,88.5,20.9,74.4,6,1701.4,22.6,75.4,Coffee
81.6,96.3,80.9,19.9,72.6,6.5,1647.6,19.8,38.9,Coffee
119.7,67,152.9,21.7,73.6,6.29,1632.4,15,65.7,Coffee
111.4,87.2,137.3,21.7,76.1,6,1787.6,17.3,49.1,Coffee
131.1,70.4,80.7,23.1,67.2,6,1819.2,23.6,43.1,Coffee
100.6,75.7,153.1,23.5,73.9,6.14,1659.3,28,33,Coffee
117.8,63.6,126.5,18.2,76.1,6.11,1979.4,22.3,48.1,Coffee
139.8,82.5,100.5,19.4,78.9,6.46,1729.5,24.3,47,Coffee
111,71.6,129.3,24.2,73.1,6.5,1777.9,21.5,55.3,Coffee
136.2,48.6,79.7,19.5,72.6,6.41,1798.8,22.1,51.3,Coffee
129.4,73.4,100.5,28.5,73.8,6.11,1590.6,17.2,54.4,Coffee
143.9,78,147.2,24.5,67.6,6.5,1890.7,23.3,41.2,Coffee
124.7,88.5,140.7,28.1,77.4,6.44,1880.3,22.3,46.4,Coffee
124.3,79.7,71.2,15,60,6.5,1962,20.6,46.4,Coffee
80,73.2,159.7,15.8,74.9,6,1737.3,23.7,30,Coffee
91.8,66,108.5,19.6,66.3,6.35,1572.2,21.1,37.5,Coffee
156.8,75.3,125.2,23.5,70.7,6.5,1829,18.5,36.7,Coffee
127.1,71.4,134.9,23.2,76.9,6.12,1425.1,18.3,56.1,Coffee
152.3,53.1,71.1,19.7,72.7,6.39,2025.9,24.8,56.7,Coffee
80,113.6,118.2,19.4,78.9,6.5,1815.7,26.8,41.1,Coffee
139,107.7,144.1,17.4,72.5,6,2016.7,21.6,38.9,Coffee
165.3,106.5,141.5,19.6,76.3,6,1850.3,20.7,44.2,Coffee
102.5,36.8,121.6,22.4,72,6.27,1750.8,21.6,59.3,Coffee
89.9,91.6,124.2,28.2,67.7,6,1753.1,17.4,55.9,Coffee
117.1,83.6,116.4,24.4,78.4,6.06,1803.2,21,48.2,Coffee
121,97.1,101.1,25.2,75.7,6,1294.3,24.5,49.4,Coffee
111.3,67.2,111,17.3,69.4,6.08,1626.3,18.6,74.2,Coffee
108,71.3,116.2,25,75.9,6.5,1561.1,21.9,30,Coffee
115.2,112,99.3,23.4,74.9,6,1838.7,28,62.4,Coffee
111.1,56.8,109.2,17.1,78.3,6.41,1810.3,18.1,45.5,Coffee
116.5,53.1,150.7,24.9,81.6,6.1,1781.4,24.9,51.6,Coffee
128.7,99.7,99.1,21.3,77.5,6.14,1857.4,21.4,43.2,Coffee
96.7,124.3,94.3,22.8,75,6.5,1603.6,20.7,30,Coffee
96,68.7,70.1,21.3,67.3,6.19,1782.4,21.3,64.4,Coffee
80,111.1,123.2,21.5,75.5,6,1516.5,18.9,65.2,Coffee
122.6,48.5,150.1,23.8,79.4,6.41,1566,20.6,66.3,Coffee
105.7,56.5,99.6,16.8,71.7,6.5,1868.2,19.6,30.3,Coffee
114,68.7,97.6,25.6,65.5,6.03,1966.3,26.3,48.1,Coffee
151.9,84.3,162.8,24.5,72.1,6.25,1879.2,20.5,57.9,Coffee
122.1,53.7,163.6,21.4,81.6,6.33,1343.9,24.7,42.7,Coffee
108.5,90.9,115.5,22,73.2,6.44,1322,25.2,55.2,Coffee
143,54,112.6,21.8,73.6,6,1879.9,21.4,47.1,Coffee
107.1,71.9,198.4,22.1,72.7,6.5,2037.8,25,49.5,Coffee
88.5,79.9,129,21.5,75.5,6,1826,23.8,60,Coffee
171.2,63.2,131.8,23,73.9,6,1725.8,25.3,80,Coffee
124.8,86.8,130.7,21.3,70.1,6.16,1876,19.9,48.8,Coffee
161.4,72,136.8,23.1,81.3,6,1730.6,25.8,51.3,Coffee
100.3,102.6,195.8,26.2,78,6,1396.5,15.9,51.2,Coffee
104.6,88.3,104.9,19.4,79.8,6.5,1602.7,20.1,49.7,Coffee
114.8,84.3,99.2,17.1,71,6.5,1587.6,17.8,47,Coffee
122.6,78,126.1,15.6,74.8,6,1852.1,22.2,38,Coffee
124.2,62.4,137.6,20.2,75.9,6,1481.8,25.6,40.6,Coffee
134.8,60.3,140.4,24.1,70.2,6.01,1574.9,22,45.7,Coffee
92.1,59.4,129.3,24.1,69.9,6,1666.5,23.7,80,Coffee
130,72,100.7,19.9,73.9,6.42,1232.2,23.2,51.5,Coffee
94.6,77.4,151.5,19.8,70.6,6,1615.3,20.4,58.1,Coffee
88,76,199.9,20,77.6,6.47,1432.2,16.6,33.2,Coffee
148.5,92.6,101.4,21.2,74,6.5,1955,22.5,51.1,Coffee
107.3,53.2,122,21.6,71.9,6.5,1201.7,20.4,55,Coffee
128.8,101.8,173.3,25.1,72.7,6,1741.4,26,53.3,Coffee
105.6,102.8,142.2,30,72.1,6,1665.3,24.5,46.4,Coffee
101.2,107,131.2,21.5,70.2,6.5,1200.4,20.9,36.3,Coffee
137.1,67,145.4,20.3,71.4,6,1416,18.4,46.9,Coffee
117.2,69.8,137.6,25.3,73.8,6.16,1729.6,16.7,60.3,Coffee
133.9,68.1,183.3,21.6,79,6.5,1587.9,27,47.1,Coffee
200,67.6,69.6,15.2,73.1,6.5,1835.9,22.7,46.2,Coffee
107.9,51.9,133.7,24.5,72.1,6,2029.5,17.8,57.7,Coffee
97.2,47.3,146.1,23.8,73.6,6.5,1818.8,22.5,39.5,Coffee
121.7,91.6,149.1,19.3,81.7,6.5,1698.9,19.2,48.8,Coffee
161.6,57.3,142.3,16.9,80,6,1677.5,19.9,48.4,Coffee
97.2,117.3,115.4,25,77.3,6.5,1547.6,25.4,38.8,Coffee
126.3,54.2,123.2,15.4,82.2,6.2,1769.2,15.7,48.2,Coffee
102.1,66.3,151.7,24.2,80.2,6.41,1453,21,40.3,Coffee
123.2,60.4,104.3,25.1,81.5,6.17,1557.2,22.7,60.4,Coffee
137,66.4,134.8,26.6,79.1,6.5,1374,28,48.3,Coffee
126,81.5,138,23.1,69.3,6,1612.8,23.3,32.5,Coffee
138.5,108,82.7,22.5,63.6,6.5,1841.5,21.6,58,Coffee
119.9,66.2,80.9,26.3,78.6,6.5,1601.3,21.3,58.4,Coffee
148.4,63.3,130.9,25.9,79.6,6.08,1879.1,25.6,54.9,Coffee
96.9,121.7,123,28,68.7,6.5,1711.7,24.9,46.9,Coffee
103.5,103.3,137.1,21.4,73.3,6.38,1598.8,19.5,57.5,Coffee
110.7,83.3,71.6,18.9,74.5,6.5,1458.3,19,43.6,Coffee
123.2,56.5,89.1,20.8,81.8,6.37,2068.1,18.4,56.9,Coffee
116.8,73.8,127.9,19.7,74.1,6.5,1884.5,23.9,34.8,Coffee
115.6,56.1,115.6,22,62,6.5,1465.9,16.9,46.9,Coffee
148.2,82.9,133.8,19.2,69.3,6.17,1708.8,21.6,36.9,Coffee
123.9,101.5,153.4,20.1,71.1,6.22,1543.7,28,51.3,Coffee
149.8,62.7,143.4,19.8,63.5,6.5,1459.2,28,54.9,Coffee
138.3,83.5,109.5,20.7,72.1,6.19,1951.5,21.6,30,Coffee
80,132.2,123.3,25.2,75.5,6.46,1935.6,18,57.8,Coffee
112.5,104.7,142.8,21.7,71.7,6.5,1552.5,22,50.8,Coffee
153.5,129.9,125.9,26.3,77,6,1528.6,17.8,38.9,Coffee
99.4,92.3,113.3,16.9,72.6,6.02,1843.4,18.7,36.4,Coffee
93.3,83.5,115.2,21,79.6,6.5,1483.8,22.7,60.3,Coffee
96.1,41.4,134.3,21.8,70.7,6.5,1848.1,21.9,44.8,Coffee
100,68.2,72.8,17.3,90,6.19,1817.9,17.9,61.3,Coffee
124.1,83.3,141.6,21.7,75.6,6.29,1930.7,23.5,51.7,Coffee
133.1,53.9,101.8,24.4,69.7,6.5,1314.8,19.3,57.3,Coffee
148.9,93.9,84.7,19.1,70.7,6.5,1751.9,22.8,39.2,Coffee
94.9,75.3,166.2,24.8,78.3,6.5,1683.8,22,48.3,Coffee
128,117.3,89.3,19.2,90,6.5,1717.9,26,57.1,Coffee
141.3,37.2,82.5,21.5,90,6.5,1510.4,26.9,53.3,Coffee
122.1,95,106.8,21,68.4,6.5,1810.6,24.6,55.2,Coffee
95.4,84.2,116.8,22.2,76,6.5,1782.7,22.3,30,Coffee
113.5,80.9,145.3,20.1,80.7,6.5,2009.5,23.1,51.6,Coffee
115.8,102.7,136.2,19.5,71.5,6.5,2102.9,15,62,Coffee
108.1,88.1,95.9,19.6,74.4,6.5,1952,22.9,58.1,Coffee
117.9,73.1,122.9,18.3,80.3,6,1645.3,19.7,30,Coffee
107.5,72.4,138.3,23.2,60,6,1516.8,17.2,40.3,Coffee
143.3,83.2,120.6,21.8,75.7,6.5,1641.3,17.9,49,Coffee
106.1,98.2,146,24.2,74.5,6.38,1547.1,15.5,41.2,Coffee
133.6,75.3,74.5,21,73.8,6.27,1404.3,19.4,69.6,Coffee
95.1,107.4,167.2,21.9,72.9,6.5,1262.3,20,46.1,Coffee
113.2,80.1,131.4,15,68.8,6.5,2113.5,17.6,44.9,Coffee
125.5,102.9,103.6,22.1,69.3,6.22,1560.4,22.3,40.4,Coffee
98.2,71.8,145.7,20.6,72.3,6.4,1838.6,22.9,45.6,Coffee